id,dwelling,hhSize,autos
1,1,2,0
2,2,1,2
3,3,3,1
4,4,2,0
5,5,3,2
6,6,3,1
7,7,1,0
8,8,2,1
9,9,2,2
10,10,3,0
11,11,2,1
12,12,2,0
13,13,2,1
14,14,1,2
15,15,1,0
16,16,1,1
17,17,1,1
18,18,1,0
19,19,1,1
20,20,2,1
21,21,1,1
22,22,3,2
23,23,1,2
24,24,2,0
25,25,2,0
26,26,3,0
27,27,2,2
28,28,3,1
29,29,2,2
30,30,3,2
31,31,3,0
32,32,3,2
33,33,2,0
34,34,1,2
35,35,1,1
36,36,1,0
37,37,1,0
38,38,3,1
39,39,1,0
40,40,3,2
41,41,1,2
42,42,2,0
43,43,3,2
44,44,3,0
45,45,1,1
46,46,1,0
47,47,2,2
48,48,1,2
49,49,3,0
50,50,1,0
51,51,2,2
52,52,1,2
53,53,1,1
54,54,1,1
55,55,2,0
56,56,1,2
57,57,3,0
58,58,3,0
59,59,3,0
60,60,2,1
61,61,3,0
62,62,3,0
63,63,3,0
64,64,1,0
65,65,2,0
66,66,1,1
67,67,2,0
68,68,1,1
69,69,1,1
70,70,1,1
71,71,2,0
72,72,1,1
73,73,1,1
74,74,3,1
75,75,2,2
76,76,1,0
77,77,1,0
78,78,2,1
79,79,1,2
80,80,2,0
81,81,2,2
82,82,3,0
83,83,3,1
84,84,2,0
85,85,1,1
86,86,3,0
87,87,3,2
88,88,2,0
89,89,1,2
90,90,1,1
91,91,2,1
92,92,3,0
93,93,2,0
94,94,3,2
95,95,1,1
96,96,3,1
97,97,1,1
98,98,3,2
99,99,3,2
100,100,3,2
101,101,2,2
102,102,1,1
103,103,2,1
104,104,3,0
105,105,2,2
106,106,2,0
107,107,3,2
108,108,1,1
109,109,3,2
110,110,3,2
111,111,2,0
112,112,2,2
113,113,3,2
114,114,1,2
115,115,1,1
116,116,3,1
117,117,1,2
118,118,3,1
119,119,2,1
120,120,2,2
121,121,3,2
122,122,1,1
123,123,1,2
124,124,1,1
125,125,2,0
126,126,1,2
127,127,1,2
128,128,3,1
129,129,3,0
130,130,1,0
131,131,2,2
132,132,3,0
133,133,1,0
134,134,1,2
135,135,1,0
136,136,1,0
137,137,2,0
138,138,2,2
139,139,1,1
140,140,1,1
141,141,1,1
142,142,1,1
143,143,1,0
144,144,1,1
145,145,2,1
146,146,2,2
147,147,3,2
148,148,1,0
149,149,1,0
150,150,1,2
151,151,3,0
152,152,1,1
153,153,2,1
154,154,2,0
155,155,2,2
156,156,3,0
157,157,2,2
158,158,3,0
159,159,1,2
160,160,3,2
161,161,2,1
162,162,3,2
163,163,3,2
164,164,3,2
165,165,1,0
166,166,1,0
167,167,3,2
168,168,1,1
169,169,1,0
170,170,3,1
171,171,1,0
172,172,1,1
173,173,3,2
174,174,1,0
175,175,1,2
176,176,1,1
177,177,2,1
178,178,3,2
179,179,1,0
180,180,3,1
181,181,1,0
182,182,1,0
183,183,3,0
184,184,2,1
185,185,1,1
186,186,3,1
187,187,2,1
188,188,3,2
189,189,2,2
190,190,3,2
191,191,3,0
192,192,1,0
193,193,1,2
194,194,1,0
195,195,1,2
196,196,1,0
197,197,3,0
198,198,1,0
199,199,1,1
200,200,1,2
201,201,1,0
202,202,2,2
203,203,2,2
204,204,3,1
205,205,3,1
206,206,2,2
207,207,3,0
208,208,2,1
209,209,3,0
210,210,1,2
211,211,1,1
212,212,1,1
213,213,3,0
214,214,3,0
215,215,3,2
216,216,1,1
217,217,3,0
218,218,1,0
219,219,1,2
220,220,1,2
221,221,1,0
222,222,3,2
223,223,3,0
224,224,3,1
225,225,3,0
226,226,3,0
227,227,3,1
228,228,1,0
229,229,1,1
230,230,3,0
231,231,1,1
232,232,1,1
233,233,2,1
234,234,1,2
235,235,3,0
236,236,2,0
237,237,3,0
238,238,2,1
239,239,1,1
240,240,3,0
241,241,2,0
242,242,3,1
243,243,2,1
244,244,1,1
245,245,1,0
246,246,3,0
247,247,1,2
248,248,1,0
249,249,3,0
250,250,1,0
251,251,1,1
252,252,3,1
253,253,1,2
254,254,3,0
255,255,2,1
256,256,1,1
257,257,1,0
258,258,1,1
259,259,2,2
260,260,2,1
261,261,1,1
262,262,2,1
263,263,1,0
264,264,1,1
265,265,2,1
266,266,1,2
267,267,3,2
268,268,1,0
269,269,1,0
270,270,1,0
271,271,3,0
272,272,3,1
273,273,2,2
274,274,1,0
275,275,3,2
276,276,3,0
277,277,1,1
278,278,1,2
279,279,3,1
280,280,1,2
281,281,3,0
282,282,1,0
283,283,1,2
284,284,2,2
285,285,1,2
286,286,1,1
287,287,1,0
288,288,2,0
289,289,2,0
290,290,3,2
291,291,1,0
292,292,3,1
293,293,1,0
294,294,2,2
295,295,3,1
296,296,1,2
297,297,3,2
298,298,3,0
299,299,2,2
300,300,1,1
301,301,2,0
302,302,1,2
303,303,3,1
304,304,2,0
305,305,3,2
306,306,3,1
307,307,1,0
308,308,2,1
309,309,2,2
310,310,3,0
311,311,2,0
312,312,1,2
313,313,3,1
314,314,2,0
315,315,3,2
316,316,3,1
317,317,1,0
318,318,2,1
319,319,2,2
320,320,3,0
321,321,2,0
322,322,1,2
323,323,3,1
324,324,2,0
325,325,3,2
326,326,3,1
327,327,1,0
328,328,2,1
329,329,2,2
330,330,3,0
331,331,2,0
332,332,1,2
333,333,3,1
334,334,2,0
335,335,3,2
336,336,3,1
337,337,1,0
338,338,2,1
339,339,2,2
340,340,3,0
341,341,2,0
342,342,1,2
343,343,3,1
344,344,2,0
345,345,3,2
346,346,3,1
347,347,1,0
348,348,2,1
349,349,2,2
350,350,3,0
351,351,2,0
352,352,1,2
353,353,3,1
354,354,2,0
355,355,3,2
356,356,3,1
357,357,1,0
358,358,2,1
359,359,2,2
360,360,3,0
361,361,2,0
362,362,1,2
363,363,3,1
364,364,2,0
365,365,3,2
366,366,3,1
367,367,1,0
368,368,2,1
369,369,2,2
370,370,3,0
371,371,2,1
372,372,2,0
373,373,2,1
374,374,1,2
375,375,1,0
376,376,1,1
377,377,1,1
378,378,1,0
379,379,1,1
380,380,2,1
381,381,1,1
382,382,3,2
383,383,1,2
384,384,2,0
385,385,2,0
386,386,3,0
387,387,2,2
388,388,3,1
389,389,2,2
390,390,3,2
391,391,3,0
392,392,3,2
393,393,2,0
394,394,1,2
395,395,1,1
396,396,1,0
397,397,1,0
398,398,3,1
399,399,1,0
400,400,3,2
401,401,1,2
402,402,2,0
403,403,3,2
404,404,3,0
405,405,1,1
406,406,1,0
407,407,2,2
408,408,1,2
409,409,3,0
410,410,1,0
411,411,2,2
412,412,1,2
413,413,1,1
414,414,1,1
415,415,2,0
416,416,1,2
417,417,3,0
418,418,3,0
419,419,3,0
420,420,2,1
421,421,3,0
422,422,3,0
423,423,3,0
424,424,1,0
425,425,2,0
426,426,1,1
427,427,2,0
428,428,1,1
429,429,1,1
430,430,1,1
431,431,2,0
432,432,1,1
433,433,1,1
434,434,3,1
435,435,2,2
436,436,1,0
437,437,1,0
438,438,2,1
439,439,1,2
440,440,2,0
441,441,2,2
442,442,3,0
443,443,3,1
444,444,2,0
445,445,1,1
446,446,3,0
447,447,3,2
448,448,2,0
449,449,1,2
450,450,1,1
451,451,2,1
452,452,3,0
453,453,2,0
454,454,3,2
455,455,1,1
456,456,3,1
457,457,1,1
458,458,3,2
459,459,3,2
460,460,3,2
461,461,2,2
462,462,1,1
463,463,2,1
464,464,3,0
465,465,2,2
466,466,2,0
467,467,3,2
468,468,1,1
469,469,3,2
470,470,3,2
471,471,2,0
472,472,2,2
473,473,3,2
474,474,1,2
475,475,1,1
476,476,3,1
477,477,1,2
478,478,3,1
479,479,2,1
480,480,2,2
481,481,3,2
482,482,1,1
483,483,1,2
484,484,1,1
485,485,2,0
486,486,1,2
487,487,1,2
488,488,3,1
489,489,3,0
490,490,1,0
491,491,2,2
492,492,3,0
493,493,1,0
494,494,1,2
495,495,1,0
496,496,1,0
497,497,2,0
498,498,2,2
499,499,1,1
500,500,1,1
501,501,1,1
502,502,1,1
503,503,1,0
504,504,1,1
505,505,2,1
506,506,2,2
507,507,3,2
508,508,1,0
509,509,1,0
510,510,1,2
511,511,3,0
512,512,1,1
513,513,2,1
514,514,2,0
515,515,2,2
516,516,3,0
517,517,2,2
518,518,3,0
519,519,1,2
520,520,3,2
521,521,2,1
522,522,3,2
523,523,3,2
524,524,3,2
525,525,1,0
526,526,1,0
527,527,3,2
528,528,1,1
529,529,1,0
530,530,3,1
531,531,1,0
532,532,1,1
533,533,3,2
534,534,1,0
535,535,1,2
536,536,1,1
537,537,2,1
538,538,3,2
539,539,1,0
540,540,3,1
541,541,1,0
542,542,1,0
543,543,3,0
544,544,2,1
545,545,1,1
546,546,3,1
547,547,2,1
548,548,3,2
549,549,2,2
550,550,3,2
551,551,3,0
552,552,1,0
553,553,1,2
554,554,1,0
555,555,1,2
556,556,1,0
557,557,3,0
558,558,1,0
559,559,1,1
560,560,1,2
561,561,1,0
562,562,2,2
563,563,2,2
564,564,3,1
565,565,3,1
566,566,2,2
567,567,3,0
568,568,2,1
569,569,3,0
570,570,1,2
571,571,1,1
572,572,1,1
573,573,3,0
574,574,3,0
575,575,3,2
576,576,1,1
577,577,3,0
578,578,1,0
579,579,1,2
580,580,1,2
581,581,1,0
582,582,3,2
583,583,3,0
584,584,3,1
585,585,3,0
586,586,3,0
587,587,3,1
588,588,1,0
589,589,1,1
590,590,3,0
591,591,1,1
592,592,1,1
593,593,2,1
594,594,1,2
595,595,3,0
596,596,2,0
597,597,3,0
598,598,2,1
599,599,1,1
600,600,3,0
601,601,2,0
602,602,3,1
603,603,2,1
604,604,1,1
605,605,1,0
606,606,3,0
607,607,1,2
608,608,1,0
609,609,3,0
610,610,1,0
611,611,1,1
612,612,3,1
613,613,1,2
614,614,3,0
615,615,2,1
616,616,1,1
617,617,1,0
618,618,1,1
619,619,2,2
620,620,2,1
621,621,1,1
622,622,2,1
623,623,1,0
624,624,1,1
625,625,2,1
626,626,1,2
627,627,3,2
628,628,1,0
629,629,1,0
630,630,1,0
631,631,3,0
632,632,3,1
633,633,2,2
634,634,1,0
635,635,3,2
636,636,3,0
637,637,1,1
638,638,1,2
639,639,3,1
640,640,1,2
641,641,3,0
642,642,1,0
643,643,1,2
644,644,2,2
645,645,1,2
646,646,1,1
647,647,1,0
648,648,2,0
649,649,2,0
650,650,3,2
651,651,1,0
652,652,3,1
653,653,1,0
654,654,2,2
655,655,3,1
656,656,1,2
657,657,3,2
658,658,3,0
659,659,2,2
660,660,1,1
661,661,2,0
662,662,1,2
663,663,3,1
664,664,2,0
665,665,3,2
666,666,3,1
667,667,1,0
668,668,2,1
669,669,2,2
670,670,3,0
671,671,2,0
672,672,1,2
673,673,3,1
674,674,2,0
675,675,3,2
676,676,3,1
677,677,1,0
678,678,2,1
679,679,2,2
680,680,3,0
681,681,2,0
682,682,1,2
683,683,3,1
684,684,2,0
685,685,3,2
686,686,3,1
687,687,1,0
688,688,2,1
689,689,2,2
690,690,3,0
691,691,2,0
692,692,1,2
693,693,3,1
694,694,2,0
695,695,3,2
696,696,3,1
697,697,1,0
698,698,2,1
699,699,2,2
700,700,3,0
701,701,2,1
702,702,2,0
703,703,2,1
704,704,1,2
705,705,1,0
706,706,1,1
707,707,1,1
708,708,1,0
709,709,1,1
710,710,2,1
711,711,1,1
712,712,3,2
713,713,1,2
714,714,2,0
715,715,2,0
716,716,3,0
717,717,2,2
718,718,3,1
719,719,2,2
720,720,3,2
721,721,3,0
722,722,3,2
723,723,2,0
724,724,1,2
725,725,1,1
726,726,1,0
727,727,1,0
728,728,3,1
729,729,1,0
730,730,3,2
731,731,1,2
732,732,2,0
733,733,3,2
734,734,3,0
735,735,1,1
736,736,1,0
737,737,2,2
738,738,1,2
739,739,3,0
740,740,1,0
741,741,2,2
742,742,1,2
743,743,1,1
744,744,1,1
745,745,2,0
746,746,1,2
747,747,3,0
748,748,3,0
749,749,3,0
750,750,2,1
751,751,3,0
752,752,3,0
753,753,3,0
754,754,1,0
755,755,2,0
756,756,1,1
757,757,2,0
758,758,1,1
759,759,1,1
760,760,1,1
761,761,2,0
762,762,1,1
763,763,1,1
764,764,3,1
765,765,2,2
766,766,1,0
767,767,1,0
768,768,2,1
769,769,1,2
770,770,2,0
771,771,2,2
772,772,3,0
773,773,3,1
774,774,2,0
775,775,1,1
776,776,3,0
777,777,3,2
778,778,2,0
779,779,1,2
780,780,1,1
781,781,2,1
782,782,3,0
783,783,2,0
784,784,3,2
785,785,1,1
786,786,3,1
787,787,1,1
788,788,3,2
789,789,3,2
790,790,3,2
791,791,2,2
792,792,1,1
793,793,2,1
794,794,3,0
795,795,2,2
796,796,2,0
797,797,3,2
798,798,1,1
799,799,3,2
800,800,3,2
801,801,2,0
802,802,2,2
803,803,3,2
804,804,1,2
805,805,1,1
806,806,3,1
807,807,1,2
808,808,3,1
809,809,2,1
810,810,2,2
811,811,3,2
812,812,1,1
813,813,1,2
814,814,1,1
815,815,2,0
816,816,1,2
817,817,1,2
818,818,3,1
819,819,3,0
820,820,1,0
821,821,2,2
822,822,3,0
823,823,1,0
824,824,1,2
825,825,1,0
826,826,1,0
827,827,2,0
828,828,2,2
829,829,1,1
830,830,1,1
831,831,1,1
832,832,1,1
833,833,1,0
834,834,1,1
835,835,2,1
836,836,2,2
837,837,3,2
838,838,1,0
839,839,1,0
840,840,1,2
841,841,3,0
842,842,1,1
843,843,2,1
844,844,2,0
845,845,2,2
846,846,3,0
847,847,2,2
848,848,3,0
849,849,1,2
850,850,3,2
851,851,2,1
852,852,3,2
853,853,3,2
854,854,3,2
855,855,1,0
856,856,1,0
857,857,3,2
858,858,1,1
859,859,1,0
860,860,3,1
861,861,1,0
862,862,1,1
863,863,3,2
864,864,1,0
865,865,1,2
866,866,1,1
867,867,2,1
868,868,3,2
869,869,1,0
870,870,3,1
871,871,1,0
872,872,1,0
873,873,3,0
874,874,2,1
875,875,1,1
876,876,3,1
877,877,2,1
878,878,3,2
879,879,2,2
880,880,3,2
881,881,3,0
882,882,1,0
883,883,1,2
884,884,1,0
885,885,1,2
886,886,1,0
887,887,3,0
888,888,1,0
889,889,1,1
890,890,1,2
891,891,1,0
892,892,2,2
893,893,2,2
894,894,3,1
895,895,3,1
896,896,2,2
897,897,3,0
898,898,2,1
899,899,3,0
900,900,1,2
901,901,1,1
902,902,1,1
903,903,3,0
904,904,3,0
905,905,3,2
906,906,1,1
907,907,3,0
908,908,1,0
909,909,1,2
910,910,1,2
911,911,1,0
912,912,3,2
913,913,3,0
914,914,3,1
915,915,3,0
916,916,3,0
917,917,3,1
918,918,1,0
919,919,1,1
920,920,3,0
921,921,1,1
922,922,1,1
923,923,2,1
924,924,1,2
925,925,3,0
926,926,2,0
927,927,3,0
928,928,2,1
929,929,1,1
930,930,3,0
931,931,2,0
932,932,3,1
933,933,2,1
934,934,1,1
935,935,1,0
936,936,3,0
937,937,1,2
938,938,1,0
939,939,3,0
940,940,1,0
941,941,1,1
942,942,3,1
943,943,1,2
944,944,3,0
945,945,2,1
946,946,1,1
947,947,1,0
948,948,1,1
949,949,2,2
950,950,2,1
951,951,1,1
952,952,2,1
953,953,1,0
954,954,1,1
955,955,2,1
956,956,1,2
957,957,3,2
958,958,1,0
959,959,1,0
960,960,1,0
961,961,3,0
962,962,3,1
963,963,2,2
964,964,1,0
965,965,3,2
966,966,3,0
967,967,1,1
968,968,1,2
969,969,3,1
970,970,1,2
971,971,3,0
972,972,1,0
973,973,1,2
974,974,2,2
975,975,1,2
976,976,1,1
977,977,1,0
978,978,2,0
979,979,2,0
980,980,3,2
981,981,1,0
982,982,3,1
983,983,1,0
984,984,2,2
985,985,3,1
986,986,1,2
987,987,3,2
988,988,3,0
989,989,2,2
990,990,1,1
991,991,2,0
992,992,1,2
993,993,3,1
994,994,2,0
995,995,3,2
996,996,3,1
997,997,1,0
998,998,2,1
999,999,2,2
1000,1000,3,0
1001,1001,2,1
1002,1002,2,0
1003,1003,2,1
1004,1004,1,2
1005,1005,1,0
1006,1006,1,1
1007,1007,1,1
1008,1008,1,0
1009,1009,1,1
1010,1010,2,1
1011,1011,1,1
1012,1012,3,2
1013,1013,1,2
1014,1014,2,0
1015,1015,2,0
1016,1016,3,0
1017,1017,2,2
1018,1018,3,1
1019,1019,2,2
1020,1020,3,2
1021,1021,3,0
1022,1022,3,2
1023,1023,2,0
1024,1024,1,2
1025,1025,1,1
1026,1026,1,0
1027,1027,1,0
1028,1028,3,1
1029,1029,1,0
1030,1030,3,2
1031,1031,1,2
1032,1032,2,0
1033,1033,3,2
1034,1034,3,0
1035,1035,1,1
1036,1036,1,0
1037,1037,2,2
1038,1038,1,2
1039,1039,3,0
1040,1040,1,0
1041,1041,2,2
1042,1042,1,2
1043,1043,1,1
1044,1044,1,1
1045,1045,2,0
1046,1046,1,2
1047,1047,3,0
1048,1048,3,0
1049,1049,3,0
1050,1050,2,1
1051,1051,3,0
1052,1052,3,0
1053,1053,3,0
1054,1054,1,0
1055,1055,2,0
1056,1056,1,1
1057,1057,2,0
1058,1058,1,1
1059,1059,1,1
1060,1060,1,1
1061,1061,2,0
1062,1062,1,1
1063,1063,1,1
1064,1064,3,1
1065,1065,2,2
1066,1066,1,0
1067,1067,1,0
1068,1068,2,1
1069,1069,1,2
1070,1070,2,0
1071,1071,2,2
1072,1072,3,0
1073,1073,3,1
1074,1074,2,0
1075,1075,1,1
1076,1076,3,0
1077,1077,3,2
1078,1078,2,0
1079,1079,1,2
1080,1080,1,1
1081,1081,2,1
1082,1082,3,0
1083,1083,2,0
1084,1084,3,2
1085,1085,1,1
1086,1086,3,1
1087,1087,1,1
1088,1088,3,2
1089,1089,3,2
1090,1090,3,2
1091,1091,2,2
1092,1092,1,1
1093,1093,2,1
1094,1094,3,0
1095,1095,2,2
1096,1096,2,0
1097,1097,3,2
1098,1098,1,1
1099,1099,3,2
1100,1100,3,2
1101,1101,2,0
1102,1102,2,2
1103,1103,3,2
1104,1104,1,2
1105,1105,1,1
1106,1106,3,1
1107,1107,1,2
1108,1108,3,1
1109,1109,2,1
1110,1110,2,2
1111,1111,3,2
1112,1112,1,1
1113,1113,1,2
1114,1114,1,1
1115,1115,2,0
1116,1116,1,2
1117,1117,1,2
1118,1118,3,1
1119,1119,3,0
1120,1120,1,0
1121,1121,2,2
1122,1122,3,0
1123,1123,1,0
1124,1124,1,2
1125,1125,1,0
1126,1126,1,0
1127,1127,2,0
1128,1128,2,2
1129,1129,1,1
1130,1130,1,1
1131,1131,1,1
1132,1132,1,1
1133,1133,1,0
1134,1134,1,1
1135,1135,2,1
1136,1136,2,2
1137,1137,3,2
1138,1138,1,0
1139,1139,1,0
1140,1140,1,2
1141,1141,3,0
1142,1142,1,1
1143,1143,2,1
1144,1144,2,0
1145,1145,2,2
1146,1146,3,0
1147,1147,2,2
1148,1148,3,0
1149,1149,1,2
1150,1150,3,2
1151,1151,2,1
1152,1152,3,2
1153,1153,3,2
1154,1154,3,2
1155,1155,1,0
1156,1156,1,0
1157,1157,3,2
1158,1158,1,1
1159,1159,1,0
1160,1160,3,1
1161,1161,1,0
1162,1162,1,1
1163,1163,3,2
1164,1164,1,0
1165,1165,1,2
1166,1166,1,1
1167,1167,2,1
1168,1168,3,2
1169,1169,1,0
1170,1170,3,1
1171,1171,1,0
1172,1172,1,0
1173,1173,3,0
1174,1174,2,1
1175,1175,1,1
1176,1176,3,1
1177,1177,2,1
1178,1178,3,2
1179,1179,2,2
1180,1180,3,2
1181,1181,3,0
1182,1182,1,0
1183,1183,1,2
1184,1184,1,0
1185,1185,1,2
1186,1186,1,0
1187,1187,3,0
1188,1188,1,0
1189,1189,1,1
1190,1190,1,2
1191,1191,1,0
1192,1192,2,2
1193,1193,2,2
1194,1194,3,1
1195,1195,3,1
1196,1196,2,2
1197,1197,3,0
1198,1198,2,1
1199,1199,3,0
1200,1200,1,2
1201,1201,1,1
1202,1202,1,1
1203,1203,3,0
1204,1204,3,0
1205,1205,3,2
1206,1206,1,1
1207,1207,3,0
1208,1208,1,0
1209,1209,1,2
1210,1210,1,2
1211,1211,1,0
1212,1212,3,2
1213,1213,3,0
1214,1214,3,1
1215,1215,3,0
1216,1216,3,0
1217,1217,3,1
1218,1218,1,0
1219,1219,1,1
1220,1220,3,0
1221,1221,1,1
1222,1222,1,1
1223,1223,2,1
1224,1224,1,2
1225,1225,3,0
1226,1226,2,0
1227,1227,3,0
1228,1228,2,1
1229,1229,1,1
1230,1230,3,0
1231,1231,2,0
1232,1232,3,1
1233,1233,2,1
1234,1234,1,1
1235,1235,1,0
1236,1236,3,0
1237,1237,1,2
1238,1238,1,0
1239,1239,3,0
1240,1240,1,0
1241,1241,1,1
1242,1242,3,1
1243,1243,1,2
1244,1244,3,0
1245,1245,2,1
1246,1246,1,1
1247,1247,1,0
1248,1248,1,1
1249,1249,2,2
1250,1250,2,1
1251,1251,1,1
1252,1252,2,1
1253,1253,1,0
1254,1254,1,1
1255,1255,2,1
1256,1256,1,2
1257,1257,3,2
1258,1258,1,0
1259,1259,1,0
1260,1260,1,0
1261,1261,3,0
1262,1262,3,1
1263,1263,2,2
1264,1264,1,0
1265,1265,3,2
1266,1266,3,0
1267,1267,1,1
1268,1268,1,2
1269,1269,3,1
1270,1270,1,2
1271,1271,3,0
1272,1272,1,0
1273,1273,1,2
1274,1274,2,2
1275,1275,1,2
1276,1276,1,1
1277,1277,1,0
1278,1278,2,0
1279,1279,2,0
1280,1280,3,2
1281,1281,1,0
1282,1282,3,1
1283,1283,1,0
1284,1284,2,2
1285,1285,3,1
1286,1286,1,2
1287,1287,3,2
1288,1288,3,0
1289,1289,2,2
1290,1290,1,1
1291,1291,2,0
1292,1292,2,0
1293,1293,2,2
1294,1294,2,0
1295,1295,1,1
1296,1296,1,1
1297,1297,3,0
1298,1298,1,2
1299,1299,1,1
1300,1300,3,0
1301,1301,1,1
1302,1302,1,0
1303,1303,3,1
1304,1304,1,1
1305,1305,2,1
1306,1306,3,1
1307,1307,2,1
1308,1308,3,0
1309,1309,1,1
1310,1310,1,0
1311,1311,3,2
1312,1312,3,2
1313,1313,3,0
1314,1314,2,1
1315,1315,1,2
1316,1316,1,0
1317,1317,1,2
1318,1318,1,2
1319,1319,1,2
1320,1320,1,0
1321,1321,2,1
1322,1322,1,2
1323,1323,1,2
1324,1324,3,2
1325,1325,3,1
1326,1326,3,0
1327,1327,2,2
1328,1328,3,0
1329,1329,1,1
1330,1330,1,1
1331,1331,2,0
1332,1332,3,0
1333,1333,1,0
1334,1334,2,0
1335,1335,3,0
1336,1336,3,2
1337,1337,3,1
1338,1338,1,2
1339,1339,1,2
1340,1340,1,2
1341,1341,1,1
1342,1342,3,1
1343,1343,2,2
1344,1344,1,2
1345,1345,1,0
1346,1346,3,1
1347,1347,1,0
1348,1348,3,0
1349,1349,1,1
1350,1350,3,1
1351,1351,3,0
1352,1352,2,2
1353,1353,1,0
1354,1354,3,0
1355,1355,3,2
1356,1356,1,2
1357,1357,1,1
1358,1358,3,0
1359,1359,3,1
1360,1360,1,0
1361,1361,1,2
1362,1362,1,1
1363,1363,3,1
1364,1364,1,0
1365,1365,3,0
1366,1366,2,1
1367,1367,1,1
1368,1368,1,1
1369,1369,2,1
1370,1370,1,1
1371,1371,1,1
1372,1372,2,2
1373,1373,1,0
1374,1374,3,1
1375,1375,3,2
1376,1376,2,0
1377,1377,1,0
1378,1378,1,1
1379,1379,1,2
1380,1380,2,0
1381,1381,1,1
1382,1382,3,2
1383,1383,2,1
1384,1384,2,1
1385,1385,1,1
1386,1386,3,2
1387,1387,3,1
1388,1388,1,2
1389,1389,2,0
1390,1390,3,2
1391,1391,1,1
1392,1392,1,2
1393,1393,1,1
1394,1394,2,1
1395,1395,1,0
1396,1396,1,2
1397,1397,1,1
1398,1398,1,0
1399,1399,2,2
1400,1400,2,1
1401,1401,1,2
1402,1402,1,0
1403,1403,3,2
1404,1404,3,0
1405,1405,1,1
1406,1406,2,0
1407,1407,1,1
1408,1408,1,1
1409,1409,1,2
1410,1410,2,2
1411,1411,1,0
1412,1412,1,1
1413,1413,1,2
1414,1414,3,0
1415,1415,1,2
1416,1416,2,1
1417,1417,3,0
1418,1418,3,1
1419,1419,1,2
1420,1420,1,1
1421,1421,3,2
1422,1422,1,0
1423,1423,1,1
1424,1424,3,1
1425,1425,3,2
1426,1426,3,1
1427,1427,1,0
1428,1428,1,0
1429,1429,2,1
1430,1430,1,1
1431,1431,3,0
1432,1432,1,1
1433,1433,1,1
1434,1434,3,1
1435,1435,2,0
1436,1436,1,1
1437,1437,2,2
1438,1438,1,1
1439,1439,1,0
1440,1440,1,1
1441,1441,1,0
1442,1442,2,2
1443,1443,3,1
1444,1444,1,2
1445,1445,3,0
1446,1446,1,1
1447,1447,2,2
1448,1448,3,2
1449,1449,1,0
1450,1450,2,2
1451,1451,1,2
1452,1452,1,1
1453,1453,3,1
1454,1454,1,1
1455,1455,1,0
1456,1456,2,1
1457,1457,2,1
1458,1458,1,1
1459,1459,1,2
1460,1460,1,2
1461,1461,1,2
1462,1462,1,1
1463,1463,1,0
1464,1464,1,1
1465,1465,3,2
1466,1466,3,0
1467,1467,2,2
1468,1468,2,1
1469,1469,2,0
1470,1470,1,0
1471,1471,1,0
1472,1472,1,0
1473,1473,2,0
1474,1474,3,2
1475,1475,3,0
1476,1476,3,0
1477,1477,2,2
1478,1478,1,1
1479,1479,1,1
1480,1480,2,1
1481,1481,1,2
1482,1482,3,1
1483,1483,3,1
1484,1484,1,0
1485,1485,3,1
1486,1486,3,2
1487,1487,2,1
1488,1488,3,1
1489,1489,3,1
1490,1490,1,2
1491,1491,1,0
1492,1492,3,2
1493,1493,3,0
1494,1494,3,2
1495,1495,1,2
1496,1496,1,2
1497,1497,1,2
1498,1498,3,2
1499,1499,1,0
1500,1500,1,1
1501,1501,1,2
1502,1502,1,2
1503,1503,3,2
1504,1504,1,0
1505,1505,3,0
1506,1506,1,2
1507,1507,1,2
1508,1508,3,2
1509,1509,3,0
1510,1510,1,1
1511,1511,2,0
1512,1512,2,1
1513,1513,3,0
1514,1514,3,0
1515,1515,1,2
1516,1516,3,1
1517,1517,2,2
1518,1518,1,0
1519,1519,2,0
1520,1520,1,0
1521,1521,1,0
1522,1522,1,2
1523,1523,3,2
1524,1524,1,2
1525,1525,2,0
1526,1526,3,0
1527,1527,2,1
1528,1528,2,2
1529,1529,1,1
1530,1530,3,2
1531,1531,3,2
1532,1532,2,2
1533,1533,2,1
1534,1534,3,2
1535,1535,1,1
1536,1536,3,0
1537,1537,3,2
1538,1538,3,1
1539,1539,3,0
1540,1540,1,0
1541,1541,1,2
1542,1542,3,2
1543,1543,1,2
1544,1544,1,1
1545,1545,3,1
1546,1546,1,2
1547,1547,2,2
1548,1548,3,1
1549,1549,3,2
1550,1550,1,1
1551,1551,2,1
1552,1552,2,2
1553,1553,2,0
1554,1554,1,1
1555,1555,2,2
1556,1556,3,0
1557,1557,3,1
1558,1558,2,0
1559,1559,1,0
1560,1560,3,1
1561,1561,1,0
1562,1562,3,1
1563,1563,3,2
1564,1564,1,2
1565,1565,1,0
1566,1566,2,2
1567,1567,2,2
1568,1568,3,2
1569,1569,2,1
1570,1570,2,0
1571,1571,1,0
1572,1572,2,1
1573,1573,1,1
1574,1574,3,1
1575,1575,2,1
1576,1576,2,1
1577,1577,3,1
1578,1578,3,1
1579,1579,1,1
1580,1580,3,0
1581,1581,3,2
1582,1582,2,0
1583,1583,3,0
1584,1584,1,1
1585,1585,1,0
1586,1586,2,2
1587,1587,1,0
1588,1588,1,1
1589,1589,1,1
1590,1590,3,1
1591,1591,1,1
1592,1592,3,1
1593,1593,3,1
1594,1594,3,1
1595,1595,3,0
1596,1596,3,1
1597,1597,2,0
1598,1598,1,1
1599,1599,3,2
1600,1600,1,1
1601,1601,1,0
1602,1602,1,2
1603,1603,1,0
1604,1604,1,2
1605,1605,3,2
1606,1606,1,2
1607,1607,1,1
1608,1608,1,1
1609,1609,2,1
1610,1610,1,2
1611,1611,1,1
1612,1612,1,1
1613,1613,1,2
1614,1614,2,2
1615,1615,1,2
1616,1616,3,2
1617,1617,3,1
1618,1618,3,0
1619,1619,2,0
1620,1620,3,0
1621,1621,3,0
1622,1622,1,0
1623,1623,1,1
1624,1624,3,0
1625,1625,1,2
1626,1626,2,1
1627,1627,2,1
1628,1628,1,2
1629,1629,2,0
1630,1630,1,1
1631,1631,1,0
1632,1632,2,1
1633,1633,2,1
1634,1634,1,1
1635,1635,2,2
1636,1636,3,1
1637,1637,2,2
1638,1638,2,2
1639,1639,3,2
1640,1640,3,0
1641,1641,1,0
1642,1642,1,0
1643,1643,3,0
1644,1644,2,2
1645,1645,1,0
1646,1646,1,0
1647,1647,1,0
1648,1648,2,1
1649,1649,2,2
1650,1650,3,1
1651,1651,1,2
1652,1652,2,0
1653,1653,3,0
1654,1654,3,0
1655,1655,1,0
1656,1656,3,0
1657,1657,1,0
1658,1658,2,0
1659,1659,3,0
1660,1660,3,1
1661,1661,1,1
1662,1662,1,1
1663,1663,2,2
1664,1664,2,1
1665,1665,1,2
1666,1666,3,0
1667,1667,1,2
1668,1668,3,2
1669,1669,2,2
1670,1670,1,0
1671,1671,2,1
1672,1672,1,0
1673,1673,2,0
1674,1674,3,2
1675,1675,3,0
1676,1676,1,2
1677,1677,3,0
1678,1678,3,2
1679,1679,2,2
1680,1680,3,0
1681,1681,1,0
1682,1682,1,0
1683,1683,1,0
1684,1684,1,0
1685,1685,2,0
1686,1686,2,2
1687,1687,3,0
1688,1688,1,2
1689,1689,1,1
1690,1690,3,1
1691,1691,1,1
1692,1692,1,0
1693,1693,2,2
1694,1694,2,2
1695,1695,1,2
1696,1696,3,0
1697,1697,3,2
1698,1698,2,2
1699,1699,2,0
1700,1700,2,1
1701,1701,1,1
1702,1702,3,2
1703,1703,3,0
1704,1704,1,1
1705,1705,1,1
1706,1706,1,0
1707,1707,2,1
1708,1708,3,2
1709,1709,1,0
1710,1710,2,0
1711,1711,1,1
1712,1712,1,1
1713,1713,1,1
1714,1714,2,0
1715,1715,1,1
1716,1716,3,0
1717,1717,2,1
1718,1718,3,2
1719,1719,1,0
1720,1720,2,1
1721,1721,3,0
1722,1722,1,0
1723,1723,2,2
1724,1724,3,1
1725,1725,1,2
1726,1726,3,2
1727,1727,3,1
1728,1728,1,1
1729,1729,2,1
1730,1730,1,1
1731,1731,2,1
1732,1732,3,0
1733,1733,1,1
1734,1734,1,2
1735,1735,2,2
1736,1736,1,2
1737,1737,3,1
1738,1738,3,2
1739,1739,1,0
1740,1740,1,0
1741,1741,1,1
1742,1742,3,2
1743,1743,3,1
1744,1744,2,1
1745,1745,2,1
1746,1746,3,0
1747,1747,2,0
1748,1748,3,1
1749,1749,1,0
1750,1750,1,2
1751,1751,1,2
1752,1752,3,1
1753,1753,1,0
1754,1754,1,2
1755,1755,3,2
1756,1756,3,0
1757,1757,1,2
1758,1758,1,0
1759,1759,1,0
1760,1760,3,0
1761,1761,1,1
1762,1762,1,1
1763,1763,1,1
1764,1764,2,0
1765,1765,3,0
1766,1766,2,1
1767,1767,3,1
1768,1768,2,0
1769,1769,3,1
1770,1770,3,0
1771,1771,3,1
1772,1772,1,0
1773,1773,1,2
1774,1774,3,0
1775,1775,2,2
1776,1776,1,0
1777,1777,1,1
1778,1778,3,2
1779,1779,2,2
1780,1780,2,2
1781,1781,1,1
1782,1782,3,0
1783,1783,3,1
1784,1784,1,1
1785,1785,1,0
1786,1786,3,0
1787,1787,2,2
1788,1788,1,0
1789,1789,3,1
1790,1790,2,0
1791,1791,2,2
1792,1792,3,1
1793,1793,1,0
1794,1794,1,1
1795,1795,2,1
1796,1796,1,1
1797,1797,1,1
1798,1798,1,2
1799,1799,1,1
1800,1800,3,0
1801,1801,2,2
1802,1802,1,0
1803,1803,3,1
1804,1804,1,0
1805,1805,3,1
1806,1806,2,0
1807,1807,3,1
1808,1808,1,1
1809,1809,3,2
1810,1810,2,1
1811,1811,1,2
1812,1812,2,1
1813,1813,1,1
1814,1814,2,2
1815,1815,1,2
1816,1816,2,1
1817,1817,3,2
1818,1818,1,2
1819,1819,3,1
1820,1820,1,2
1821,1821,1,0
1822,1822,1,2
1823,1823,2,2
1824,1824,2,1
1825,1825,1,0
1826,1826,1,1
1827,1827,1,0
1828,1828,3,1
1829,1829,3,1
1830,1830,1,1
1831,1831,1,0
1832,1832,1,1
1833,1833,1,0
1834,1834,1,1
1835,1835,3,1
1836,1836,3,2
1837,1837,1,1
1838,1838,3,1
1839,1839,3,0
1840,1840,2,0
1841,1841,3,0
1842,1842,2,1
1843,1843,3,0
1844,1844,3,2
1845,1845,3,0
1846,1846,1,0
1847,1847,1,2
1848,1848,3,2
1849,1849,2,2
1850,1850,1,1
1851,1851,1,1
1852,1852,3,1
1853,1853,3,1
1854,1854,3,2
1855,1855,1,0
1856,1856,3,2
1857,1857,1,1
1858,1858,2,0
1859,1859,1,1
1860,1860,1,0
1861,1861,2,2
1862,1862,2,2
1863,1863,3,1
1864,1864,2,1
1865,1865,1,1
1866,1866,1,1
1867,1867,3,1
1868,1868,2,0
1869,1869,1,0
1870,1870,2,1
1871,1871,1,0
1872,1872,1,0
1873,1873,2,2
1874,1874,3,2
1875,1875,3,1
1876,1876,2,0
1877,1877,3,2
1878,1878,1,2
1879,1879,1,2
1880,1880,1,0
1881,1881,1,2
1882,1882,3,2
1883,1883,2,0
1884,1884,2,2
1885,1885,1,0
1886,1886,2,0
1887,1887,3,0
1888,1888,3,0
1889,1889,2,0
1890,1890,1,2
1891,1891,1,2
1892,1892,1,0
1893,1893,1,1
1894,1894,2,2
1895,1895,3,0
1896,1896,3,1
1897,1897,1,0
1898,1898,2,2
1899,1899,1,0
1900,1900,1,1
1901,1901,3,0
1902,1902,2,2
1903,1903,2,1
1904,1904,2,2
1905,1905,1,1
1906,1906,1,0
1907,1907,1,1
1908,1908,1,2
1909,1909,1,0
1910,1910,1,0
1911,1911,1,1
1912,1912,2,0
1913,1913,1,2
1914,1914,3,0
1915,1915,3,1
1916,1916,3,2
1917,1917,2,2
1918,1918,2,1
1919,1919,3,0
1920,1920,3,0
1921,1921,1,2
1922,1922,3,2
1923,1923,1,1
1924,1924,1,0
1925,1925,1,2
1926,1926,2,0
1927,1927,1,2
1928,1928,2,2
1929,1929,1,0
1930,1930,3,0
1931,1931,3,0
1932,1932,3,0
1933,1933,3,1
1934,1934,3,0
1935,1935,3,2
1936,1936,3,0
1937,1937,1,0
1938,1938,1,1
1939,1939,3,0
1940,1940,3,1
1941,1941,1,2
1942,1942,3,0
1943,1943,3,2
1944,1944,1,1
1945,1945,2,1
1946,1946,3,2
1947,1947,2,0
1948,1948,3,1
1949,1949,3,2
1950,1950,2,0
1951,1951,1,0
1952,1952,3,0
1953,1953,3,1
1954,1954,3,2
1955,1955,1,1
1956,1956,3,0
1957,1957,1,1
1958,1958,2,0
1959,1959,1,0
1960,1960,1,2
1961,1961,2,0
1962,1962,3,1
1963,1963,1,1
1964,1964,2,0
1965,1965,2,2
1966,1966,1,2
1967,1967,1,0
1968,1968,1,0
1969,1969,3,1
1970,1970,2,1
1971,1971,2,1
1972,1972,1,2
1973,1973,2,2
1974,1974,1,1
1975,1975,3,0
1976,1976,1,1
1977,1977,3,1
1978,1978,3,2
1979,1979,2,1
1980,1980,3,1
1981,1981,3,1
1982,1982,1,0
1983,1983,2,1
1984,1984,1,0
1985,1985,3,1
1986,1986,3,2
1987,1987,2,1
1988,1988,2,0
1989,1989,3,0
1990,1990,1,1
1991,1991,1,0
1992,1992,1,0
1993,1993,2,1
1994,1994,1,0
1995,1995,3,1
1996,1996,2,2
1997,1997,1,1
1998,1998,2,2
1999,1999,1,2
2000,2000,1,2
2001,2001,1,1
2002,2002,3,2
2003,2003,1,1
2004,2004,3,0
2005,2005,1,1
2006,2006,2,0
2007,2007,1,1
2008,2008,1,2
2009,2009,3,1
2010,2010,3,1
2011,2011,2,0
2012,2012,1,2
2013,2013,3,1
2014,2014,2,0
2015,2015,3,2
2016,2016,3,1
2017,2017,1,0
2018,2018,2,1
2019,2019,2,2
2020,2020,3,0
2021,2021,2,0
2022,2022,1,2
2023,2023,3,1
2024,2024,2,0
2025,2025,3,2
2026,2026,3,1
2027,2027,1,0
2028,2028,2,1
2029,2029,2,2
2030,2030,3,0
2031,2031,2,1
2032,2032,2,0
2033,2033,2,1
2034,2034,1,2
2035,2035,1,0
2036,2036,1,1
2037,2037,1,1
2038,2038,1,0
2039,2039,1,1
2040,2040,2,1
2041,2041,1,1
2042,2042,3,2
2043,2043,1,2
2044,2044,2,0
2045,2045,2,0
2046,2046,3,0
2047,2047,2,2
2048,2048,3,1
2049,2049,2,2
2050,2050,3,2
2051,2051,3,0
2052,2052,3,2
2053,2053,2,0
2054,2054,1,2
2055,2055,1,1
2056,2056,1,0
2057,2057,1,0
2058,2058,3,1
2059,2059,1,0
2060,2060,3,2
2061,2061,1,2
2062,2062,2,0
2063,2063,3,2
2064,2064,3,0
2065,2065,1,1
2066,2066,1,0
2067,2067,2,2
2068,2068,1,2
2069,2069,3,0
2070,2070,1,0
2071,2071,2,2
2072,2072,1,2
2073,2073,1,1
2074,2074,1,1
2075,2075,2,0
2076,2076,1,2
2077,2077,3,0
2078,2078,3,0
2079,2079,3,0
2080,2080,2,1
2081,2081,3,0
2082,2082,3,0
2083,2083,3,0
2084,2084,1,0
2085,2085,2,0
2086,2086,1,1
2087,2087,2,0
2088,2088,1,1
2089,2089,1,1
2090,2090,1,1
2091,2091,2,0
2092,2092,1,1
2093,2093,1,1
2094,2094,3,1
2095,2095,2,2
2096,2096,1,0
2097,2097,1,0
2098,2098,2,1
2099,2099,1,2
2100,2100,2,0
2101,2101,2,2
2102,2102,3,0
2103,2103,3,1
2104,2104,2,0
2105,2105,1,1
2106,2106,3,0
2107,2107,3,2
2108,2108,2,0
2109,2109,1,2
2110,2110,1,1
2111,2111,2,1
2112,2112,3,0
2113,2113,2,0
2114,2114,3,2
2115,2115,1,1
2116,2116,3,1
2117,2117,1,1
2118,2118,3,2
2119,2119,3,2
2120,2120,3,2
2121,2121,2,2
2122,2122,1,1
2123,2123,2,1
2124,2124,3,0
2125,2125,2,2
2126,2126,2,0
2127,2127,3,2
2128,2128,1,1
2129,2129,3,2
2130,2130,3,2
2131,2131,2,0
2132,2132,2,2
2133,2133,3,2
2134,2134,1,2
2135,2135,1,1
2136,2136,3,1
2137,2137,1,2
2138,2138,3,1
2139,2139,2,1
2140,2140,2,2
2141,2141,3,2
2142,2142,1,1
2143,2143,1,2
2144,2144,1,1
2145,2145,2,0
2146,2146,1,2
2147,2147,1,2
2148,2148,3,1
2149,2149,3,0
2150,2150,1,0
2151,2151,2,2
2152,2152,3,0
2153,2153,1,0
2154,2154,1,2
2155,2155,1,0
2156,2156,1,0
2157,2157,2,0
2158,2158,2,2
2159,2159,1,1
2160,2160,1,1
2161,2161,1,1
2162,2162,1,1
2163,2163,1,0
2164,2164,1,1
2165,2165,2,1
2166,2166,2,2
2167,2167,3,2
2168,2168,1,0
2169,2169,1,0
2170,2170,1,2
2171,2171,3,0
2172,2172,1,1
2173,2173,2,1
2174,2174,2,0
2175,2175,2,2
2176,2176,3,0
2177,2177,2,2
2178,2178,3,0
2179,2179,1,2
2180,2180,3,2
2181,2181,2,1
2182,2182,3,2
2183,2183,3,2
2184,2184,3,2
2185,2185,1,0
2186,2186,1,0
2187,2187,3,2
2188,2188,1,1
2189,2189,1,0
2190,2190,3,1
2191,2191,1,0
2192,2192,1,1
2193,2193,3,2
2194,2194,1,0
2195,2195,1,2
2196,2196,1,1
2197,2197,2,1
2198,2198,3,2
2199,2199,1,0
2200,2200,3,1
2201,2201,1,0
2202,2202,1,0
2203,2203,3,0
2204,2204,2,1
2205,2205,1,1
2206,2206,3,1
2207,2207,2,1
2208,2208,3,2
2209,2209,2,2
2210,2210,3,2
2211,2211,3,0
2212,2212,1,0
2213,2213,1,2
2214,2214,1,0
2215,2215,1,2
2216,2216,1,0
2217,2217,3,0
2218,2218,1,0
2219,2219,1,1
2220,2220,1,2
2221,2221,1,0
2222,2222,2,2
2223,2223,2,2
2224,2224,3,1
2225,2225,3,1
2226,2226,2,2
2227,2227,3,0
2228,2228,2,1
2229,2229,3,0
2230,2230,1,2
2231,2231,1,1
2232,2232,1,1
2233,2233,3,0
2234,2234,3,0
2235,2235,3,2
2236,2236,1,1
2237,2237,3,0
2238,2238,1,0
2239,2239,1,2
2240,2240,1,2
2241,2241,1,0
2242,2242,3,2
2243,2243,3,0
2244,2244,3,1
2245,2245,3,0
2246,2246,3,0
2247,2247,3,1
2248,2248,1,0
2249,2249,1,1
2250,2250,3,0
2251,2251,1,1
2252,2252,1,1
2253,2253,2,1
2254,2254,1,2
2255,2255,3,0
2256,2256,2,0
2257,2257,3,0
2258,2258,2,1
2259,2259,1,1
2260,2260,3,0
2261,2261,2,0
2262,2262,3,1
2263,2263,2,1
2264,2264,1,1
2265,2265,1,0
2266,2266,3,0
2267,2267,1,2
2268,2268,1,0
2269,2269,3,0
2270,2270,1,0
2271,2271,1,1
2272,2272,3,1
2273,2273,1,2
2274,2274,3,0
2275,2275,2,1
2276,2276,1,1
2277,2277,1,0
2278,2278,1,1
2279,2279,2,2
2280,2280,2,1
2281,2281,1,1
2282,2282,2,1
2283,2283,1,0
2284,2284,1,1
2285,2285,2,1
2286,2286,1,2
2287,2287,3,2
2288,2288,1,0
2289,2289,1,0
2290,2290,1,0
2291,2291,3,0
2292,2292,3,1
2293,2293,2,2
2294,2294,1,0
2295,2295,3,2
2296,2296,3,0
2297,2297,1,1
2298,2298,1,2
2299,2299,3,1
2300,2300,1,2
2301,2301,3,0
2302,2302,1,0
2303,2303,1,2
2304,2304,2,2
2305,2305,1,2
2306,2306,1,1
2307,2307,1,0
2308,2308,2,0
2309,2309,2,0
2310,2310,3,2
2311,2311,1,0
2312,2312,3,1
2313,2313,1,0
2314,2314,2,2
2315,2315,3,1
2316,2316,1,2
2317,2317,3,2
2318,2318,3,0
2319,2319,2,2
2320,2320,1,1
2321,2321,2,0
2322,2322,1,2
2323,2323,3,1
2324,2324,2,0
2325,2325,3,2
2326,2326,3,1
2327,2327,1,0
2328,2328,2,1
2329,2329,2,2
2330,2330,3,0
2331,2331,2,0
2332,2332,1,2
2333,2333,3,1
2334,2334,2,0
2335,2335,3,2
2336,2336,3,1
2337,2337,1,0
2338,2338,2,1
2339,2339,2,2
2340,2340,3,0
2341,2341,2,0
2342,2342,1,2
2343,2343,3,1
2344,2344,2,0
2345,2345,3,2
2346,2346,3,1
2347,2347,1,0
2348,2348,2,1
2349,2349,2,2
2350,2350,3,0
2351,2351,2,0
2352,2352,1,2
2353,2353,3,1
2354,2354,2,0
2355,2355,3,2
2356,2356,3,1
2357,2357,1,0
2358,2358,2,1
2359,2359,2,2
2360,2360,3,0
2361,2361,2,0
2362,2362,1,2
2363,2363,3,1
2364,2364,2,0
2365,2365,3,2
2366,2366,3,1
2367,2367,1,0
2368,2368,2,1
2369,2369,2,2
2370,2370,3,0
2371,2371,2,0
2372,2372,1,2
2373,2373,3,1
2374,2374,2,0
2375,2375,3,2
2376,2376,3,1
2377,2377,1,0
2378,2378,2,1
2379,2379,2,2
2380,2380,3,0
2381,2381,2,0
2382,2382,1,2
2383,2383,3,1
2384,2384,2,0
2385,2385,3,2
2386,2386,3,1
2387,2387,1,0
2388,2388,2,1
2389,2389,2,2
2390,2390,3,0
2391,2391,2,0
2392,2392,1,2
2393,2393,3,1
2394,2394,2,0
2395,2395,3,2
2396,2396,3,1
2397,2397,1,0
2398,2398,2,1
2399,2399,2,2
2400,2400,3,0
2401,2401,2,1
2402,2402,2,0
2403,2403,2,1
2404,2404,1,2
2405,2405,1,0
2406,2406,1,1
2407,2407,1,1
2408,2408,1,0
2409,2409,1,1
2410,2410,2,1
2411,2411,1,1
2412,2412,3,2
2413,2413,1,2
2414,2414,2,0
2415,2415,2,0
2416,2416,3,0
2417,2417,2,2
2418,2418,3,1
2419,2419,2,2
2420,2420,3,2
2421,2421,3,0
2422,2422,3,2
2423,2423,2,0
2424,2424,1,2
2425,2425,1,1
2426,2426,1,0
2427,2427,1,0
2428,2428,3,1
2429,2429,1,0
2430,2430,3,2
2431,2431,1,2
2432,2432,2,0
2433,2433,3,2
2434,2434,3,0
2435,2435,1,1
2436,2436,1,0
2437,2437,2,2
2438,2438,1,2
2439,2439,3,0
2440,2440,1,0
2441,2441,2,2
2442,2442,1,2
2443,2443,1,1
2444,2444,1,1
2445,2445,2,0
2446,2446,1,2
2447,2447,3,0
2448,2448,3,0
2449,2449,3,0
2450,2450,2,1
2451,2451,3,0
2452,2452,3,0
2453,2453,3,0
2454,2454,1,0
2455,2455,2,0
2456,2456,1,1
2457,2457,2,0
2458,2458,1,1
2459,2459,1,1
2460,2460,1,1
2461,2461,2,0
2462,2462,1,1
2463,2463,1,1
2464,2464,3,1
2465,2465,2,2
2466,2466,1,0
2467,2467,1,0
2468,2468,2,1
2469,2469,1,2
2470,2470,2,0
2471,2471,2,2
2472,2472,3,0
2473,2473,3,1
2474,2474,2,0
2475,2475,1,1
2476,2476,3,0
2477,2477,3,2
2478,2478,2,0
2479,2479,1,2
2480,2480,1,1
2481,2481,2,1
2482,2482,3,0
2483,2483,2,0
2484,2484,3,2
2485,2485,1,1
2486,2486,3,1
2487,2487,1,1
2488,2488,3,2
2489,2489,3,2
2490,2490,3,2
2491,2491,2,2
2492,2492,1,1
2493,2493,2,1
2494,2494,3,0
2495,2495,2,2
2496,2496,2,0
2497,2497,3,2
2498,2498,1,1
2499,2499,3,2
2500,2500,3,2
2501,2501,2,0
2502,2502,2,2
2503,2503,3,2
2504,2504,1,2
2505,2505,1,1
2506,2506,3,1
2507,2507,1,2
2508,2508,3,1
2509,2509,2,1
2510,2510,2,2
2511,2511,3,2
2512,2512,1,1
2513,2513,1,2
2514,2514,1,1
2515,2515,2,0
2516,2516,1,2
2517,2517,1,2
2518,2518,3,1
2519,2519,3,0
2520,2520,1,0
2521,2521,2,2
2522,2522,3,0
2523,2523,1,0
2524,2524,1,2
2525,2525,1,0
2526,2526,1,0
2527,2527,2,0
2528,2528,2,2
2529,2529,1,1
2530,2530,1,1
2531,2531,1,1
2532,2532,1,1
2533,2533,1,0
2534,2534,1,1
2535,2535,2,1
2536,2536,2,2
2537,2537,3,2
2538,2538,1,0
2539,2539,1,0
2540,2540,1,2
2541,2541,3,0
2542,2542,1,1
2543,2543,2,1
2544,2544,2,0
2545,2545,2,2
2546,2546,3,0
2547,2547,2,2
2548,2548,3,0
2549,2549,1,2
2550,2550,3,2
2551,2551,2,1
2552,2552,3,2
2553,2553,3,2
2554,2554,3,2
2555,2555,1,0
2556,2556,1,0
2557,2557,3,2
2558,2558,1,1
2559,2559,1,0
2560,2560,3,1
2561,2561,1,0
2562,2562,1,1
2563,2563,3,2
2564,2564,1,0
2565,2565,1,2
2566,2566,1,1
2567,2567,2,1
2568,2568,3,2
2569,2569,1,0
2570,2570,3,1
2571,2571,1,0
2572,2572,1,0
2573,2573,3,0
2574,2574,2,1
2575,2575,1,1
2576,2576,3,1
2577,2577,2,1
2578,2578,3,2
2579,2579,2,2
2580,2580,3,2
2581,2581,3,0
2582,2582,1,0
2583,2583,1,2
2584,2584,1,0
2585,2585,1,2
2586,2586,1,0
2587,2587,3,0
2588,2588,1,0
2589,2589,1,1
2590,2590,1,2
2591,2591,1,0
2592,2592,2,2
2593,2593,2,2
2594,2594,3,1
2595,2595,3,1
2596,2596,2,2
2597,2597,3,0
2598,2598,2,1
2599,2599,3,0
2600,2600,1,2
2601,2601,1,1
2602,2602,1,1
2603,2603,3,0
2604,2604,3,0
2605,2605,3,2
2606,2606,1,1
2607,2607,3,0
2608,2608,1,0
2609,2609,1,2
2610,2610,1,2
2611,2611,1,0
2612,2612,3,2
2613,2613,3,0
2614,2614,3,1
2615,2615,3,0
2616,2616,3,0
2617,2617,3,1
2618,2618,1,0
2619,2619,1,1
2620,2620,3,0
2621,2621,1,1
2622,2622,1,1
2623,2623,2,1
2624,2624,1,2
2625,2625,3,0
2626,2626,2,0
2627,2627,3,0
2628,2628,2,1
2629,2629,1,1
2630,2630,3,0
2631,2631,2,0
2632,2632,3,1
2633,2633,2,1
2634,2634,1,1
2635,2635,1,0
2636,2636,3,0
2637,2637,1,2
2638,2638,1,0
2639,2639,3,0
2640,2640,1,0
2641,2641,1,1
2642,2642,3,1
2643,2643,1,2
2644,2644,3,0
2645,2645,2,1
2646,2646,1,1
2647,2647,1,0
2648,2648,1,1
2649,2649,2,2
2650,2650,2,1
2651,2651,1,1
2652,2652,2,1
2653,2653,1,0
2654,2654,1,1
2655,2655,2,1
2656,2656,1,2
2657,2657,3,2
2658,2658,1,0
2659,2659,1,0
2660,2660,1,0
2661,2661,3,0
2662,2662,3,1
2663,2663,2,2
2664,2664,1,0
2665,2665,3,2
2666,2666,3,0
2667,2667,1,1
2668,2668,1,2
2669,2669,3,1
2670,2670,1,2
2671,2671,3,0
2672,2672,1,0
2673,2673,1,2
2674,2674,2,2
2675,2675,1,2
2676,2676,1,1
2677,2677,1,0
2678,2678,2,0
2679,2679,2,0
2680,2680,3,2
2681,2681,1,0
2682,2682,3,1
2683,2683,1,0
2684,2684,2,2
2685,2685,3,1
2686,2686,1,2
2687,2687,3,2
2688,2688,3,0
2689,2689,2,2
2690,2690,1,1
2691,2691,2,0
2692,2692,1,2
2693,2693,3,1
2694,2694,2,0
2695,2695,3,2
2696,2696,3,1
2697,2697,1,0
2698,2698,2,1
2699,2699,2,2
2700,2700,3,0
2701,2701,2,0
2702,2702,1,2
2703,2703,3,1
2704,2704,2,0
2705,2705,3,2
2706,2706,3,1
2707,2707,1,0
2708,2708,2,1
2709,2709,2,2
2710,2710,3,0
2711,2711,2,1
2712,2712,2,0
2713,2713,2,1
2714,2714,1,2
2715,2715,1,0
2716,2716,1,1
2717,2717,1,1
2718,2718,1,0
2719,2719,1,1
2720,2720,2,1
2721,2721,1,1
2722,2722,3,2
2723,2723,1,2
2724,2724,2,0
2725,2725,2,0
2726,2726,3,0
2727,2727,2,2
2728,2728,3,1
2729,2729,2,2
2730,2730,3,2
2731,2731,3,0
2732,2732,3,2
2733,2733,2,0
2734,2734,1,2
2735,2735,1,1
2736,2736,1,0
2737,2737,1,0
2738,2738,3,1
2739,2739,1,0
2740,2740,3,2
2741,2741,1,2
2742,2742,2,0
2743,2743,3,2
2744,2744,3,0
2745,2745,1,1
2746,2746,1,0
2747,2747,2,2
2748,2748,1,2
2749,2749,3,0
2750,2750,1,0
2751,2751,2,2
2752,2752,1,2
2753,2753,1,1
2754,2754,1,1
2755,2755,2,0
2756,2756,1,2
2757,2757,3,0
2758,2758,3,0
2759,2759,3,0
2760,2760,2,1
2761,2761,3,0
2762,2762,3,0
2763,2763,3,0
2764,2764,1,0
2765,2765,2,0
2766,2766,1,1
2767,2767,2,0
2768,2768,1,1
2769,2769,1,1
2770,2770,1,1
2771,2771,2,0
2772,2772,1,1
2773,2773,1,1
2774,2774,3,1
2775,2775,2,2
2776,2776,1,0
2777,2777,1,0
2778,2778,2,1
2779,2779,1,2
2780,2780,2,0
2781,2781,2,2
2782,2782,3,0
2783,2783,3,1
2784,2784,2,0
2785,2785,1,1
2786,2786,3,0
2787,2787,3,2
2788,2788,2,0
2789,2789,1,2
2790,2790,1,1
2791,2791,2,1
2792,2792,3,0
2793,2793,2,0
2794,2794,3,2
2795,2795,1,1
2796,2796,3,1
2797,2797,1,1
2798,2798,3,2
2799,2799,3,2
2800,2800,3,2
2801,2801,2,2
2802,2802,1,1
2803,2803,2,1
2804,2804,3,0
2805,2805,2,2
2806,2806,2,0
2807,2807,3,2
2808,2808,1,1
2809,2809,3,2
2810,2810,3,2
2811,2811,2,0
2812,2812,2,2
2813,2813,3,2
2814,2814,1,2
2815,2815,1,1
2816,2816,3,1
2817,2817,1,2
2818,2818,3,1
2819,2819,2,1
2820,2820,2,2
2821,2821,3,2
2822,2822,1,1
2823,2823,1,2
2824,2824,1,1
2825,2825,2,0
2826,2826,1,2
2827,2827,1,2
2828,2828,3,1
2829,2829,3,0
2830,2830,1,0
2831,2831,2,2
2832,2832,3,0
2833,2833,1,0
2834,2834,1,2
2835,2835,1,0
2836,2836,1,0
2837,2837,2,0
2838,2838,2,2
2839,2839,1,1
2840,2840,1,1
2841,2841,1,1
2842,2842,1,1
2843,2843,1,0
2844,2844,1,1
2845,2845,2,1
2846,2846,2,2
2847,2847,3,2
2848,2848,1,0
2849,2849,1,0
2850,2850,1,2
2851,2851,3,0
2852,2852,1,1
2853,2853,2,1
2854,2854,2,0
2855,2855,2,2
2856,2856,3,0
2857,2857,2,2
2858,2858,3,0
2859,2859,1,2
2860,2860,3,2
2861,2861,2,1
2862,2862,3,2
2863,2863,3,2
2864,2864,3,2
2865,2865,1,0
2866,2866,1,0
2867,2867,3,2
2868,2868,1,1
2869,2869,1,0
2870,2870,3,1
2871,2871,1,0
2872,2872,1,1
2873,2873,3,2
2874,2874,1,0
2875,2875,1,2
2876,2876,1,1
2877,2877,2,1
2878,2878,3,2
2879,2879,1,0
2880,2880,3,1
2881,2881,1,0
2882,2882,1,0
2883,2883,3,0
2884,2884,2,1
2885,2885,1,1
2886,2886,3,1
2887,2887,2,1
2888,2888,3,2
2889,2889,2,2
2890,2890,3,2
2891,2891,3,0
2892,2892,1,0
2893,2893,1,2
2894,2894,1,0
2895,2895,1,2
2896,2896,1,0
2897,2897,3,0
2898,2898,1,0
2899,2899,1,1
2900,2900,1,2
2901,2901,1,0
2902,2902,2,2
2903,2903,2,2
2904,2904,3,1
2905,2905,3,1
2906,2906,2,2
2907,2907,3,0
2908,2908,2,1
2909,2909,3,0
2910,2910,1,2
2911,2911,1,1
2912,2912,1,1
2913,2913,3,0
2914,2914,3,0
2915,2915,3,2
2916,2916,1,1
2917,2917,3,0
2918,2918,1,0
2919,2919,1,2
2920,2920,1,2
2921,2921,1,0
2922,2922,3,2
2923,2923,3,0
2924,2924,3,1
2925,2925,3,0
2926,2926,3,0
2927,2927,3,1
2928,2928,1,0
2929,2929,1,1
2930,2930,3,0
2931,2931,1,1
2932,2932,1,1
2933,2933,2,1
2934,2934,1,2
2935,2935,3,0
2936,2936,2,0
2937,2937,3,0
2938,2938,2,1
2939,2939,1,1
2940,2940,3,0
2941,2941,2,0
2942,2942,3,1
2943,2943,2,1
2944,2944,1,1
2945,2945,1,0
2946,2946,3,0
2947,2947,1,2
2948,2948,1,0
2949,2949,3,0
2950,2950,1,0
2951,2951,1,1
2952,2952,3,1
2953,2953,1,2
2954,2954,3,0
2955,2955,2,1
2956,2956,1,1
2957,2957,1,0
2958,2958,1,1
2959,2959,2,2
2960,2960,2,1
2961,2961,1,1
2962,2962,2,1
2963,2963,1,0
2964,2964,1,1
2965,2965,2,1
2966,2966,1,2
2967,2967,3,2
2968,2968,1,0
2969,2969,1,0
2970,2970,1,0
2971,2971,3,0
2972,2972,3,1
2973,2973,2,2
2974,2974,1,0
2975,2975,3,2
2976,2976,3,0
2977,2977,1,1
2978,2978,1,2
2979,2979,3,1
2980,2980,1,2
2981,2981,3,0
2982,2982,1,0
2983,2983,1,2
2984,2984,2,2
2985,2985,1,2
2986,2986,1,1
2987,2987,1,0
2988,2988,2,0
2989,2989,2,0
2990,2990,3,2
2991,2991,1,0
2992,2992,3,1
2993,2993,1,0
2994,2994,2,2
2995,2995,3,1
2996,2996,1,2
2997,2997,3,2
2998,2998,3,0
2999,2999,2,2
3000,3000,1,1
