id,zone,personId,type,coordX,coordY
1,12,1,"IND",-4515.0,88.0
2,12,3,"IND",-5392.0,-128.0
3,1,4,"IND",-9766.0,10160.0
4,13,5,"IND",362.0,-48.0
5,5,7,"IND",9987.0,9592.0
6,25,8,"IND",10111.0,-9624.0
7,18,9,"IND",-264.0,-5336.0
8,13,12,"IND",-136.0,456.0
9,21,13,"IND",-9511.0,-9904.0
10,21,15,"IND",-10387.0,-10120.0
11,21,16,"IND",-9762.0,-9832.0
12,13,18,"IND",366.0,312.0
13,13,19,"IND",-8.0,-400.0
14,18,20,"IND",115.0,-4616.0
15,21,21,"IND",-10259.0,-10328.0
16,13,23,"IND",-149.0,432.0
17,13,24,"IND",476.0,-280.0
18,5,26,"IND",9600.0,9504.0
19,12,30,"IND",-4775.0,144.0
20,13,32,"IND",353.0,-64.0
21,25,33,"IND",9978.0,-9776.0
22,12,35,"IND",-4898.0,360.0
23,8,37,"IND",-273.0,4648.0
24,13,39,"IND",-145.0,440.0
25,15,41,"IND",10481.0,-272.0
26,13,44,"IND",-396.0,-136.0
27,13,51,"IND",230.0,152.0
28,21,54,"IND",-9643.0,-10056.0
29,23,55,"IND",-17.0,-10416.0
30,25,56,"IND",10106.0,-9632.0
31,1,67,"IND",-10268.0,9656.0
32,13,69,"IND",-123.0,-169.0
33,5,70,"IND",9503.0,10119.0
34,13,71,"IND",-374.0,-97.0
35,13,72,"IND",252.0,-457.0
36,1,74,"IND",-9621.0,10335.0
37,21,75,"IND",-9995.0,-10377.0
38,4,78,"IND",5128.0,10407.0
39,18,79,"IND",-246.0,-4953.0
40,18,80,"IND",-118.0,-5161.0
41,13,81,"IND",-493.0,127.0
42,13,84,"IND",-370.0,263.0
43,13,85,"IND",256.0,-449.0
44,21,89,"IND",-9616.0,-9657.0
45,18,90,"IND",9.0,-5369.0
46,25,91,"IND",10133.0,-10233.0
47,13,92,"IND",-242.0,55.0
48,21,97,"IND",-10132.0,-10184.0
49,13,98,"IND",494.0,103.0
50,12,99,"IND",-5383.0,-112.0
51,13,100,"IND",243.0,176.0
52,13,102,"IND",371.0,319.0
53,25,103,"IND",9996.0,-10393.0
54,13,113,"IND",119.0,391.0
55,1,114,"IND",-10255.0,9679.0
56,13,116,"IND",-127.0,-177.0
57,18,119,"IND",498.0,-4889.0
58,13,121,"IND",-378.0,-105.0
59,12,122,"IND",-4753.0,-465.0
60,21,125,"IND",-9625.0,-9673.0
61,13,126,"IND",0.0,-385.0
62,25,127,"IND",10124.0,-9601.0
63,12,129,"IND",-5251.0,39.0
64,5,130,"IND",9895.0,10215.0
65,18,131,"IND",-480.0,-5497.0
66,1,132,"IND",-10356.0,10287.0
67,12,134,"IND",-4731.0,-425.0
68,18,135,"IND",397.0,-5282.0
69,13,136,"IND",22.0,6.0
70,22,137,"IND",-4854.0,-10210.0
71,13,140,"IND",-229.0,78.0
72,25,141,"IND",9899.0,-9778.0
73,25,143,"IND",9525.0,-10490.0
74,5,144,"IND",9648.0,10294.0
75,12,145,"IND",-4726.0,-418.0
76,18,148,"IND",401.0,-5274.0
77,12,150,"IND",-4973.0,14.0
78,1,151,"IND",-9850.0,9798.0
79,13,152,"IND",-224.0,438.0
80,5,158,"IND",9886.0,9847.0
81,13,159,"IND",-489.0,487.0
82,1,163,"IND",-10365.0,10271.0
83,10,166,"IND",10260.0,4559.0
84,21,167,"IND",-9612.0,-9649.0
85,13,168,"IND",14.0,-9.0
86,25,169,"IND",10137.0,-10225.0
87,13,171,"IND",-237.0,63.0
88,13,172,"IND",-110.0,-145.0
89,18,175,"IND",-484.0,-4505.0
90,1,178,"IND",-10361.0,10279.0
91,5,180,"IND",10265.0,9567.0
92,18,184,"IND",393.0,-4641.0
93,5,185,"IND",10018.0,9999.0
94,18,186,"IND",141.0,-5217.0
95,25,191,"IND",9767.0,-9929.0
96,13,194,"IND",-88.0,246.0
97,5,196,"IND",9538.0,9534.0
98,25,197,"IND",9661.0,-10330.0
99,5,199,"IND",10287.0,9958.0
100,13,203,"IND",415.0,-250.0
101,13,204,"IND",40.0,390.0
102,13,206,"IND",163.0,174.0
103,1,207,"IND",-10211.0,10462.0
104,18,209,"IND",-83.0,-4746.0
105,12,210,"IND",-5458.0,-106.0
106,13,216,"IND",-334.0,-322.0
107,12,217,"IND",-4709.0,-34.0
108,13,223,"IND",419.0,-242.0
109,13,224,"IND",44.0,398.0
110,12,225,"IND",-4832.0,182.0
111,21,226,"IND",-10207.0,-9530.0
112,13,232,"IND",-96.0,230.0
113,12,233,"IND",-5471.0,-482.0
114,5,234,"IND",9652.0,10302.0
115,18,235,"IND",278.0,-5058.0
116,21,236,"IND",-9594.0,-10266.0
117,13,237,"IND",31.0,22.0
118,21,240,"IND",-9845.0,-10194.0
119,13,242,"IND",-220.0,446.0
120,1,243,"IND",-10092.0,10238.0
121,18,244,"IND",-467.0,-5474.0
122,3,246,"IND",-343.0,10310.0
123,24,250,"IND",5282.0,-10050.0
124,21,252,"IND",-9590.0,-10258.0
125,1,253,"IND",-9964.0,10030.0
126,13,255,"IND",159.0,166.0
127,25,256,"IND",9785.0,-9546.0
128,12,259,"IND",-5211.0,-382.0
129,13,260,"IND",415.0,-94.0
130,17,261,"IND",-5462.0,-5310.0
131,13,262,"IND",164.0,330.0
132,13,265,"IND",291.0,122.0
133,18,266,"IND",-83.0,-4590.0
134,12,268,"IND",-4960.0,194.0
135,12,270,"IND",-5334.0,-166.0
136,1,271,"IND",-10206.0,9626.0
137,8,272,"IND",419.0,4914.0
138,21,273,"IND",-10458.0,-9950.0
139,21,275,"IND",-9832.0,-9662.0
140,13,276,"IND",296.0,130.0
141,21,281,"IND",-10079.0,-9582.0
142,13,282,"IND",45.0,-446.0
143,18,285,"IND",-330.0,-5158.0
144,18,287,"IND",-220.0,-5397.0
145,13,288,"IND",406.0,-109.0
146,13,292,"IND",-471.0,-325.0
147,12,293,"IND",-4845.0,-37.0
148,21,295,"IND",-9717.0,-9893.0
149,21,296,"IND",-10092.0,-9605.0
150,5,297,"IND",10031.0,10179.0
151,21,301,"IND",-10343.0,-9533.0
152,18,306,"IND",-215.0,-5389.0
153,13,309,"IND",410.0,-101.0
154,13,310,"IND",-466.0,-317.0
155,21,312,"IND",-9841.0,-10029.0
156,25,316,"IND",10287.0,-9885.0
157,13,317,"IND",-88.0,402.0
158,5,318,"IND",10036.0,10187.0
159,25,320,"IND",9661.0,-10173.0
160,6,321,"IND",-10193.0,5002.0
161,12,322,"IND",-4568.0,290.0
162,21,323,"IND",-10444.0,-9926.0
163,21,327,"IND",-9819.0,-9638.0
164,5,328,"IND",10309.0,9506.0
165,12,330,"IND",-5066.0,-206.0
166,15,331,"IND",10058.0,-422.0
167,13,332,"IND",-317.0,-134.0
168,20,333,"IND",9811.0,-4990.0
169,7,334,"IND",-4563.0,5298.0
170,14,335,"IND",4560.0,82.0
171,21,336,"IND",-9814.0,-9630.0
172,21,338,"IND",-9687.0,-10486.0
173,18,343,"IND",-61.0,-5198.0
174,5,344,"IND",10062.0,9586.0
175,1,345,"IND",-10312.0,9874.0
176,13,349,"IND",-202.0,-366.0
177,21,350,"IND",-9577.0,-10078.0
178,13,351,"IND",-453.0,58.0
179,12,353,"IND",-4828.0,346.0
180,5,355,"IND",10300.0,10138.0
181,21,363,"IND",-10074.0,-10222.0
182,18,366,"IND",49.0,-5438.0
183,5,368,"IND",9675.0,9850.0
184,5,370,"IND",9802.0,9642.0
185,13,371,"IND",428.0,282.0
186,20,375,"IND",9551.0,-4934.0
187,13,376,"IND",177.0,354.0
188,13,377,"IND",305.0,146.0
189,18,378,"IND",-70.0,-5214.0
190,21,381,"IND",-9947.0,-10430.0
191,21,383,"IND",-10321.0,-10142.0
192,25,385,"IND",9824.0,-9967.0
193,24,386,"IND",5450.0,-9679.0
194,25,388,"IND",9573.0,-9543.0
195,1,390,"IND",-9801.0,9745.0
196,13,393,"IND",327.0,-463.0
197,12,394,"IND",-5048.0,-175.0
198,13,399,"IND",75.0,-39.0
199,13,400,"IND",-299.0,249.0
200,18,401,"IND",-171.0,-4959.0
201,12,402,"IND",-4546.0,-319.0
202,12,407,"IND",-5422.0,465.0
203,13,408,"IND",203.0,-247.0
204,13,411,"IND",331.0,-455.0
205,18,414,"IND",-44.0,-4815.0
206,5,415,"IND",10080.0,9969.0
207,13,417,"IND",-295.0,257.0
208,21,418,"IND",-10184.0,-9983.0
209,9,419,"IND",5441.0,5305.0
210,13,421,"IND",-436.0,90.0
211,5,422,"IND",10190.0,9729.0
212,13,425,"IND",318.0,-479.0
213,18,427,"IND",-57.0,-5191.0
214,21,430,"IND",-9933.0,-10407.0
215,13,433,"IND",-308.0,233.0
216,18,434,"IND",-180.0,-4975.0
217,1,437,"IND",-9555.0,10313.0
218,21,441,"IND",-10431.0,-9903.0
219,21,442,"IND",-9806.0,-10263.0
220,13,443,"IND",322.0,-471.0
221,1,444,"IND",-10052.0,9817.0
222,1,456,"IND",-9929.0,9601.0
223,13,457,"IND",-303.0,241.0
224,21,458,"IND",-10158.0,-9584.0
225,25,460,"IND",10467.0,-10296.0
226,1,463,"IND",-10409.0,10489.0
227,5,468,"IND",10216.0,9777.0
228,12,472,"IND",-4656.0,-80.0
229,1,474,"IND",-10030.0,10208.0
230,25,477,"IND",10093.0,-10008.0
231,9,478,"IND",4719.0,4632.0
232,21,482,"IND",-10154.0,-9576.0
233,25,486,"IND",10472.0,-10288.0
234,12,489,"IND",-5405.0,496.0
235,13,490,"IND",221.0,136.0
236,13,491,"IND",349.0,-72.0
237,10,494,"IND",9974.0,5216.0
238,13,498,"IND",97.0,0.0
239,18,499,"IND",-277.0,-5360.0
240,12,502,"IND",-5167.0,49.0
241,25,503,"IND",10459.0,-10311.0
242,1,504,"IND",-10418.0,10473.0
243,12,506,"IND",-4792.0,-239.0
244,18,507,"IND",335.0,-5447.0
245,13,509,"IND",-39.0,193.0
246,5,513,"IND",10084.0,9977.0
247,13,515,"IND",-290.0,265.0
248,5,516,"IND",9838.0,10409.0
249,18,517,"IND",463.0,-5303.0
250,18,519,"IND",-414.0,-4519.0
251,13,521,"IND",212.0,-231.0
252,5,524,"IND",10340.0,9913.0
253,13,525,"IND",-35.0,201.0
254,5,527,"IND",10089.0,9985.0
255,14,529,"IND",4714.0,273.0
256,25,531,"IND",9719.0,-9563.0
257,5,534,"IND",10344.0,10077.0
258,5,535,"IND",10468.0,9861.0
259,21,537,"IND",-9907.0,-9851.0
260,12,538,"IND",-4779.0,293.0
261,1,539,"IND",-10154.0,9581.0
262,13,541,"IND",-30.0,365.0
263,12,542,"IND",-5405.0,-347.0
264,13,543,"IND",-277.0,-203.0
265,5,544,"IND",10349.0,10085.0
266,13,545,"IND",472.0,-131.0
267,13,547,"IND",98.0,157.0
268,1,552,"IND",-9775.0,10301.0
269,12,555,"IND",-5149.0,-411.0
270,2,558,"IND",-5026.0,10373.0
271,18,561,"IND",-400.0,-5339.0
272,1,562,"IND",-10290.0,10421.0
273,13,564,"IND",335.0,-291.0
274,1,565,"IND",-9541.0,9845.0
275,16,566,"IND",-9916.0,-4867.0
276,25,567,"IND",10212.0,-10075.0
277,25,569,"IND",9838.0,-9787.0
278,1,570,"IND",-10039.0,10349.0
279,15,571,"IND",9587.0,-363.0
280,25,573,"IND",9714.0,-9571.0
281,12,574,"IND",-4660.0,69.0
282,5,575,"IND",10463.0,9853.0
283,12,578,"IND",-4911.0,141.0
284,1,579,"IND",-9783.0,9933.0
285,21,581,"IND",-10158.0,-10427.0
286,24,582,"IND",4965.0,-9643.0
287,13,584,"IND",-409.0,-355.0
288,13,585,"IND",-264.0,-180.0
289,5,586,"IND",10362.0,10108.0
290,21,587,"IND",-9515.0,-9756.0
291,1,589,"IND",-9889.0,9532.0
292,5,591,"IND",10239.0,10324.0
293,6,592,"IND",-10136.0,4612.0
294,1,593,"IND",-10013.0,9748.0
295,13,595,"IND",-387.0,36.0
296,1,596,"IND",-10259.0,9828.0
297,1,597,"IND",-9634.0,10116.0
298,13,600,"IND",490.0,252.0
299,12,601,"IND",-4885.0,-460.0
300,1,603,"IND",-9757.0,10332.0
301,21,604,"IND",-10132.0,-10028.0
302,5,606,"IND",9992.0,9756.0
303,1,607,"IND",-10383.0,10044.0
304,13,608,"IND",-272.0,-195.0
305,25,609,"IND",10353.0,-9907.0
306,13,611,"IND",476.0,-123.0
307,4,613,"IND",5102.0,10165.0
308,18,614,"IND",230.0,-4691.0
309,1,615,"IND",-10145.0,9597.0
310,18,617,"IND",-21.0,-4619.0
311,12,618,"IND",-5396.0,21.0
312,13,619,"IND",-268.0,-187.0
313,18,622,"IND",357.0,-4899.0
314,18,623,"IND",481.0,-5115.0
315,13,625,"IND",106.0,-475.0
316,13,626,"IND",234.0,316.0
317,13,628,"IND",-140.0,-396.0
318,13,629,"IND",-17.0,389.0
319,13,630,"IND",-391.0,28.0
320,13,631,"IND",-246.0,204.0
321,1,633,"IND",-9621.0,10492.0
322,5,635,"IND",9503.0,10276.0
323,1,636,"IND",-9872.0,9564.0
324,13,637,"IND",256.0,-292.0
325,18,639,"IND",-118.0,-5004.0
326,18,640,"IND",5.0,-5220.0
327,5,641,"IND",9631.0,10068.0
328,13,644,"IND",-242.0,212.0
329,25,645,"IND",10384.0,-10500.0
330,5,647,"IND",9507.0,10284.0
331,13,648,"IND",133.0,-76.0
332,21,650,"IND",-9739.0,-10285.0
333,25,651,"IND",9886.0,-9997.0
334,13,652,"IND",9.0,-212.0
335,12,653,"IND",-5365.0,428.0
336,5,655,"IND",9745.0,9836.0
337,13,657,"IND",371.0,476.0
338,11,658,"IND",-9506.0,260.0
339,25,659,"IND",10120.0,-10452.0
340,5,661,"IND",10247.0,10340.0
341,22,662,"IND",-5127.0,-10020.0
342,1,663,"IND",-10004.0,9764.0
343,12,666,"IND",-5378.0,52.0
344,25,667,"IND",9750.0,-9804.0
345,1,669,"IND",-9625.0,10484.0
346,13,670,"IND",498.0,268.0
347,21,672,"IND",-9876.0,-10444.0
348,1,673,"IND",-9748.0,9700.0
349,1,674,"IND",-10123.0,9988.0
350,1,675,"IND",-9999.0,9772.0
351,21,677,"IND",-10374.0,-9940.0
352,12,679,"IND",-5228.0,235.0
353,22,680,"IND",-4603.0,-10125.0
354,21,681,"IND",-10480.0,-10341.0
355,13,683,"IND",146.0,-53.0
356,7,684,"IND",-4726.0,4739.0
357,6,685,"IND",-10101.0,5379.0
358,13,688,"IND",23.0,163.0
359,18,689,"IND",-352.0,-4549.0
360,21,691,"IND",-10224.0,-9757.0
361,13,692,"IND",401.0,-117.0
362,13,694,"IND",-475.0,-333.0
363,12,695,"IND",-4850.0,-45.0
364,13,696,"IND",278.0,99.0
365,21,697,"IND",-10096.0,-9613.0
366,13,699,"IND",27.0,171.0
367,5,701,"IND",9653.0,10459.0
368,5,702,"IND",9763.0,10219.0
369,25,703,"IND",10388.0,-10493.0
370,12,705,"IND",-5488.0,291.0
371,12,706,"IND",-4863.0,-69.0
372,12,707,"IND",-4735.0,-277.0
373,1,710,"IND",-10110.0,10011.0
374,17,711,"IND",-4986.0,-4853.0
375,1,713,"IND",-10361.0,10435.0
376,18,714,"IND",-233.0,-4773.0
377,13,716,"IND",393.0,-485.0
378,25,717,"IND",9516.0,-10349.0
379,5,718,"IND",10142.0,9939.0
380,12,719,"IND",-4731.0,-269.0
381,25,721,"IND",9895.0,-9981.0
382,1,722,"IND",-9982.0,10155.0
383,25,724,"IND",9644.0,-9557.0
384,5,728,"IND",9648.0,9608.0
385,13,730,"IND",274.0,-104.0
386,13,731,"IND",397.0,-320.0
387,25,733,"IND",10023.0,-9680.0
388,13,735,"IND",151.0,112.0
389,12,737,"IND",-5224.0,400.0
390,13,739,"IND",-101.0,-464.0
391,13,742,"IND",-475.0,-176.0
392,11,749,"IND",-10347.0,-385.0
393,21,752,"IND",-9722.0,-10097.0
394,25,753,"IND",10402.0,-9960.0
395,13,754,"IND",27.0,328.0
396,12,765,"IND",-4845.0,119.0
397,12,767,"IND",-5220.0,-241.0
398,5,768,"IND",9904.0,9543.0
399,25,769,"IND",9529.0,-10169.0
400,1,770,"IND",-10360.0,9592.0
401,13,772,"IND",265.0,-120.0
402,18,773,"IND",388.0,-5336.0
403,12,776,"IND",-4986.0,-48.0
404,13,777,"IND",142.0,96.0
405,18,778,"IND",-233.0,-4616.0
406,23,779,"IND",-109.0,-9832.0
407,12,782,"IND",-5484.0,-192.0
408,12,783,"IND",-5356.0,-400.0
409,11,787,"IND",-9731.0,-112.0
410,13,788,"IND",393.0,-328.0
411,21,789,"IND",-9982.0,-9688.0
412,21,790,"IND",-9854.0,-9896.0
413,21,795,"IND",-10228.0,-9608.0
414,13,796,"IND",-105.0,176.0
415,1,797,"IND",-10479.0,9816.0
416,13,798,"IND",-334.0,-9.0
417,13,800,"IND",291.0,279.0
418,13,801,"IND",415.0,63.0
419,25,811,"IND",10040.0,-9649.0
420,1,812,"IND",-9832.0,10495.0
421,1,814,"IND",-10206.0,9783.0
422,18,817,"IND",-83.0,-5433.0
423,13,819,"IND",-457.0,-145.0
424,13,820,"IND",-330.0,-1.0
425,13,823,"IND",296.0,287.0
426,13,824,"IND",419.0,71.0
427,12,825,"IND",-4955.0,-289.0
428,1,827,"IND",-9827.0,9503.0
429,5,828,"IND",9798.0,9791.0
430,13,829,"IND",-79.0,-425.0
431,13,830,"IND",-453.0,215.0
432,13,832,"IND",-343.0,-377.0
433,14,833,"IND",5283.0,263.0
434,13,834,"IND",406.0,47.0
435,1,835,"IND",-9968.0,10335.0
436,13,838,"IND",159.0,127.0
437,1,839,"IND",-10215.0,9767.0
438,18,841,"IND",-92.0,-5449.0
439,25,842,"IND",9534.0,-10161.0
440,5,843,"IND",9662.0,9631.0
441,13,846,"IND",287.0,271.0
442,25,848,"IND",10410.0,-9945.0
443,12,849,"IND",-4964.0,343.0
444,5,850,"IND",10164.0,10487.0
445,12,856,"IND",-5211.0,-225.0
446,1,857,"IND",-10087.0,9559.0
447,13,861,"IND",-462.0,-153.0
448,13,864,"IND",-316.0,22.0
449,13,865,"IND",309.0,-338.0
450,13,866,"IND",432.0,446.0
451,21,867,"IND",-9942.0,-10266.0
452,13,869,"IND",186.0,-474.0
453,21,870,"IND",-10189.0,-9834.0
454,5,873,"IND",9935.0,9950.0
455,12,876,"IND",-5440.0,238.0
456,12,878,"IND",-5312.0,30.0
457,13,882,"IND",313.0,-330.0
458,13,883,"IND",437.0,454.0
459,25,884,"IND",10062.0,-10258.0
460,18,889,"IND",190.0,-5466.0
461,25,892,"IND",9816.0,-9826.0
462,13,894,"IND",-61.0,-42.0
463,12,895,"IND",-5435.0,246.0
464,13,897,"IND",-325.0,7.0
465,13,901,"IND",300.0,295.0
466,5,902,"IND",10424.0,10079.0
467,21,904,"IND",-9951.0,-10281.0
468,18,905,"IND",177.0,-5489.0
469,12,907,"IND",-5198.0,-201.0
470,18,908,"IND",-74.0,-5417.0
471,13,914,"IND",-449.0,223.0
472,21,915,"IND",-10321.0,-9985.0
473,13,921,"IND",305.0,302.0
474,13,922,"IND",428.0,439.0
475,1,923,"IND",-9946.0,9727.0
476,24,924,"IND",5181.0,-10482.0
477,7,930,"IND",-5193.0,4806.0
478,21,931,"IND",-10070.0,-10058.0
479,25,932,"IND",9556.0,-9770.0
480,21,933,"IND",-10299.0,-9594.0
481,25,934,"IND",10327.0,-10306.0
482,12,935,"IND",-4550.0,478.0
483,18,938,"IND",76.0,-4882.0
484,13,940,"IND",203.0,-90.0
485,25,941,"IND",9829.0,-9802.0
486,13,942,"IND",-48.0,-18.0
487,5,944,"IND",9578.0,9622.0
488,13,948,"IND",-294.0,414.0
489,13,950,"IND",331.0,-298.0
490,1,951,"IND",-9546.0,10486.0
491,25,953,"IND",10080.0,-9874.0
492,13,954,"IND",208.0,-83.0
493,25,957,"IND",9833.0,-9795.0
494,12,958,"IND",-5043.0,341.0
495,25,959,"IND",9582.0,-10371.0
496,25,960,"IND",9692.0,-9610.0
497,5,963,"IND",10318.0,9678.0
498,12,964,"IND",-4559.0,462.0
499,1,966,"IND",-9933.0,9750.0
500,13,968,"IND",195.0,-106.0
501,13,969,"IND",-180.0,182.0
502,21,970,"IND",-10057.0,-10034.0
503,12,971,"IND",-5431.0,254.0
504,13,973,"IND",-303.0,398.0
505,25,974,"IND",10322.0,-10314.0
506,12,979,"IND",-4554.0,470.0
507,13,980,"IND",71.0,-242.0
508,24,983,"IND",5199.0,-10098.0
509,13,985,"IND",-176.0,190.0
510,13,986,"IND",-52.0,-26.0
511,13,990,"IND",-427.0,-386.0
512,13,991,"IND",141.0,469.0
513,6,993,"IND",-10233.0,4757.0
514,13,994,"IND",-110.0,-107.0
515,5,995,"IND",9516.0,10181.0
516,21,999,"IND",-10357.0,-10027.0
517,5,1004,"IND",10269.0,10261.0
518,13,1007,"IND",392.0,397.0
519,13,1008,"IND",18.0,-315.0
520,21,1010,"IND",-9855.0,-9523.0
521,5,1014,"IND",9771.0,9765.0
522,13,1015,"IND",-106.0,-99.0
523,13,1016,"IND",-480.0,189.0
524,21,1018,"IND",-10352.0,-10019.0
525,21,1019,"IND",-9727.0,-10379.0
526,18,1020,"IND",397.0,-4595.0
527,13,1021,"IND",22.0,-307.0
528,1,1025,"IND",-9868.0,10454.0
529,1,1026,"IND",-10242.0,9742.0
530,12,1028,"IND",-5119.0,-474.0
531,13,1029,"IND",-493.0,166.0
532,18,1030,"IND",-366.0,-5042.0
533,25,1031,"IND",10260.0,-9754.0
534,5,1032,"IND",10383.0,10030.0
535,21,1033,"IND",-9991.0,-10330.0
536,5,1034,"IND",10137.0,10462.0
537,5,1036,"IND",9762.0,9750.0
538,25,1041,"IND",9886.0,-10466.0
539,13,1042,"IND",-489.0,174.0
540,13,1043,"IND",-361.0,-34.0
541,12,1047,"IND",-4736.0,253.0
542,4,1048,"IND",5388.0,10038.0
543,25,1049,"IND",10013.0,-10322.0
544,13,1051,"IND",159.0,-147.0
545,13,1053,"IND",-216.0,141.0
546,12,1061,"IND",-5092.0,-75.0
547,13,1064,"IND",-467.0,213.0
548,21,1066,"IND",-10339.0,-9643.0
549,13,1068,"IND",286.0,-355.0
550,17,1069,"IND",-4590.0,-4571.0
551,18,1073,"IND",35.0,-5283.0
552,12,1074,"IND",-4837.0,-139.0
553,21,1075,"IND",-10211.0,-9851.0
554,18,1076,"IND",-88.0,-5067.0
555,13,1079,"IND",-462.0,-427.0
556,12,1081,"IND",-5335.0,365.0
557,18,1083,"IND",291.0,-5347.0
558,5,1084,"IND",10414.0,10437.0
559,13,1086,"IND",40.0,77.0
560,5,1088,"IND",10150.0,10485.0
561,12,1091,"IND",-5225.0,125.0
562,25,1092,"IND",9899.0,-10091.0
563,1,1097,"IND",-10476.0,10197.0
564,13,1098,"IND",-348.0,-11.0
565,18,1099,"IND",278.0,-5371.0
566,13,1100,"IND",401.0,413.0
567,18,1105,"IND",27.0,-5299.0
568,7,1106,"IND",-4846.0,4845.0
569,21,1109,"IND",-10220.0,-9867.0
570,1,1112,"IND",-10097.0,9917.0
571,13,1113,"IND",-471.0,205.0
572,5,1115,"IND",9656.0,10349.0
573,13,1116,"IND",282.0,-363.0
574,5,1117,"IND",10405.0,10421.0
575,20,1119,"IND",10031.0,-5291.0
576,25,1120,"IND",10176.0,-10116.0
577,25,1123,"IND",9802.0,-10476.0
578,5,1125,"IND",9925.0,10308.0
579,25,1128,"IND",9551.0,-10404.0
580,13,1131,"IND",-322.0,388.0
581,21,1132,"IND",-9696.0,-9972.0
582,1,1135,"IND",-9573.0,9812.0
583,25,1139,"IND",10053.0,-9900.0
584,21,1140,"IND",-9819.0,-10108.0
585,15,1141,"IND",9806.0,-468.0
586,13,1142,"IND",-70.0,316.0
587,13,1154,"IND",-445.0,-396.0
588,5,1155,"IND",9683.0,9748.0
589,25,1156,"IND",10308.0,-9964.0
590,5,1158,"IND",10432.0,9820.0
591,18,1161,"IND",57.0,-4892.0
592,12,1166,"IND",-4833.0,-132.0
593,13,1170,"IND",-207.0,156.0
594,5,1172,"IND",9916.0,9940.0
595,25,1175,"IND",9542.0,-10420.0
596,21,1176,"IND",-10330.0,-9628.0
597,5,1180,"IND",10295.0,9660.0
598,22,1184,"IND",-4581.0,-10204.0
599,12,1187,"IND",-4956.0,84.0
600,12,1188,"IND",-4828.0,-124.0
601,25,1189,"IND",9797.0,-9836.0
602,12,1192,"IND",-5079.0,300.0
603,21,1196,"IND",-10454.0,-10412.0
604,13,1197,"IND",-326.0,380.0
605,21,1200,"IND",-9700.0,-10332.0
606,18,1201,"IND",423.0,-5196.0
607,13,1202,"IND",49.0,92.0
608,25,1204,"IND",10194.0,-9733.0
609,13,1205,"IND",-181.0,-445.0
610,1,1207,"IND",-10057.0,10340.0
611,12,1211,"IND",-5432.0,-21.0
612,13,1213,"IND",-304.0,-229.0
613,13,1214,"IND",322.0,59.0
614,1,1215,"IND",-9555.0,9843.0
615,13,1217,"IND",71.0,483.0
616,13,1219,"IND",198.0,275.0
617,13,1222,"IND",-176.0,-437.0
618,25,1223,"IND",9947.0,-10301.0
619,13,1225,"IND",-427.0,-13.0
620,18,1227,"IND",-300.0,-5221.0
621,12,1229,"IND",-4674.0,67.0
622,8,1232,"IND",449.0,5203.0
623,21,1233,"IND",-9925.0,-9509.0
624,21,1235,"IND",-9815.0,-9748.0
625,13,1236,"IND",-189.0,-460.0
626,18,1237,"IND",-66.0,-4676.0
627,13,1239,"IND",-440.0,-388.0
628,12,1240,"IND",-5313.0,-244.0
629,12,1241,"IND",-4687.0,44.0
630,5,1242,"IND",10436.0,9828.0
631,12,1243,"IND",-4938.0,116.0
632,13,1245,"IND",189.0,260.0
633,5,1250,"IND",9815.0,9548.0
634,12,1253,"IND",-5062.0,332.0
635,13,1256,"IND",-436.0,-380.0
636,18,1259,"IND",-308.0,-5236.0
637,13,1260,"IND",317.0,52.0
638,5,1262,"IND",10441.0,9836.0
639,8,1263,"IND",66.0,5476.0
640,12,1264,"IND",-4929.0,-360.0
641,18,1265,"IND",-304.0,-5072.0
642,1,1267,"IND",-10180.0,9712.0
643,10,1268,"IND",10445.0,5000.0
644,23,1269,"IND",-427.0,-9856.0
645,12,1271,"IND",-4802.0,432.0
646,13,1272,"IND",322.0,216.0
647,13,1273,"IND",-53.0,-496.0
648,13,1276,"IND",75.0,-352.0
649,5,1277,"IND",9701.0,9936.0
650,13,1279,"IND",-176.0,-280.0
651,13,1280,"IND",450.0,360.0
652,25,1282,"IND",9577.0,-9848.0
653,18,1283,"IND",203.0,-4560.0
654,13,1284,"IND",326.0,224.0
655,21,1285,"IND",-10048.0,-10136.0
656,21,1287,"IND",-9938.0,-9728.0
657,12,1289,"IND",-5313.0,-88.0
658,12,1290,"IND",-5189.0,-304.0
659,13,1291,"IND",436.0,-16.0
660,13,1293,"IND",-436.0,-224.0
661,5,1294,"IND",10190.0,10416.0
662,12,1295,"IND",-4687.0,200.0
663,12,1298,"IND",-5061.0,488.0
664,13,1299,"IND",66.0,280.0
665,21,1301,"IND",-10308.0,-10080.0
666,25,1302,"IND",9815.0,-10296.0
667,22,1304,"IND",-4559.0,-10008.0
668,13,1305,"IND",-431.0,136.0
669,21,1306,"IND",-9806.0,-9576.0
670,12,1307,"IND",-4683.0,208.0
671,13,1309,"IND",-57.0,496.0
672,25,1311,"IND",10088.0,-10329.0
673,25,1312,"IND",9714.0,-9689.0
674,13,1313,"IND",-163.0,95.0
675,1,1315,"IND",-9537.0,10383.0
676,13,1316,"IND",-410.0,175.0
677,1,1317,"IND",-9784.0,9815.0
678,12,1320,"IND",-4661.0,-401.0
679,13,1321,"IND",-35.0,-113.0
680,18,1323,"IND",93.0,-5321.0
681,12,1324,"IND",-5282.0,319.0
682,13,1326,"IND",-158.0,103.0
683,13,1327,"IND",467.0,391.0
684,13,1328,"IND",-405.0,183.0
685,1,1329,"IND",-9780.0,9823.0
686,12,1331,"IND",-4656.0,-393.0
687,18,1333,"IND",-31.0,-5105.0
688,12,1334,"IND",-4920.0,-344.0
689,25,1335,"IND",9705.0,-10056.0
690,5,1337,"IND",9828.0,9728.0
691,13,1338,"IND",454.0,368.0
692,13,1339,"IND",-418.0,160.0
693,18,1342,"IND",207.0,-4552.0
694,13,1343,"IND",331.0,232.0
695,21,1345,"IND",-10044.0,-10128.0
696,1,1346,"IND",-9916.0,9664.0
697,13,1348,"IND",-291.0,-48.0
698,14,1349,"IND",4833.0,88.0
699,19,1350,"IND",5458.0,-4624.0
700,21,1351,"IND",-10414.0,-9833.0
701,21,1353,"IND",-9788.0,-9545.0
702,12,1354,"IND",-4665.0,-409.0
703,18,1356,"IND",-39.0,-5121.0
704,18,1360,"IND",106.0,-4945.0
705,21,1362,"IND",-10269.0,-9657.0
706,13,1363,"IND",-145.0,127.0
707,21,1365,"IND",-9520.0,-10233.0
708,25,1367,"IND",9608.0,-10441.0
709,5,1369,"IND",10234.0,9847.0
710,21,1371,"IND",-9643.0,-10369.0
711,13,1374,"IND",-17.0,271.0
712,21,1381,"IND",-9890.0,-9937.0
713,5,1384,"IND",9736.0,10351.0
714,13,1385,"IND",-141.0,135.0
715,1,1386,"IND",-9515.0,9775.0
716,21,1397,"IND",-10388.0,-10434.0
717,18,1399,"IND",238.0,-5146.0
718,1,1400,"IND",-9639.0,9991.0
719,1,1401,"IND",-10013.0,10279.0
720,13,1402,"IND",97.0,39.0
721,13,1404,"IND",-277.0,327.0
722,13,1405,"IND",-154.0,111.0
723,13,1408,"IND",472.0,399.0
724,13,1409,"IND",-401.0,-457.0
725,13,1410,"IND",225.0,-169.0
726,13,1411,"IND",348.0,-385.0
727,13,1414,"IND",-26.0,-97.0
728,18,1415,"IND",101.0,-4953.0
729,13,1419,"IND",-273.0,335.0
730,13,1420,"IND",-150.0,119.0
731,13,1421,"IND",476.0,407.0
732,13,1422,"IND",-396.0,-449.0
733,13,1427,"IND",229.0,-161.0
734,21,1428,"IND",-9647.0,-10377.0
735,18,1429,"IND",-22.0,-4737.0
736,21,1430,"IND",-9877.0,-9914.0
737,13,1432,"IND",-251.0,-274.0
738,21,1433,"IND",-10128.0,-10490.0
739,5,1443,"IND",10498.0,9798.0
740,13,1444,"IND",-374.0,-58.0
741,13,1446,"IND",251.0,230.0
742,12,1449,"IND",-4625.0,14.0
743,13,1451,"IND",0.0,302.0
744,13,1452,"IND",128.0,446.0
745,13,1455,"IND",-247.0,-266.0
746,1,1456,"IND",-10123.0,9518.0
747,13,1457,"IND",-498.0,-194.0
748,1,1459,"IND",-10370.0,9950.0
749,13,1460,"IND",256.0,238.0
750,1,1461,"IND",-9621.0,10022.0
751,1,1462,"IND",-9995.0,10310.0
752,23,1464,"IND",115.0,-9930.0
753,13,1465,"IND",-260.0,358.0
754,8,1466,"IND",-136.0,5494.0
755,5,1467,"IND",10489.0,9782.0
756,25,1470,"IND",9617.0,-10426.0
757,13,1471,"IND",242.0,214.0
758,13,1473,"IND",366.0,-2.0
759,13,1474,"IND",-9.0,286.0
760,12,1475,"IND",-4881.0,78.0
761,5,1478,"IND",9745.0,9718.0
762,13,1480,"IND",-132.0,-498.0
763,13,1481,"IND",494.0,-210.0
764,5,1482,"IND",9621.0,9582.0
765,25,1488,"IND",10247.0,-9778.0
766,12,1489,"IND",-4630.0,6.0
767,13,1493,"IND",-4.0,294.0
768,19,1496,"IND",5000.0,-4541.0
769,13,1497,"IND",-374.0,-253.0
770,21,1498,"IND",-10251.0,-10117.0
771,5,1499,"IND",10375.0,10171.0
772,1,1501,"IND",-10497.0,9963.0
773,13,1502,"IND",128.0,-397.0
774,13,1505,"IND",251.0,387.0
775,12,1508,"IND",-5123.0,-325.0
776,13,1510,"IND",5.0,466.0
777,13,1514,"IND",-370.0,106.0
778,13,1515,"IND",-246.0,-109.0
779,13,1516,"IND",379.0,178.0
780,18,1521,"IND",-493.0,-5030.0
781,18,1524,"IND",132.0,-5390.0
782,21,1526,"IND",-9744.0,-9606.0
783,13,1527,"IND",-119.0,-318.0
784,1,1529,"IND",-10008.0,10443.0
785,13,1533,"IND",-383.0,-269.0
786,5,1534,"IND",9740.0,9515.0
787,21,1536,"IND",-9634.0,-9845.0
788,25,1537,"IND",10494.0,-10053.0
789,12,1539,"IND",-4881.0,235.0
790,1,1540,"IND",-9757.0,10019.0
791,25,1546,"IND",9868.0,-10341.0
792,13,1547,"IND",-4.0,451.0
793,12,1553,"IND",-5379.0,-261.0
794,18,1554,"IND",-255.0,-5125.0
795,13,1555,"IND",370.0,163.0
796,13,1556,"IND",498.0,-45.0
797,1,1562,"IND",-9876.0,10243.0
798,18,1563,"IND",247.0,-4621.0
799,13,1564,"IND",-127.0,-333.0
800,21,1565,"IND",-9982.0,-10158.0
801,21,1566,"IND",-10357.0,-9870.0
802,4,1567,"IND",4767.0,9914.0
803,12,1570,"IND",-4608.0,-446.0
804,5,1572,"IND",9520.0,10346.0
805,18,1573,"IND",146.0,-5366.0
806,1,1574,"IND",-9731.0,10418.0
807,25,1576,"IND",9895.0,-9942.0
808,1,1580,"IND",-9978.0,9850.0
809,5,1582,"IND",9648.0,10138.0
810,13,1583,"IND",-229.0,-78.0
811,13,1585,"IND",397.0,-438.0
812,13,1586,"IND",-475.0,354.0
813,21,1589,"IND",-9850.0,-10358.0
814,21,1590,"IND",-9727.0,-10222.0
815,18,1591,"IND",-101.0,-4934.0
816,13,1592,"IND",9.0,-174.0
817,25,1595,"IND",9635.0,-9886.0
818,13,1596,"IND",-242.0,-102.0
819,18,1598,"IND",384.0,-4814.0
820,13,1600,"IND",-489.0,330.0
821,21,1601,"IND",-9863.0,-10382.0
822,13,1602,"IND",260.0,402.0
823,23,1603,"IND",-114.0,-10310.0
824,21,1605,"IND",-9986.0,-10166.0
825,5,1606,"IND",9639.0,10122.0
826,25,1611,"IND",9762.0,-10094.0
827,13,1612,"IND",388.0,194.0
828,13,1615,"IND",-484.0,338.0
829,13,1617,"IND",141.0,-374.0
830,18,1618,"IND",265.0,-4590.0
831,18,1622,"IND",-110.0,-5302.0
832,18,1623,"IND",36.0,-5127.0
833,1,1625,"IND",-10339.0,9513.0
834,5,1626,"IND",9784.0,10297.0
835,13,1627,"IND",410.0,-415.0
836,13,1631,"IND",-462.0,377.0
837,13,1636,"IND",163.0,17.0
838,13,1639,"IND",287.0,-199.0
839,8,1640,"IND",-88.0,5089.0
840,13,1642,"IND",40.0,233.0
841,1,1646,"IND",-10335.0,9521.0
842,12,1647,"IND",-5211.0,305.0
843,13,1648,"IND",414.0,-407.0
844,13,1650,"IND",-458.0,-263.0
845,25,1651,"IND",10168.0,-9975.0
846,13,1652,"IND",291.0,-191.0
847,18,1653,"IND",-83.0,-4903.0
848,12,1657,"IND",-4973.0,-142.0
849,13,1658,"IND",-348.0,146.0
850,25,1660,"IND",9776.0,-9718.0
851,5,1661,"IND",10401.0,9570.0
852,18,1662,"IND",-471.0,-4638.0
853,18,1663,"IND",154.0,-5350.0
854,25,1664,"IND",10278.0,-10214.0
855,12,1665,"IND",-5097.0,74.0
856,13,1666,"IND",31.0,-135.0
857,13,1668,"IND",-343.0,-495.0
858,23,1673,"IND",-220.0,-9710.0
859,5,1674,"IND",10406.0,9578.0
860,21,1675,"IND",-10467.0,-9631.0
861,13,1679,"IND",159.0,9.0
862,25,1680,"IND",10282.0,-10207.0
863,13,1681,"IND",-92.0,81.0
864,21,1683,"IND",-9947.0,-9743.0
865,15,1685,"IND",9679.0,-455.0
866,25,1693,"IND",9802.0,-9671.0
867,13,1696,"IND",428.0,-31.0
868,13,1698,"IND",-445.0,-239.0
869,25,1700,"IND",10181.0,-9951.0
870,13,1701,"IND",304.0,185.0
871,21,1705,"IND",-10070.0,-9527.0
872,1,1706,"IND",-9942.0,10265.0
873,18,1707,"IND",-317.0,-5448.0
874,12,1708,"IND",-5194.0,-311.0
875,25,1711,"IND",10432.0,-10023.0
876,13,1713,"IND",-440.0,-232.0
877,5,1715,"IND",10185.0,10408.0
878,3,1716,"IND",309.0,10192.0
879,21,1718,"IND",-10066.0,-9520.0
880,13,1720,"IND",44.0,241.0
881,21,1723,"IND",-10330.0,-10471.0
882,25,1724,"IND",9793.0,-9687.0
883,18,1729,"IND",419.0,-5399.0
884,1,1730,"IND",-10453.0,9745.0
885,18,1731,"IND",172.0,-4967.0
886,25,1732,"IND",10295.0,-10183.0
887,21,1737,"IND",-10079.0,-9543.0
888,13,1738,"IND",49.0,249.0
889,8,1741,"IND",-326.0,4537.0
890,1,1744,"IND",-10202.0,10321.0
891,21,1745,"IND",-9577.0,-10039.0
892,25,1747,"IND",9551.0,-10247.0
893,13,1748,"IND",176.0,41.0
894,13,1749,"IND",300.0,-175.0
895,13,1751,"IND",-75.0,465.0
896,25,1752,"IND",9930.0,-10371.0
897,18,1755,"IND",-445.0,-5083.0
898,21,1757,"IND",-10321.0,-10299.0
899,5,1760,"IND",10304.0,9989.0
900,5,1763,"IND",10432.0,10133.0
901,25,1764,"IND",10058.0,-9579.0
902,21,1767,"IND",-9819.0,-9795.0
903,12,1771,"IND",-5193.0,-155.0
904,13,1772,"IND",-66.0,-363.0
905,24,1773,"IND",4560.0,-10075.0
906,18,1774,"IND",-317.0,-5291.0
907,13,1786,"IND",309.0,349.0
908,12,1787,"IND",-4563.0,141.0
909,1,1788,"IND",-9938.0,10429.0
910,13,1790,"IND",185.0,213.0
911,12,1793,"IND",-5189.0,-147.0
912,13,1798,"IND",-79.0,262.0
913,21,1802,"IND",-10453.0,-10098.0
914,12,1804,"IND",-5330.0,-314.0
915,23,1807,"IND",296.0,-10026.0
916,21,1808,"IND",-9577.0,-9883.0
917,12,1812,"IND",-4951.0,405.0
918,21,1816,"IND",-9828.0,-9810.0
919,13,1819,"IND",-202.0,477.0
920,7,1820,"IND",-5074.0,4621.0
921,13,1821,"IND",-449.0,-91.0
922,19,1824,"IND",4674.0,-5307.0
923,13,1828,"IND",300.0,-19.0
924,25,1829,"IND",10428.0,-9875.0
925,13,1832,"IND",53.0,413.0
926,13,1833,"IND",177.0,197.0
927,11,1834,"IND",-10198.0,485.0
928,5,1836,"IND",9948.0,9661.0
929,1,1837,"IND",-10427.0,10301.0
930,1,1839,"IND",-10304.0,10085.0
931,1,1843,"IND",-9678.0,10373.0
932,13,1845,"IND",450.0,165.0
933,18,1846,"IND",75.0,-5196.0
934,21,1847,"IND",-9801.0,-10411.0
935,13,1849,"IND",-176.0,-123.0
936,13,1851,"IND",-48.0,20.0
937,13,1854,"IND",-423.0,308.0
938,13,1855,"IND",-299.0,92.0
939,12,1857,"IND",-4674.0,380.0
940,12,1859,"IND",-4546.0,-476.0
941,21,1861,"IND",-9920.0,-10188.0
942,13,1864,"IND",203.0,-404.0
943,13,1865,"IND",-171.0,-116.0
944,18,1867,"IND",-61.0,-5355.0
945,15,1868,"IND",9564.0,-67.0
946,21,1869,"IND",-10312.0,-9931.0
947,13,1871,"IND",313.0,357.0
948,18,1872,"IND",441.0,-4851.0
949,16,1873,"IND",-9934.0,-4563.0
950,12,1874,"IND",-4810.0,-427.0
951,21,1875,"IND",-10185.0,-10139.0
952,12,1877,"IND",-5057.0,-347.0
953,25,1882,"IND",9569.0,-10059.0
954,13,1885,"IND",-308.0,77.0
955,12,1888,"IND",-4682.0,365.0
956,5,1891,"IND",10445.0,10157.0
957,1,1892,"IND",-9929.0,9797.0
958,1,1894,"IND",-9806.0,9581.0
959,13,1895,"IND",-180.0,-131.0
960,18,1896,"IND",-35.0,-4956.0
961,13,1897,"IND",-409.0,332.0
962,21,1899,"IND",-10286.0,-9884.0
963,5,1900,"IND",10340.0,9756.0
964,5,1901,"IND",10467.0,9548.0
965,18,1903,"IND",93.0,-5164.0
966,5,1904,"IND",10216.0,9972.0
967,13,1905,"IND",-158.0,260.0
968,2,1908,"IND",-5030.0,10052.0
969,13,1909,"IND",-405.0,340.0
970,13,1911,"IND",-282.0,476.0
971,13,1912,"IND",344.0,-236.0
972,13,1914,"IND",472.0,-444.0
973,16,1915,"IND",-9903.0,-5156.0
974,21,1916,"IND",-9779.0,-10020.0
975,25,1917,"IND",9846.0,-9732.0
976,1,1919,"IND",-10044.0,10028.0
977,12,1920,"IND",-5418.0,316.0
978,13,1922,"IND",-295.0,100.0
979,13,1926,"IND",331.0,388.0
980,1,1928,"IND",-9541.0,9532.0
981,13,1929,"IND",84.0,-180.0
982,13,1931,"IND",207.0,-396.0
983,5,1933,"IND",9833.0,9892.0
984,18,1935,"IND",-39.0,-4964.0
985,25,1937,"IND",9586.0,-9676.0
986,18,1940,"IND",-290.0,-4892.0
987,5,1947,"IND",10335.0,9748.0
988,18,1950,"IND",463.0,-5460.0
989,25,1951,"IND",10088.0,-10172.0
990,1,1952,"IND",-9788.0,9612.0
991,13,1963,"IND",-163.0,252.0
992,13,1965,"IND",-17.0,427.0
993,25,1966,"IND",9608.0,-10285.0
994,13,1967,"IND",-268.0,499.0
995,13,1968,"IND",357.0,-213.0
996,2,1970,"IND",-4515.0,9931.0
997,12,1971,"IND",-4890.0,219.0
998,25,1974,"IND",10234.0,-9997.0
999,13,1975,"IND",-141.0,291.0
1000,1,1976,"IND",-10013.0,10435.0
1001,21,1977,"IND",-10387.0,-10277.0
1002,12,1980,"IND",-5264.0,-493.0
1003,13,1981,"IND",362.0,-205.0
1004,13,1985,"IND",489.0,-61.0
1005,13,1986,"IND",115.0,227.0
1006,25,1987,"IND",10238.0,-9989.0
1007,5,1988,"IND",9864.0,9651.0
1008,7,1993,"IND",-5026.0,5060.0
1009,18,1994,"IND",-401.0,-5300.0
1010,13,1995,"IND",-277.0,484.0
1011,13,1996,"IND",348.0,-228.0
1012,1,1998,"IND",-9524.0,9564.0
1013,18,1999,"IND",102.0,-4796.0
1014,18,2009,"IND",225.0,-5012.0
1015,21,2010,"IND",-10149.0,-9724.0
1016,13,2012,"IND",-22.0,67.0
1017,13,2015,"IND",-396.0,-293.0
1018,25,2017,"IND",9727.0,-9509.0
1019,13,2018,"IND",353.0,-221.0
1020,1,2021,"IND",-9519.0,9923.0
1021,13,2022,"IND",106.0,211.0
1022,18,2023,"IND",229.0,-5005.0
1023,21,2025,"IND",-10145.0,-9717.0
1024,12,2026,"IND",-4577.0,491.0
1025,13,2027,"IND",48.0,-221.0
1026,5,2028,"IND",10172.0,9563.0
1027,1,2030,"IND",-10203.0,10203.0
1028,25,2031,"IND",9925.0,-10005.0
1029,18,2032,"IND",-450.0,-4717.0
1030,14,2033,"IND",4674.0,67.0
1031,18,2036,"IND",299.0,-5293.0
1032,25,2037,"IND",10427.0,-9501.0
1033,13,2039,"IND",53.0,-213.0
1034,18,2040,"IND",176.0,-5429.0
1035,12,2041,"IND",-5198.0,211.0
1036,25,2044,"IND",9929.0,-9997.0
1037,18,2046,"IND",-445.0,-4709.0
1038,18,2047,"IND",-322.0,-4573.0
1039,13,2048,"IND",304.0,-285.0
1040,18,2054,"IND",414.0,-4525.0
1041,12,2055,"IND",-4961.0,-237.0
1042,18,2059,"IND",163.0,-5453.0
1043,21,2062,"IND",-10212.0,-10165.0
1044,12,2063,"IND",-5084.0,-21.0
1045,5,2064,"IND",9542.0,10267.0
1046,18,2065,"IND",-335.0,-4949.0
1047,21,2067,"IND",-9709.0,-9661.0
1048,5,2068,"IND",10418.0,10483.0
1049,13,2071,"IND",44.0,-229.0
1050,21,2074,"IND",-9833.0,-10445.0
1051,13,2076,"IND",-207.0,-157.0
1052,13,2080,"IND",-80.0,-13.0
1053,21,2081,"IND",-10454.0,-9725.0
1054,21,2082,"IND",-10331.0,-9941.0
1055,18,2087,"IND",295.0,-4653.0
1056,13,2090,"IND",440.0,-478.0
1057,25,2092,"IND",10066.0,-9838.0
1058,13,2093,"IND",189.0,-54.0
1059,25,2095,"IND",9815.0,-9766.0
1060,13,2099,"IND",-58.0,378.0
1061,5,2100,"IND",9568.0,9666.0
1062,13,2102,"IND",-309.0,450.0
1063,13,2103,"IND",317.0,-262.0
1064,18,2105,"IND",445.0,-5118.0
1065,13,2106,"IND",70.0,170.0
1066,25,2112,"IND",10194.0,-10046.0
1067,13,2113,"IND",-181.0,242.0
1068,13,2119,"IND",-53.0,386.0
1069,8,2120,"IND",-428.0,4674.0
1070,1,2121,"IND",-10304.0,10458.0
1071,1,2122,"IND",-9679.0,9746.0
1072,5,2128,"IND",10431.0,9507.0
1073,13,2129,"IND",57.0,-205.0
1074,21,2130,"IND",-9820.0,-10069.0
1075,1,2131,"IND",-10194.0,10219.0
1076,21,2132,"IND",-10066.0,-9989.0
1077,1,2133,"IND",-10441.0,10299.0
1078,13,2136,"IND",-317.0,435.0
1079,25,2138,"IND",10308.0,-10277.0
1080,13,2139,"IND",436.0,-485.0
1081,13,2140,"IND",61.0,155.0
1082,13,2142,"IND",185.0,-61.0
1083,1,2146,"IND",-10190.0,10227.0
1084,1,2148,"IND",-10062.0,10018.0
1085,5,2149,"IND",9564.0,9658.0
1086,13,2151,"IND",-313.0,442.0
1087,18,2152,"IND",313.0,-5270.0
1088,25,2155,"IND",10458.0,-10094.0
1089,5,2156,"IND",10083.0,10194.0
1090,13,2157,"IND",207.0,330.0
1091,1,2158,"IND",-10168.0,9618.0
1092,13,2161,"IND",-40.0,410.0
1093,13,2162,"IND",-414.0,-302.0
1094,12,2164,"IND",-5291.0,-166.0
1095,13,2166,"IND",335.0,122.0
1096,18,2167,"IND",462.0,-5086.0
1097,13,2168,"IND",88.0,202.0
1098,21,2169,"IND",-9789.0,-9662.0
1099,12,2171,"IND",-5163.0,-374.0
1100,13,2172,"IND",-36.0,417.0
1101,18,2177,"IND",-410.0,-4943.0
1102,13,2178,"IND",-287.0,-158.0
1103,21,2181,"IND",-9661.0,-9871.0
1104,13,2183,"IND",449.0,-110.0
1105,13,2184,"IND",75.0,178.0
1106,23,2188,"IND",198.0,-10038.0
1107,13,2189,"IND",-176.0,250.0
1108,18,2191,"IND",-49.0,-4606.0
1109,13,2192,"IND",-423.0,-318.0
1110,16,2193,"IND",-10300.0,-4534.0
1111,13,2197,"IND",326.0,106.0
1112,5,2202,"IND",10453.0,9898.0
1113,13,2205,"IND",79.0,186.0
1114,21,2206,"IND",-9798.0,-10030.0
1115,13,2208,"IND",-172.0,-390.0
1116,25,2212,"IND",9956.0,-9598.0
1117,25,2213,"IND",9581.0,-10310.0
1118,13,2214,"IND",-295.0,474.0
1119,2,2216,"IND",-4670.0,10114.0
1120,13,2217,"IND",475.0,289.0
1121,13,2218,"IND",101.0,-423.0
1122,13,2219,"IND",224.0,361.0
1123,25,2223,"IND",9850.0,-10351.0
1124,12,2224,"IND",-5022.0,-207.0
1125,18,2226,"IND",-397.0,-4919.0
1126,9,2227,"IND",4727.0,4865.0
1127,18,2228,"IND",352.0,-4847.0
1128,13,2229,"IND",480.0,297.0
1129,21,2230,"IND",-9895.0,-10415.0
1130,1,2231,"IND",-9771.0,10369.0
1131,13,2232,"IND",-146.0,9.0
1132,1,2234,"IND",-10018.0,9801.0
1133,25,2239,"IND",9608.0,-9911.0
1134,13,2240,"IND",-269.0,-127.0
1135,13,2241,"IND",357.0,-487.0
1136,18,2245,"IND",467.0,-5079.0
1137,12,2246,"IND",-4908.0,-439.0
1138,13,2247,"IND",216.0,345.0
1139,21,2249,"IND",-10159.0,-10367.0
1140,18,2251,"IND",-31.0,-4575.0
1141,1,2259,"IND",-10406.0,10065.0
1142,1,2262,"IND",-10282.0,9849.0
1143,13,2264,"IND",343.0,137.0
1144,25,2266,"IND",10471.0,-10071.0
1145,21,2267,"IND",-9903.0,-10431.0
1146,13,2271,"IND",220.0,353.0
1147,21,2272,"IND",-10154.0,-10359.0
1148,13,2273,"IND",-27.0,-215.0
1149,1,2274,"IND",-10401.0,10073.0
1150,13,2277,"IND",-278.0,-143.0
1151,13,2279,"IND",348.0,145.0
1152,13,2281,"IND",352.0,310.0
1153,13,2282,"IND",-22.0,-50.0
1154,25,2284,"IND",10101.0,-10266.0
1155,12,2286,"IND",-5273.0,22.0
1156,13,2289,"IND",-146.0,-186.0
1157,13,2290,"IND",480.0,454.0
1158,5,2295,"IND",9603.0,10238.0
1159,18,2296,"IND",229.0,-5474.0
1160,18,2297,"IND",357.0,-5331.0
1161,1,2298,"IND",-10018.0,9957.0
1162,13,2303,"IND",106.0,-259.0
1163,13,2304,"IND",-269.0,29.0
1164,13,2307,"IND",-141.0,173.0
1165,25,2310,"IND",10484.0,-9539.0
1166,10,2311,"IND",9608.0,5245.0
1167,13,2313,"IND",233.0,-467.0
1168,1,2314,"IND",-9657.0,10294.0
1169,12,2315,"IND",-5031.0,-418.0
1170,18,2317,"IND",92.0,-5282.0
1171,21,2318,"IND",-10282.0,-9994.0
1172,13,2321,"IND",-154.0,-202.0
1173,5,2323,"IND",10471.0,10086.0
1174,12,2326,"IND",-5405.0,222.0
1175,13,2329,"IND",220.0,-490.0
1176,13,2330,"IND",348.0,302.0
1177,13,2333,"IND",-27.0,-58.0
1178,12,2337,"IND",-4903.0,-274.0
1179,18,2338,"IND",-278.0,-4986.0
1180,18,2339,"IND",-150.0,-5194.0
1181,25,2340,"IND",10476.0,-9554.0
1182,18,2352,"IND",-401.0,-4770.0
1183,18,2353,"IND",225.0,-5482.0
1184,13,2354,"IND",370.0,-307.0
1185,12,2356,"IND",-5005.0,-19.0
1186,5,2359,"IND",10119.0,9765.0
1187,13,2364,"IND",-256.0,405.0
1188,12,2368,"IND",-5128.0,197.0
1189,3,2370,"IND",498.0,10485.0
1190,25,2373,"IND",9621.0,-10379.0
1191,21,2374,"IND",-9753.0,-10091.0
1192,24,2378,"IND",5374.0,-10299.0
1193,5,2382,"IND",10000.0,9989.0
1194,25,2385,"IND",10123.0,-9875.0
1195,13,2386,"IND",-251.0,413.0
1196,25,2387,"IND",9876.0,-9795.0
1197,4,2390,"IND",4502.0,10493.0
1198,12,2394,"IND",-5375.0,-371.0
1199,12,2395,"IND",-4749.0,-83.0
1200,5,2398,"IND",10361.0,9677.0
1201,13,2399,"IND",-13.0,-35.0
1202,16,2400,"IND",-9890.0,-5251.0
1203,5,2402,"IND",9736.0,10037.0
1204,13,2403,"IND",-137.0,181.0
1205,21,2405,"IND",-9511.0,-9531.0
1206,25,2409,"IND",9612.0,-9747.0
1207,18,2411,"IND",238.0,-5459.0
1208,18,2412,"IND",365.0,-5315.0
1209,1,2413,"IND",-10009.0,9973.0
1210,5,2415,"IND",10114.0,9757.0
1211,21,2417,"IND",-10260.0,-9603.0
1212,18,2420,"IND",-132.0,-4811.0
1213,21,2421,"IND",-9507.0,-9523.0
1214,9,2423,"IND",4617.0,5261.0
1215,25,2425,"IND",10242.0,-10099.0
1216,13,2427,"IND",387.0,76.0
1217,13,2430,"IND",13.0,364.0
1218,13,2431,"IND",136.0,148.0
1219,5,2433,"IND",9762.0,10436.0
1220,13,2434,"IND",-110.0,-420.0
1221,25,2435,"IND",9515.0,-10132.0
1222,1,2437,"IND",-10361.0,9652.0
1223,21,2438,"IND",-9736.0,-10060.0
1224,13,2439,"IND",392.0,84.0
1225,2,2440,"IND",-4983.0,10372.0
1226,25,2441,"IND",10141.0,-9844.0
1227,13,2443,"IND",-234.0,444.0
1228,21,2448,"IND",-10106.0,-10412.0
1229,13,2451,"IND",-480.0,-124.0
1230,1,2454,"IND",-10357.0,9660.0
1231,25,2457,"IND",10269.0,-9700.0
1232,18,2458,"IND",379.0,-5291.0
1233,12,2460,"IND",-4996.0,349.0
1234,18,2461,"IND",128.0,-4867.0
1235,13,2462,"IND",-247.0,421.0
1236,1,2466,"IND",-10119.0,10213.0
1237,13,2467,"IND",-494.0,-147.0
1238,21,2468,"IND",-10370.0,-10363.0
1239,13,2469,"IND",255.0,-75.0
1240,13,2471,"IND",383.0,-284.0
1241,18,2472,"IND",9.0,-4644.0
1242,25,2477,"IND",10132.0,-9859.0
1243,13,2479,"IND",-242.0,428.0
1244,18,2481,"IND",-115.0,-5428.0
1245,5,2483,"IND",9511.0,9860.0
1246,13,2486,"IND",-366.0,-356.0
1247,1,2487,"IND",-9740.0,9932.0
1248,13,2488,"IND",405.0,108.0
1249,13,2492,"IND",31.0,396.0
1250,5,2493,"IND",10154.0,9532.0
1251,5,2494,"IND",9780.0,9820.0
1252,18,2497,"IND",-93.0,-5388.0
1253,5,2499,"IND",9533.0,10252.0
1254,5,2500,"IND",9656.0,10036.0
1255,21,2502,"IND",-9718.0,-9676.0
1256,25,2508,"IND",10409.0,-9884.0
1257,13,2509,"IND",35.0,-245.0
1258,25,2510,"IND",10158.0,-10460.0
1259,13,2513,"IND",-216.0,-172.0
1260,25,2515,"IND",9912.0,-10381.0
1261,12,2517,"IND",-5463.0,259.0
1262,13,2518,"IND",-339.0,43.0
1263,13,2520,"IND",286.0,331.0
1264,13,2521,"IND",396.0,92.0
1265,21,2523,"IND",-9978.0,-9620.0
1266,12,2526,"IND",-4855.0,164.0
1267,13,2527,"IND",-229.0,-196.0
1268,18,2529,"IND",-102.0,-5404.0
1269,13,2530,"IND",-476.0,-116.0
1270,5,2535,"IND",9647.0,9668.0
1271,5,2542,"IND",10273.0,10308.0
1272,5,2543,"IND",10401.0,10100.0
1273,21,2544,"IND",-9974.0,-9612.0
1274,25,2545,"IND",10150.0,-10476.0
1275,13,2547,"IND",-225.0,-188.0
1276,1,2553,"IND",-10097.0,9604.0
1277,21,2554,"IND",-10472.0,-10108.0
1278,13,2555,"IND",-348.0,28.0
1279,25,2558,"IND",10277.0,-9684.0
1280,5,2560,"IND",10282.0,10480.0
1281,5,2562,"IND",9907.0,9768.0
1282,13,2563,"IND",31.0,-448.0
1283,13,2564,"IND",-344.0,192.0
1284,25,2565,"IND",9784.0,-10016.0
1285,13,2567,"IND",410.0,272.0
1286,13,2568,"IND",-467.0,56.0
1287,5,2571,"IND",10159.0,9696.0
1288,20,2572,"IND",10286.0,-4512.0
1289,1,2573,"IND",-10088.0,9776.0
1290,18,2575,"IND",35.0,-5088.0
1291,21,2576,"IND",-10339.0,-9800.0
1292,18,2578,"IND",-212.0,-5008.0
1293,13,2579,"IND",414.0,280.0
1294,5,2580,"IND",9537.0,10416.0
1295,13,2581,"IND",163.0,-296.0
1296,18,2584,"IND",273.0,-4535.0
1297,13,2585,"IND",-101.0,-247.0
1298,18,2587,"IND",22.0,-5463.0
1299,5,2589,"IND",9648.0,9825.0
1300,13,2590,"IND",-225.0,-32.0
1301,25,2595,"IND",10401.0,-9744.0
1302,1,2597,"IND",-10476.0,10041.0
1303,13,2599,"IND",150.0,328.0
1304,5,2601,"IND",10277.0,10472.0
1305,18,2602,"IND",-97.0,-5240.0
1306,5,2605,"IND",10026.0,9544.0
1307,5,2606,"IND",9652.0,10184.0
1308,13,2607,"IND",-220.0,-24.0
1309,5,2609,"IND",10405.0,10264.0
1310,1,2611,"IND",-10471.0,10048.0
1311,25,2612,"IND",10154.0,-10312.0
1312,13,2613,"IND",299.0,-136.0
1313,21,2616,"IND",-10075.0,-9848.0
1314,13,2623,"IND",48.0,-64.0
1315,13,2624,"IND",-326.0,224.0
1316,18,2625,"IND",-198.0,-4633.0
1317,21,2626,"IND",-9573.0,-10345.0
1318,13,2627,"IND",-449.0,440.0
1319,13,2633,"IND",176.0,-272.0
1320,18,2636,"IND",304.0,-5129.0
1321,13,2638,"IND",-71.0,159.0
1322,13,2641,"IND",53.0,-57.0
1323,13,2645,"IND",-322.0,231.0
1324,13,2646,"IND",-194.0,375.0
1325,13,2647,"IND",432.0,-337.0
1326,1,2650,"IND",-10445.0,10447.0
1327,4,2651,"IND",5181.0,10087.0
1328,13,2652,"IND",291.0,496.0
1329,9,2654,"IND",4916.0,5136.0
1330,12,2655,"IND",-4960.0,-80.0
1331,16,2656,"IND",-10335.0,-4792.0
1332,14,2657,"IND",4793.0,0.0
1333,13,2659,"IND",418.0,-360.0
1334,21,2660,"IND",-10458.0,-9576.0
1335,13,2661,"IND",167.0,-288.0
1336,1,2664,"IND",-9705.0,9504.0
1337,12,2668,"IND",-5079.0,144.0
1338,13,2669,"IND",44.0,-72.0
1339,1,2671,"IND",-10330.0,10216.0
1340,18,2673,"IND",-203.0,-4992.0
1341,1,2674,"IND",-9577.0,9648.0
1342,13,2676,"IND",-454.0,432.0
1343,13,2677,"IND",172.0,-280.0
1344,20,2678,"IND",10317.0,-5105.0
1345,5,2680,"IND",9943.0,10183.0
1346,18,2681,"IND",66.0,-4681.0
1347,5,2685,"IND",9692.0,9607.0
1348,13,2686,"IND",-181.0,399.0
1349,25,2688,"IND",10445.0,-9961.0
1350,15,2695,"IND",9568.0,-177.0
1351,13,2696,"IND",194.0,111.0
1352,21,2699,"IND",-9679.0,-10097.0
1353,21,2700,"IND",-10053.0,-10457.0
1354,1,2701,"IND",-9930.0,10327.0
1355,20,2704,"IND",9696.0,-5385.0
1356,21,2711,"IND",-10176.0,-9593.0
1357,1,2713,"IND",-9551.0,10047.0
1358,12,2714,"IND",-5427.0,-169.0
1359,13,2718,"IND",198.0,119.0
1360,13,2721,"IND",308.0,-121.0
1361,1,2723,"IND",-10066.0,10167.0
1362,21,2725,"IND",-9943.0,-10049.0
1363,21,2726,"IND",-10317.0,-10409.0
1364,5,2727,"IND",9810.0,10383.0
1365,12,2728,"IND",-4564.0,-329.0
1366,5,2729,"IND",9559.0,10455.0
1367,13,2730,"IND",185.0,95.0
1368,18,2733,"IND",313.0,-5113.0
1369,13,2738,"IND",-62.0,175.0
1370,12,2742,"IND",-4938.0,-41.0
1371,13,2743,"IND",-313.0,-401.0
1372,12,2744,"IND",-5185.0,391.0
1373,13,2751,"IND",440.0,-321.0
1374,13,2752,"IND",-436.0,-185.0
1375,5,2757,"IND",10189.0,10103.0
1376,12,2758,"IND",-4665.0,278.0
1377,5,2759,"IND",9960.0,9566.0
1378,13,2761,"IND",84.0,350.0
1379,21,2762,"IND",-10291.0,-10010.0
1380,12,2764,"IND",-5163.0,-218.0
1381,13,2765,"IND",462.0,70.0
1382,18,2766,"IND",-414.0,-5146.0
1383,5,2768,"IND",10211.0,10494.0
1384,21,2771,"IND",-9661.0,-9714.0
1385,12,2775,"IND",-5035.0,-426.0
1386,25,2776,"IND",10088.0,-9642.0
1387,18,2777,"IND",-286.0,-5002.0
1388,13,2778,"IND",-159.0,-210.0
1389,12,2779,"IND",-4533.0,78.0
1390,12,2781,"IND",-5410.0,-138.0
1391,12,2782,"IND",-4784.0,-498.0
1392,21,2785,"IND",-9674.0,-10089.0
1393,13,2791,"IND",-49.0,-449.0
1394,13,2792,"IND",75.0,335.0
1395,13,2794,"IND",-300.0,-377.0
1396,18,2799,"IND",-172.0,-5233.0
1397,13,2801,"IND",454.0,54.0
1398,1,2804,"IND",-10423.0,9839.0
1399,5,2807,"IND",10203.0,10127.0
1400,13,2808,"IND",330.0,270.0
1401,13,2809,"IND",-44.0,-442.0
1402,25,2811,"IND",10079.0,-9658.0
1403,22,2812,"IND",-5295.0,-10370.0
1404,1,2816,"IND",-10168.0,9774.0
1405,13,2817,"IND",458.0,62.0
1406,13,2819,"IND",-419.0,-154.0
1407,21,2823,"IND",-9793.0,-9866.0
1408,18,2824,"IND",211.0,-5349.0
1409,21,2825,"IND",-10163.0,-10061.0
1410,13,2830,"IND",-40.0,-277.0
1411,25,2831,"IND",9586.0,-9989.0
1412,13,2833,"IND",-286.0,155.0
1413,13,2834,"IND",339.0,443.0
1414,1,2835,"IND",-9537.0,10227.0
1415,13,2836,"IND",88.0,-485.0
1416,1,2837,"IND",-9784.0,9659.0
1417,18,2840,"IND",-159.0,-5053.0
1418,5,2841,"IND",9965.0,9731.0
1419,5,2842,"IND",9590.0,10019.0
1420,12,2843,"IND",-5282.0,163.0
1421,13,2844,"IND",344.0,451.0
1422,5,2846,"IND",10467.0,10235.0
1423,18,2848,"IND",93.0,-5477.0
1424,18,2850,"IND",203.0,-4717.0
1425,12,2852,"IND",-5172.0,-429.0
1426,13,2853,"IND",-48.0,-293.0
1427,5,2860,"IND",9577.0,9995.0
1428,11,2861,"IND",-10295.0,-213.0
1429,1,2863,"IND",-9670.0,10427.0
1430,13,2864,"IND",454.0,211.0
1431,25,2869,"IND",10079.0,-9501.0
1432,21,2870,"IND",-9793.0,-9709.0
1433,18,2875,"IND",-167.0,-5069.0
1434,13,2876,"IND",-44.0,-285.0
1435,1,2877,"IND",-10418.0,10003.0
1436,13,2878,"IND",-291.0,-205.0
1437,19,2879,"IND",5335.0,-4565.0
1438,5,2880,"IND",10458.0,10219.0
1439,5,2881,"IND",10084.0,9507.0
1440,5,2884,"IND",10229.0,9682.0
1441,21,2885,"IND",-10145.0,-10030.0
1442,25,2887,"IND",9978.0,-9894.0
1443,12,2888,"IND",-5396.0,394.0
1444,13,2890,"IND",-269.0,186.0
1445,10,2894,"IND",10357.0,5474.0
1446,1,2896,"IND",-9520.0,9610.0
1447,13,2899,"IND",106.0,-102.0
1448,25,2904,"IND",10233.0,-10310.0
1449,21,2905,"IND",-10141.0,-9670.0
1450,25,2906,"IND",9982.0,-9886.0
1451,13,2908,"IND",-392.0,402.0
1452,25,2909,"IND",9736.0,-9806.0
1453,18,2912,"IND",361.0,-5166.0
1454,13,2913,"IND",485.0,-382.0
1455,5,2916,"IND",10110.0,9906.0
1456,12,2918,"IND",-4780.0,-334.0
1457,25,2922,"IND",9846.0,-10046.0
1458,21,2923,"IND",-10031.0,-10261.0
1459,21,2924,"IND",-10405.0,-9621.0
1460,13,2927,"IND",-278.0,170.0
1461,13,2928,"IND",348.0,458.0
1462,1,2929,"IND",-9529.0,10242.0
1463,18,2931,"IND",97.0,-5118.0
1464,1,2932,"IND",-9775.0,9674.0
1465,15,2937,"IND",9850.0,-38.0
1466,25,2938,"IND",9974.0,-10254.0
1467,1,2942,"IND",-10401.0,10386.0
1468,13,2943,"IND",-273.0,178.0
1469,13,2944,"IND",352.0,466.0
1470,25,2945,"IND",10476.0,-10398.0
1471,25,2946,"IND",10101.0,-10110.0
1472,13,2947,"IND",247.0,66.0
1473,4,2948,"IND",4872.0,10354.0
1474,25,2950,"IND",9996.0,-9862.0
1475,25,2953,"IND",9621.0,-9574.0
1476,5,2954,"IND",9749.0,9569.0
1477,25,2956,"IND",10374.0,-10143.0
1478,13,2957,"IND",498.0,-359.0
1479,12,2962,"IND",-4877.0,281.0
1480,13,2963,"IND",251.0,73.0
1481,5,2964,"IND",9877.0,10361.0
1482,12,2967,"IND",-5000.0,145.0
1483,17,2969,"IND",-5374.0,-5215.0
1484,12,2971,"IND",-5247.0,-423.0
1485,18,2972,"IND",379.0,-5135.0
1486,25,2973,"IND",9502.0,-10351.0
1487,18,2974,"IND",128.0,-4711.0
1488,13,2975,"IND",238.0,-302.0
1489,13,2980,"IND",-137.0,338.0
1490,18,2981,"IND",-13.0,-4878.0
1491,12,2982,"IND",-5388.0,410.0
1492,12,2983,"IND",-5260.0,-446.0
1493,12,2984,"IND",-4634.0,-158.0
1494,18,2985,"IND",489.0,-5374.0
1495,21,2986,"IND",-9885.0,-10086.0
1496,1,2987,"IND",-9758.0,10058.0
1497,21,2989,"IND",-10132.0,-9654.0
1498,13,2991,"IND",-9.0,130.0
1499,1,2993,"IND",-10383.0,10418.0
1500,22,2994,"IND",-5256.0,-10438.0
1501,13,2997,"IND",370.0,-150.0
1502,13,2999,"IND",493.0,-366.0
1503,12,3001,"IND",-4881.0,-78.0
1504,12,3004,"IND",-4736.0,97.0
1505,25,3006,"IND",9890.0,-10263.0
1506,13,3007,"IND",13.0,-479.0
1507,1,3008,"IND",-10361.0,9809.0
1508,1,3009,"IND",-10234.0,9601.0
1509,21,3011,"IND",-9608.0,-9759.0
1510,21,3012,"IND",-10485.0,-9975.0
1511,24,3013,"IND",5141.0,-9687.0
1512,18,3014,"IND",269.0,-4895.0
1513,5,3016,"IND",9894.0,9745.0
1514,13,3017,"IND",18.0,-471.0
1515,13,3021,"IND",-357.0,-183.0
1516,12,3022,"IND",-5229.0,-39.0
1517,21,3025,"IND",-9604.0,-9751.0
1518,12,3028,"IND",-5480.0,33.0
1519,1,3031,"IND",-9855.0,10321.0
1520,13,3034,"IND",255.0,81.0
1521,13,3035,"IND",-119.0,369.0
1522,13,3037,"IND",4.0,153.0
1523,21,3039,"IND",-10370.0,-10207.0
1524,13,3041,"IND",-242.0,-415.0
1525,13,3044,"IND",383.0,-127.0
1526,18,3045,"IND",-493.0,-4991.0
1527,5,3046,"IND",10132.0,10297.0
1528,5,3047,"IND",10260.0,10089.0
1529,1,3048,"IND",-10115.0,10377.0
1530,13,3049,"IND",9.0,-487.0
1531,1,3051,"IND",-10366.0,9801.0
1532,12,3052,"IND",-5238.0,-407.0
1533,18,3053,"IND",388.0,-4767.0
1534,18,3058,"IND",-489.0,-4983.0
1535,13,3059,"IND",137.0,305.0
1536,12,3060,"IND",-5296.0,-487.0
1537,13,3061,"IND",330.0,-199.0
1538,12,3063,"IND",-4547.0,-415.0
1539,13,3064,"IND",79.0,-127.0
1540,25,3066,"IND",10206.0,-9983.0
1541,25,3067,"IND",9832.0,-9695.0
1542,18,3069,"IND",-45.0,-4911.0
1543,1,3070,"IND",-10419.0,10377.0
1544,25,3073,"IND",9709.0,-10480.0
1545,13,3077,"IND",334.0,-192.0
1546,12,3078,"IND",-4542.0,-408.0
1547,13,3080,"IND",83.0,-120.0
1548,13,3081,"IND",211.0,24.0
1549,13,3082,"IND",-164.0,312.0
1550,1,3085,"IND",-10040.0,10096.0
1551,18,3088,"IND",-415.0,-5264.0
1552,13,3090,"IND",-305.0,145.0
1553,13,3091,"IND",321.0,-215.0
1554,1,3094,"IND",-9556.0,9569.0
1555,13,3095,"IND",70.0,-143.0
1556,13,3096,"IND",198.0,-351.0
1557,21,3098,"IND",-10177.0,-9711.0
1558,18,3099,"IND",-53.0,-4927.0
1559,13,3100,"IND",-428.0,361.0
1560,13,3102,"IND",-300.0,153.0
1561,13,3103,"IND",325.0,-207.0
1562,13,3105,"IND",449.0,-423.0
1563,16,3107,"IND",-9926.0,-5135.0
1564,13,3108,"IND",202.0,-343.0
1565,25,3110,"IND",9828.0,-9703.0
1566,21,3112,"IND",-10049.0,-9919.0
1567,1,3116,"IND",-10424.0,10369.0
1568,5,3117,"IND",9722.0,9544.0
1569,16,3120,"IND",-9653.0,-5168.0
1570,18,3121,"IND",471.0,-5032.0
1571,13,3122,"IND",96.0,256.0
1572,18,3123,"IND",224.0,-4952.0
1573,13,3125,"IND",-150.0,-312.0
1574,13,3127,"IND",-27.0,472.0
1575,13,3128,"IND",-402.0,-240.0
1576,13,3129,"IND",-274.0,-448.0
1577,13,3132,"IND",352.0,192.0
1578,13,3133,"IND",475.0,-24.0
1579,18,3135,"IND",101.0,-4736.0
1580,18,3136,"IND",228.0,-4944.0
1581,19,3138,"IND",4854.0,-5304.0
1582,21,3139,"IND",-10023.0,-9520.0
1583,25,3143,"IND",9603.0,-10232.0
1584,13,3146,"IND",-287.0,-472.0
1585,22,3152,"IND",-4661.0,-10184.0
1586,13,3155,"IND",462.0,-400.0
1587,13,3158,"IND",87.0,240.0
1588,13,3159,"IND",215.0,32.0
1589,9,3160,"IND",4841.0,5320.0
1590,25,3161,"IND",9964.0,-9896.0
1591,18,3164,"IND",-410.0,-5256.0
1592,13,3165,"IND",-283.0,-464.0
1593,13,3166,"IND",343.0,-176.0
1594,13,3168,"IND",466.0,-392.0
1595,13,3171,"IND",92.0,248.0
1596,1,3174,"IND",-9780.0,10040.0
1597,12,3176,"IND",-5155.0,328.0
1598,18,3183,"IND",-31.0,-4536.0
1599,1,3186,"IND",-10406.0,9752.0
1600,13,3187,"IND",-261.0,-73.0
1601,13,3190,"IND",365.0,215.0
1602,5,3192,"IND",10488.0,9999.0
1603,13,3196,"IND",114.0,-361.0
1604,13,3205,"IND",242.0,431.0
1605,13,3206,"IND",-133.0,-281.0
1606,1,3207,"IND",-10009.0,9503.0
1607,13,3210,"IND",-384.0,143.0
1608,13,3211,"IND",-256.0,-65.0
1609,21,3213,"IND",-9631.0,-9777.0
1610,12,3214,"IND",-4507.0,7.0
1611,13,3215,"IND",118.0,-353.0
1612,13,3216,"IND",246.0,439.0
1613,18,3217,"IND",-128.0,-5273.0
1614,3,3220,"IND",-5.0,9511.0
1615,13,3221,"IND",-380.0,151.0
1616,5,3223,"IND",9731.0,9560.0
1617,13,3226,"IND",356.0,200.0
1618,18,3227,"IND",480.0,-5016.0
1619,13,3228,"IND",105.0,272.0
1620,12,3229,"IND",-4767.0,416.0
1621,25,3230,"IND",9858.0,-10296.0
1622,13,3233,"IND",-18.0,488.0
1623,21,3234,"IND",-10393.0,-10224.0
1624,1,3237,"IND",-10265.0,9919.0
1625,13,3238,"IND",361.0,207.0
1626,1,3239,"IND",-9516.0,9992.0
1627,1,3240,"IND",-9891.0,10279.0
1628,13,3242,"IND",237.0,423.0
1629,12,3248,"IND",-5137.0,-289.0
1630,25,3249,"IND",9986.0,-9505.0
1631,13,3252,"IND",-388.0,-217.0
1632,5,3253,"IND",9757.0,9959.0
1633,13,3254,"IND",383.0,-401.0
1634,25,3256,"IND",9506.0,-9617.0
1635,13,3261,"IND",131.0,-329.0
1636,13,3262,"IND",259.0,463.0
1637,5,3264,"IND",9885.0,10103.0
1638,13,3265,"IND",8.0,-113.0
1639,25,3267,"IND",9634.0,-9825.0
1640,5,3268,"IND",9761.0,10318.0
1641,12,3270,"IND",-4613.0,-394.0
1642,5,3271,"IND",9510.0,10391.0
1643,18,3274,"IND",136.0,-5321.0
1644,18,3275,"IND",264.0,-5178.0
1645,1,3278,"IND",-10111.0,10110.0
1646,12,3280,"IND",-4987.0,-106.0
1647,1,3282,"IND",-10362.0,10182.0
1648,13,3283,"IND",-252.0,-57.0
1649,13,3284,"IND",374.0,231.0
1650,17,3289,"IND",-4503.0,-4633.0
1651,12,3290,"IND",-4877.0,-345.0
1652,12,3292,"IND",-4750.0,447.0
1653,19,3293,"IND",4876.0,-5265.0
1654,18,3294,"IND",-1.0,-5129.0
1655,15,3295,"IND",9625.0,159.0
1656,13,3301,"IND",-247.0,-49.0
1657,5,3304,"IND",10378.0,9591.0
1658,1,3306,"IND",-10498.0,10375.0
1659,18,3309,"IND",127.0,-5337.0
1660,1,3310,"IND",-9745.0,10455.0
1661,13,3311,"IND",-120.0,95.0
1662,25,3313,"IND",10004.0,-10121.0
1663,12,3316,"IND",-5371.0,167.0
1664,21,3318,"IND",-10366.0,-9669.0
1665,1,3321,"IND",-9741.0,9619.0
1666,1,3325,"IND",-9617.0,9755.0
1667,13,3328,"IND",8.0,43.0
1668,25,3329,"IND",10136.0,-10165.0
1669,13,3330,"IND",-238.0,123.0
1670,13,3333,"IND",-115.0,259.0
1671,5,3335,"IND",9510.0,9547.0
1672,13,3336,"IND",-362.0,339.0
1673,5,3337,"IND",10264.0,9979.0
1674,13,3338,"IND",387.0,-237.0
1675,25,3339,"IND",10013.0,-9949.0
1676,1,3341,"IND",-9860.0,9843.0
1677,13,3342,"IND",-234.0,483.0
1678,13,3343,"IND",-111.0,267.0
1679,21,3344,"IND",-10485.0,-10445.0
1680,13,3345,"IND",-375.0,316.0
1681,13,3346,"IND",251.0,-396.0
1682,1,3350,"IND",-9626.0,10388.0
1683,13,3354,"IND",0.0,28.0
1684,13,3356,"IND",127.0,-181.0
1685,13,3357,"IND",-247.0,107.0
1686,13,3359,"IND",-124.0,-109.0
1687,3,3362,"IND",-498.0,9531.0
1688,13,3365,"IND",-371.0,323.0
1689,1,3366,"IND",-9745.0,9611.0
1690,18,3367,"IND",378.0,-4605.0
1691,25,3371,"IND",10004.0,-9965.0
1692,21,3372,"IND",-9868.0,-10173.0
1693,1,3373,"IND",-10243.0,10115.0
1694,12,3374,"IND",-5119.0,251.0
1695,25,3375,"IND",9506.0,-10461.0
1696,12,3378,"IND",-5349.0,-285.0
1697,12,3382,"IND",-4723.0,3.0
1698,13,3385,"IND",400.0,-213.0
1699,18,3386,"IND",26.0,-4925.0
1700,5,3388,"IND",10154.0,10218.0
1701,5,3389,"IND",9779.0,9506.0
1702,18,3390,"IND",-97.0,-4709.0
1703,1,3393,"IND",-10472.0,9930.0
1704,18,3395,"IND",-344.0,-5278.0
1705,13,3396,"IND",281.0,10.0
1706,13,3397,"IND",405.0,-206.0
1707,5,3399,"IND",10030.0,10434.0
1708,25,3401,"IND",10158.0,-9774.0
1709,13,3402,"IND",-216.0,-486.0
1710,25,3403,"IND",9907.0,-9702.0
1711,21,3404,"IND",-10468.0,-10062.0
1712,13,3406,"IND",-357.0,347.0
1713,5,3407,"IND",10268.0,9987.0
1714,5,3409,"IND",10392.0,9771.0
1715,18,3410,"IND",17.0,-4941.0
1716,10,3411,"IND",10145.0,5203.0
1717,13,3412,"IND",-230.0,491.0
1718,1,3413,"IND",-10106.0,10275.0
1719,12,3414,"IND",-5481.0,-437.0
1720,13,3415,"IND",-353.0,-293.0
1721,17,3417,"IND",-4727.0,-5005.0
1722,13,3419,"IND",396.0,-221.0
1723,13,3423,"IND",21.0,67.0
1724,1,3425,"IND",-9851.0,10211.0
1725,25,3427,"IND",9775.0,-9501.0
1726,13,3430,"IND",-102.0,283.0
1727,25,3433,"IND",9524.0,-10429.0
1728,18,3437,"IND",-331.0,-5254.0
1729,13,3439,"IND",295.0,386.0
1730,18,3440,"IND",418.0,-4830.0
1731,13,3441,"IND",43.0,458.0
1732,12,3444,"IND",-4829.0,250.0
1733,13,3445,"IND",-203.0,-110.0
1734,18,3450,"IND",-80.0,-5326.0
1735,5,3451,"IND",9546.0,9962.0
1736,21,3452,"IND",-10327.0,-10246.0
1737,23,3454,"IND",299.0,-9606.0
1738,12,3457,"IND",-4578.0,178.0
1739,21,3460,"IND",-9952.0,-9534.0
1740,13,3462,"IND",176.0,-390.0
1741,1,3463,"IND",-10199.0,9898.0
1742,21,3467,"IND",-10075.0,-10318.0
1743,5,3470,"IND",9550.0,9970.0
1744,13,3471,"IND",-340.0,-270.0
1745,13,3472,"IND",286.0,18.0
1746,12,3473,"IND",-4591.0,154.0
1747,13,3476,"IND",35.0,442.0
1748,5,3478,"IND",10162.0,10234.0
1749,18,3481,"IND",-212.0,-5478.0
1750,1,3482,"IND",-10089.0,9658.0
1751,21,3483,"IND",-10463.0,-10054.0
1752,25,3485,"IND",9665.0,-10262.0
1753,13,3488,"IND",290.0,26.0
1754,18,3490,"IND",414.0,-4838.0
1755,13,3491,"IND",39.0,450.0
1756,25,3493,"IND",10167.0,-9758.0
1757,21,3496,"IND",-10208.0,-10118.0
1758,18,3498,"IND",-84.0,-5334.0
1759,13,3501,"IND",-459.0,-46.0
1760,1,3502,"IND",-10313.0,10129.0
1761,13,3504,"IND",312.0,417.0
1762,18,3506,"IND",436.0,-4799.0
1763,21,3509,"IND",-9939.0,-10159.0
1764,21,3512,"IND",-9811.0,-10367.0
1765,18,3513,"IND",-186.0,-5079.0
1766,13,3516,"IND",-62.0,-295.0
1767,25,3519,"IND",9563.0,-9655.0
1768,5,3520,"IND",9691.0,10137.0
1769,1,3524,"IND",-9683.0,10425.0
1770,13,3526,"IND",440.0,-439.0
1771,5,3527,"IND",10065.0,9849.0
1772,18,3535,"IND",193.0,-5359.0
1773,13,3538,"IND",-181.0,-71.0
1774,18,3540,"IND",-58.0,-4935.0
1775,19,3541,"IND",4568.0,-4647.0
1776,5,3542,"IND",9678.0,10114.0
1777,18,3545,"IND",303.0,-4598.0
1778,5,3547,"IND",10427.0,10186.0
1779,12,3548,"IND",-4948.0,474.0
1780,1,3550,"IND",-9820.0,9617.0
1781,13,3551,"IND",-194.0,-95.0
1782,18,3554,"IND",-71.0,-5310.0
1783,25,3557,"IND",9554.0,-10022.0
1784,12,3558,"IND",-5318.0,121.0
1785,1,3561,"IND",-9692.0,10409.0
1786,13,3562,"IND",431.0,193.0
1787,13,3563,"IND",57.0,-167.0
1788,18,3565,"IND",184.0,-5375.0
1789,13,3566,"IND",-190.0,-87.0
1790,13,3567,"IND",-67.0,-303.0
1791,12,3568,"IND",-5441.0,337.0
1792,25,3569,"IND",9563.0,-10498.0
1793,1,3573,"IND",-9811.0,9790.0
1794,13,3574,"IND",312.0,-426.0
1795,12,3575,"IND",-5062.0,-138.0
1796,5,3577,"IND",10066.0,10006.0
1797,13,3580,"IND",-309.0,294.0
1798,1,3586,"IND",-10185.0,10078.0
1799,25,3588,"IND",10440.0,-9634.0
1800,12,3590,"IND",-5432.0,-490.0
1801,12,3591,"IND",-4807.0,-202.0
1802,12,3592,"IND",-4683.0,-418.0
1803,13,3597,"IND",-58.0,222.0
1804,13,3599,"IND",70.0,14.0
1805,25,3600,"IND",9696.0,-9698.0
1806,13,3601,"IND",-181.0,86.0
1807,25,3602,"IND",10445.0,-10274.0
1808,13,3605,"IND",-445.0,134.0
1809,1,3607,"IND",-9820.0,9774.0
1810,13,3608,"IND",304.0,-442.0
1811,21,3611,"IND",-10071.0,-10154.0
1812,25,3612,"IND",10057.0,-10362.0
1813,21,3613,"IND",-10318.0,-9722.0
1814,13,3615,"IND",-194.0,62.0
1815,25,3616,"IND",10431.0,-9650.0
1816,13,3619,"IND",-441.0,494.0
1817,5,3623,"IND",10185.0,9782.0
1818,13,3626,"IND",308.0,-434.0
1819,25,3627,"IND",9934.0,-10146.0
1820,25,3630,"IND",10061.0,-10002.0
1821,13,3633,"IND",-313.0,286.0
1822,5,3634,"IND",9810.0,10070.0
1823,16,3639,"IND",-9564.0,-4642.0
1824,1,3642,"IND",-10419.0,9533.0
1825,18,3643,"IND",207.0,-4827.0
1826,19,3644,"IND",5330.0,-5043.0
1827,13,3646,"IND",-44.0,245.0
1828,13,3647,"IND",83.0,37.0
1829,13,3648,"IND",-291.0,-323.0
1830,18,3649,"IND",-168.0,-4539.0
1831,13,3650,"IND",458.0,-251.0
1832,13,3651,"IND",-415.0,-459.0
1833,13,3653,"IND",211.0,181.0
1834,21,3655,"IND",-9666.0,-10035.0
1835,13,3658,"IND",-40.0,253.0
1836,21,3661,"IND",-9912.0,-9603.0
1837,1,3665,"IND",-10287.0,9685.0
1838,18,3674,"IND",-163.0,-4531.0
1839,12,3677,"IND",-4538.0,-243.0
1840,25,3678,"IND",9572.0,-10483.0
1841,1,3681,"IND",-9802.0,9805.0
1842,15,3682,"IND",10321.0,-410.0
1843,13,3684,"IND",-53.0,230.0
1844,13,3685,"IND",74.0,21.0
1845,13,3688,"IND",-300.0,309.0
1846,1,3689,"IND",-10177.0,10445.0
1847,21,3691,"IND",-9551.0,-10267.0
1848,21,3692,"IND",-10423.0,-10475.0
1849,13,3697,"IND",202.0,-187.0
1850,12,3700,"IND",-4674.0,-51.0
1851,1,3702,"IND",-10049.0,10237.0
1852,12,3703,"IND",-4921.0,29.0
1853,12,3707,"IND",-5296.0,317.0
1854,21,3708,"IND",-10172.0,-9547.0
1855,1,3709,"IND",-9547.0,9741.0
1856,18,3711,"IND",-401.0,-5083.0
1857,25,3712,"IND",10224.0,-9796.0
1858,25,3714,"IND",10348.0,-10011.0
1859,21,3717,"IND",-10027.0,-10371.0
1860,12,3718,"IND",-4899.0,420.0
1861,25,3721,"IND",9726.0,-10292.0
1862,18,3722,"IND",-150.0,-4508.0
1863,1,3724,"IND",-9525.0,10132.0
1864,13,3725,"IND",-397.0,-76.0
1865,18,3726,"IND",229.0,-4788.0
1866,4,3728,"IND",5352.0,10348.0
1867,13,3729,"IND",-22.0,-364.0
1868,13,3731,"IND",105.0,428.0
1869,12,3732,"IND",-5269.0,-284.0
1870,18,3733,"IND",-146.0,-5148.0
1871,25,3734,"IND",10480.0,-9860.0
1872,13,3735,"IND",-410.0,-99.0
1873,13,3736,"IND",215.0,189.0
1874,25,3737,"IND",10339.0,-10027.0
1875,21,3739,"IND",-10036.0,-9739.0
1876,25,3740,"IND",10092.0,-9595.0
1877,13,3743,"IND",-282.0,-307.0
1878,12,3744,"IND",-5159.0,477.0
1879,1,3746,"IND",-9533.0,9765.0
1880,25,3747,"IND",9594.0,-10091.0
1881,21,3749,"IND",-9780.0,-9803.0
1882,13,3750,"IND",343.0,-19.0
1883,13,3751,"IND",-31.0,269.0
1884,5,3753,"IND",10096.0,10413.0
1885,13,3754,"IND",-278.0,-299.0
1886,18,3755,"IND",-155.0,-4515.0
1887,12,3757,"IND",-4529.0,125.0
1888,13,3762,"IND",-384.0,300.0
1889,13,3765,"IND",242.0,-412.0
1890,13,3768,"IND",365.0,372.0
1891,13,3769,"IND",-9.0,-340.0
1892,19,3771,"IND",5118.0,-5196.0
1893,4,3772,"IND",4744.0,10092.0
1894,13,3775,"IND",-133.0,-124.0
1895,18,3776,"IND",493.0,-4836.0
1896,13,3778,"IND",-379.0,308.0
1897,13,3779,"IND",246.0,-404.0
1898,1,3780,"IND",-9630.0,10380.0
1899,5,3781,"IND",9995.0,9668.0
1900,13,3782,"IND",123.0,-188.0
1901,1,3783,"IND",-10252.0,10100.0
1902,13,3785,"IND",-128.0,-116.0
1903,25,3786,"IND",10497.0,-9828.0
1904,21,3788,"IND",-10393.0,-10068.0
1905,21,3790,"IND",-9767.0,-9780.0
1906,13,3791,"IND",356.0,356.0
1907,21,3794,"IND",-10018.0,-10356.0
1908,13,3797,"IND",110.0,436.0
1909,13,3798,"IND",-265.0,76.0
1910,21,3799,"IND",-10141.0,-10140.0
1911,5,3800,"IND",10484.0,10148.0
1912,13,3802,"IND",-388.0,-60.0
1913,18,3811,"IND",237.0,-5420.0
1914,13,3812,"IND",361.0,364.0
1915,13,3813,"IND",-14.0,-348.0
1916,5,3817,"IND",10114.0,10444.0
1917,7,3818,"IND",-5260.0,5084.0
1918,13,3820,"IND",-137.0,-132.0
1919,25,3822,"IND",10489.0,-9844.0
1920,18,3823,"IND",493.0,-4680.0
1921,1,3824,"IND",-9881.0,9960.0
1922,13,3826,"IND",242.0,-256.0
1923,13,3827,"IND",-132.0,32.0
1924,13,3828,"IND",-5.0,-176.0
1925,13,3831,"IND",-379.0,464.0
1926,21,3832,"IND",-10256.0,-9752.0
1927,5,3834,"IND",10370.0,9536.0
1928,2,3835,"IND",-4503.0,10328.0
1929,21,3837,"IND",-9877.0,-10032.0
1930,6,3838,"IND",-9754.0,4752.0
1931,5,3839,"IND",9872.0,10040.0
1932,12,3840,"IND",-5000.0,-168.0
1933,25,3842,"IND",9625.0,-9528.0
1934,5,3844,"IND",9749.0,10256.0
1935,13,3845,"IND",374.0,-456.0
1936,13,3846,"IND",484.0,305.0
1937,12,3848,"IND",-4890.0,-407.0
1938,21,3849,"IND",-9767.0,-9623.0
1939,18,3850,"IND",-141.0,-4983.0
1940,13,3853,"IND",-14.0,-191.0
1941,13,3854,"IND",-388.0,97.0
1942,13,3856,"IND",-265.0,-119.0
1943,1,3857,"IND",-9639.0,9521.0
1944,13,3859,"IND",489.0,313.0
1945,21,3860,"IND",-9886.0,-10399.0
1946,13,3861,"IND",238.0,-263.0
1947,18,3862,"IND",-137.0,-4975.0
1948,1,3864,"IND",-10009.0,9816.0
1949,1,3865,"IND",-10384.0,10104.0
1950,5,3867,"IND",9740.0,10241.0
1951,21,3871,"IND",-9635.0,-10471.0
1952,13,3873,"IND",-489.0,-296.0
1953,18,3874,"IND",136.0,-5008.0
1954,5,3876,"IND",10260.0,9776.0
1955,6,3878,"IND",-10115.0,5416.0
1956,13,3880,"IND",13.0,208.0
1957,13,3882,"IND",-362.0,496.0
1958,21,3885,"IND",-10238.0,-9720.0
1959,5,3892,"IND",10387.0,9920.0
1960,25,3895,"IND",9515.0,-10288.0
1961,20,3896,"IND",10141.0,-5000.0
1962,13,3897,"IND",264.0,-216.0
1963,13,3908,"IND",-110.0,424.0
1964,12,3910,"IND",-4983.0,216.0
1965,18,3911,"IND",-357.0,-5497.0
1966,13,3912,"IND",-234.0,-360.0
1967,1,3913,"IND",-9608.0,9928.0
1968,12,3915,"IND",-5498.0,-312.0
1969,12,3916,"IND",-4873.0,-24.0
1970,5,3919,"IND",10251.0,9760.0
1971,12,3920,"IND",-5124.0,48.0
1972,12,3921,"IND",-4996.0,192.0
1973,13,3922,"IND",-370.0,480.0
1974,1,3925,"IND",-10247.0,10264.0
1975,21,3926,"IND",-9621.0,-10448.0
1976,18,3930,"IND",-494.0,-5304.0
1977,25,3931,"IND",10132.0,-10016.0
1978,13,3932,"IND",255.0,-232.0
1979,13,3933,"IND",-119.0,56.0
1980,13,3938,"IND",8.0,200.0
1981,25,3939,"IND",9634.0,-9512.0
1982,1,3940,"IND",-10243.0,10272.0
1983,13,3941,"IND",383.0,-88.0
1984,1,3943,"IND",-10472.0,9735.0
1985,5,3944,"IND",10154.0,10375.0
1986,12,3954,"IND",-4723.0,159.0
1987,5,3955,"IND",9903.0,10447.0
1988,1,3957,"IND",-9970.0,9591.0
1989,1,3960,"IND",-10344.0,9879.0
1990,5,3962,"IND",9779.0,9663.0
1991,5,3963,"IND",10405.0,9951.0
1992,5,3966,"IND",9533.0,10095.0
1993,1,3967,"IND",-9842.0,10383.0
1994,18,3968,"IND",282.0,-4833.0
1995,25,3970,"IND",9907.0,-9545.0
1996,18,3971,"IND",35.0,-5401.0
1997,16,3972,"IND",-10340.0,-5113.0
1998,18,3973,"IND",-216.0,-5329.0
1999,25,3975,"IND",10409.0,-10041.0
2000,1,3976,"IND",-10481.0,9719.0
2001,13,3977,"IND",145.0,7.0
2002,13,3978,"IND",268.0,143.0
2003,21,3981,"IND",-10106.0,-9569.0
2004,1,3982,"IND",-9978.0,10223.0
2005,1,3984,"IND",-10353.0,9863.0
2006,13,3985,"IND",-229.0,-353.0
2007,1,3986,"IND",-9604.0,9935.0
2008,13,3989,"IND",-476.0,-273.0
2009,12,3991,"IND",-4851.0,367.0
2010,18,3992,"IND",273.0,-4849.0
2011,13,3993,"IND",-102.0,439.0
2012,1,3999,"IND",-9974.0,10231.0
2013,13,4000,"IND",-348.0,-129.0
2014,21,4004,"IND",-10225.0,-10345.0
2015,25,4007,"IND",10401.0,-10057.0
2016,10,4008,"IND",9546.0,5118.0
2017,21,4009,"IND",-9829.0,-9594.0
2018,18,4010,"IND",295.0,-5457.0
2019,13,4012,"IND",-80.0,-170.0
2020,12,4013,"IND",-4952.0,-378.0
2021,12,4016,"IND",-5326.0,-90.0
2022,5,4019,"IND",9797.0,10046.0
2023,13,4021,"IND",423.0,334.0
2024,21,4025,"IND",-10450.0,-9874.0
2025,25,4026,"IND",10176.0,-10234.0
2026,12,4027,"IND",-4701.0,-450.0
2027,18,4032,"IND",-75.0,-5162.0
2028,5,4035,"IND",10052.0,9630.0
2029,9,4037,"IND",4678.0,5270.0
2030,18,4038,"IND",-199.0,-4946.0
2031,21,4040,"IND",-9573.0,-9658.0
2032,12,4044,"IND",-5463.0,103.0
2033,1,4045,"IND",-9837.0,10391.0
2034,5,4047,"IND",10286.0,10175.0
2035,12,4048,"IND",-5088.0,-185.0
2036,12,4050,"IND",-4961.0,-393.0
2037,1,4051,"IND",-10335.0,9895.0
2038,13,4057,"IND",-212.0,-321.0
2039,18,4058,"IND",414.0,-4681.0
2040,5,4064,"IND",9541.0,10111.0
2041,5,4065,"IND",10167.0,10399.0
2042,5,4066,"IND",10290.0,10183.0
2043,21,4067,"IND",-10084.0,-10177.0
2044,13,4073,"IND",44.0,-385.0
2045,18,4074,"IND",-331.0,-5097.0
2046,13,4075,"IND",-207.0,-313.0
2047,13,4076,"IND",418.0,327.0
2048,13,4077,"IND",-267.0,-287.0
2049,18,4078,"IND",359.0,-4647.0
2050,13,4081,"IND",482.0,138.0
2051,1,4083,"IND",-9892.0,10425.0
2052,22,4084,"IND",-4765.0,-9783.0
2053,13,4085,"IND",-139.0,-143.0
2054,5,4087,"IND",9984.0,9641.0
2055,18,4091,"IND",-390.0,-5071.0
2056,21,4093,"IND",-10262.0,-9927.0
2057,13,4094,"IND",363.0,361.0
2058,13,4096,"IND",487.0,145.0
2059,25,4097,"IND",10112.0,-9567.0
2060,1,4100,"IND",-9760.0,9577.0
2061,25,4101,"IND",9865.0,-10135.0
2062,13,4102,"IND",-11.0,-351.0
2063,13,4103,"IND",-386.0,-63.0
2064,18,4106,"IND",-276.0,-5302.0
2065,2,4107,"IND",-4650.0,9986.0
2066,5,4109,"IND",10473.0,10122.0
2067,1,4111,"IND",-9901.0,10410.0
2068,14,4112,"IND",5227.0,202.0
2069,3,4113,"IND",-148.0,10490.0
2070,13,4114,"IND",-24.0,-374.0
2071,25,4116,"IND",9601.0,-10086.0
2072,12,4117,"IND",-5271.0,-294.0
2073,13,4122,"IND",354.0,-6.0
2074,13,4123,"IND",478.0,130.0
2075,13,4126,"IND",103.0,418.0
2076,13,4128,"IND",231.0,210.0
2077,13,4129,"IND",-143.0,-150.0
2078,12,4133,"IND",-5020.0,-366.0
2079,13,4134,"IND",-395.0,-78.0
2080,25,4136,"IND",9751.0,-9903.0
2081,13,4137,"IND",376.0,385.0
2082,18,4138,"IND",-500.0,-4831.0
2083,1,4142,"IND",-9875.0,9809.0
2084,12,4147,"IND",-4747.0,-399.0
2085,18,4150,"IND",-121.0,-5111.0
2086,1,4151,"IND",-9998.0,10025.0
2087,13,4153,"IND",-373.0,313.0
2088,13,4157,"IND",-245.0,105.0
2089,13,4158,"IND",381.0,393.0
2090,13,4159,"IND",-496.0,-471.0
2091,21,4161,"IND",-9870.0,-10183.0
2092,21,4162,"IND",-9743.0,-10391.0
2093,13,4163,"IND",-117.0,-103.0
2094,1,4164,"IND",-9994.0,10033.0
2095,13,4168,"IND",-368.0,321.0
2096,13,4169,"IND",-258.0,81.0
2097,13,4171,"IND",368.0,369.0
2098,13,4172,"IND",491.0,153.0
2099,13,4173,"IND",116.0,441.0
2100,13,4174,"IND",244.0,-415.0
2101,13,4175,"IND",-130.0,-127.0
2102,13,4176,"IND",-7.0,-343.0
2103,13,4177,"IND",-381.0,-55.0
2104,25,4179,"IND",9746.0,-9911.0
2105,12,4184,"IND",-4628.0,377.0
2106,5,4185,"IND",10495.0,10161.0
2107,5,4186,"IND",10121.0,9801.0
2108,1,4190,"IND",-9751.0,9593.0
2109,1,4191,"IND",-10126.0,9881.0
2110,13,4192,"IND",-2.0,-335.0
2111,13,4194,"IND",-377.0,305.0
2112,12,4196,"IND",-5232.0,480.0
2113,25,4204,"IND",10394.0,-10232.0
2114,12,4207,"IND",-5483.0,-448.0
2115,25,4209,"IND",10143.0,-10160.0
2116,1,4211,"IND",-9729.0,9984.0
2117,13,4212,"IND",-104.0,272.0
2118,18,4216,"IND",20.0,-4944.0
2119,13,4217,"IND",-355.0,344.0
2120,18,4218,"IND",-227.0,-4512.0
2121,13,4219,"IND",398.0,-224.0
2122,18,4222,"IND",-478.0,-5440.0
2123,5,4224,"IND",10147.0,9848.0
2124,25,4226,"IND",10275.0,-10008.0
2125,12,4227,"IND",-5099.0,280.0
2126,25,4229,"IND",10024.0,-9936.0
2127,21,4231,"IND",-10351.0,-10296.0
2128,25,4234,"IND",9760.0,-9888.0
2129,17,4235,"IND",-4615.0,-5248.0
2130,25,4240,"IND",9509.0,-10463.0
2131,5,4241,"IND",10134.0,9825.0
2132,13,4242,"IND",262.0,-384.0
2133,13,4243,"IND",-113.0,256.0
2134,13,4248,"IND",11.0,40.0
2135,12,4249,"IND",-5364.0,328.0
2136,1,4252,"IND",-10236.0,10120.0
2137,1,4255,"IND",-9610.0,9760.0
2138,18,4256,"IND",-487.0,-5456.0
2139,21,4258,"IND",-9862.0,-10168.0
2140,25,4259,"IND",10266.0,-10376.0
2141,5,4260,"IND",9892.0,10264.0
2142,6,4262,"IND",-9985.0,5048.0
2143,12,4263,"IND",-5359.0,336.0
2144,12,4266,"IND",-5214.0,-488.0
2145,13,4268,"IND",412.0,-200.0
2146,12,4271,"IND",-5465.0,-64.0
2147,13,4274,"IND",160.0,224.0
2148,13,4275,"IND",288.0,15.0
2149,5,4278,"IND",9914.0,9655.0
2150,25,4282,"IND",10037.0,-9561.0
2151,13,4283,"IND",-337.0,-273.0
2152,25,4284,"IND",9790.0,-10481.0
2153,13,4285,"IND",416.0,159.0
2154,13,4297,"IND",-461.0,-57.0
2155,12,4298,"IND",-4835.0,231.0
2156,5,4299,"IND",10293.0,10023.0
2157,12,4301,"IND",-5082.0,-337.0
2158,5,4304,"IND",10042.0,10447.0
2159,1,4309,"IND",-10333.0,9735.0
2160,1,4313,"IND",-10223.0,10496.0
2161,13,4315,"IND",403.0,-216.0
2162,1,4318,"IND",-10474.0,9568.0
2163,13,4319,"IND",152.0,208.0
2164,12,4323,"IND",-4721.0,0.0
2165,13,4327,"IND",-95.0,288.0
2166,12,4330,"IND",-4972.0,72.0
2167,13,4331,"IND",-346.0,-288.0
2168,21,4332,"IND",-10218.0,-10496.0
2169,13,4335,"IND",407.0,-208.0
2170,13,4339,"IND",-469.0,-424.0
2171,1,4340,"IND",-9844.0,10216.0
2172,12,4343,"IND",-4716.0,8.0
2173,13,4344,"IND",-91.0,296.0
2174,18,4345,"IND",33.0,-4568.0
2175,11,4347,"IND",-10342.0,-280.0
2176,13,4348,"IND",-337.0,-116.0
2177,5,4350,"IND",10288.0,10172.0
2178,13,4354,"IND",412.0,-44.0
2179,1,4356,"IND",-9963.0,9596.0
2180,5,4357,"IND",10165.0,10388.0
2181,13,4358,"IND",-209.0,-324.0
2182,1,4360,"IND",-10086.0,10460.0
2183,13,4362,"IND",-461.0,100.0
2184,5,4365,"IND",9667.0,9892.0
2185,22,4366,"IND",-4707.0,-9820.0
2186,25,4368,"IND",10416.0,-9684.0
2187,12,4370,"IND",-4958.0,-396.0
2188,12,4372,"IND",-4831.0,396.0
2189,5,4375,"IND",9795.0,9684.0
2190,1,4376,"IND",-10082.0,9820.0
2191,5,4378,"IND",9544.0,10108.0
2192,13,4379,"IND",-346.0,-132.0
2193,1,4380,"IND",-9720.0,10156.0
2194,5,4382,"IND",10403.0,9940.0
2195,13,4383,"IND",28.0,228.0
2196,5,4384,"IND",10156.0,10372.0
2197,21,4385,"IND",-10218.0,-10340.0
2198,1,4386,"IND",-10095.0,10444.0
2199,13,4388,"IND",-469.0,-268.0
2200,1,4393,"IND",-10342.0,9876.0
2201,25,4396,"IND",10284.0,-9836.0
2202,13,4399,"IND",407.0,-52.0
2203,13,4402,"IND",33.0,236.0
2204,25,4403,"IND",10161.0,-9620.0
2205,13,4405,"IND",-214.0,-332.0
2206,11,4406,"IND",-10090.0,452.0
2207,5,4407,"IND",9535.0,10092.0
2208,12,4408,"IND",-5320.0,267.0
2209,5,4410,"IND",10306.0,9555.0
2210,12,4411,"IND",-4571.0,339.0
2211,13,4412,"IND",55.0,-373.0
2212,13,4414,"IND",183.0,-229.0
2213,18,4415,"IND",-192.0,-4941.0
2214,13,4416,"IND",-68.0,-157.0
2215,13,4419,"IND",-443.0,131.0
2216,5,4420,"IND",9685.0,10275.0
2217,13,4422,"IND",310.0,-437.0
2218,21,4423,"IND",-9566.0,-9653.0
2219,25,4425,"IND",10059.0,-10365.0
2220,7,4426,"IND",-4813.0,4779.0
2221,18,4427,"IND",-187.0,-4933.0
2222,13,4428,"IND",-64.0,-149.0
2223,13,4430,"IND",-439.0,139.0
2224,21,4432,"IND",-10328.0,-10100.0
2225,13,4433,"IND",297.0,188.0
2226,1,4434,"IND",-9579.0,10324.0
2227,4,4436,"IND",5046.0,9612.0
2228,12,4437,"IND",-4826.0,404.0
2229,13,4438,"IND",-201.0,44.0
2230,5,4441,"IND",9923.0,9828.0
2231,13,4442,"IND",-452.0,116.0
2232,21,4444,"IND",-10324.0,-10092.0
2233,18,4445,"IND",302.0,-5452.0
2234,1,4447,"IND",-9575.0,10332.0
2235,13,4448,"IND",50.0,-380.0
2236,5,4449,"IND",10178.0,10412.0
2237,1,4450,"IND",-10196.0,10051.0
2238,5,4452,"IND",9927.0,9836.0
2239,13,4454,"IND",-447.0,124.0
2240,12,4455,"IND",-5302.0,299.0
2241,12,4456,"IND",-4676.0,-413.0
2242,25,4458,"IND",10447.0,-10277.0
2243,21,4459,"IND",-9928.0,-9989.0
2244,21,4460,"IND",-9800.0,-10197.0
2245,25,4463,"IND",9826.0,-9909.0
2246,13,4464,"IND",-51.0,227.0
2247,18,4466,"IND",-425.0,-5485.0
2248,21,4467,"IND",-10298.0,-9693.0
2249,13,4469,"IND",328.0,-53.0
2250,21,4470,"IND",-9549.0,-10269.0
2251,18,4471,"IND",77.0,-4981.0
2252,13,4472,"IND",205.0,-189.0
2253,3,4474,"IND",-170.0,10451.0
2254,13,4476,"IND",-46.0,235.0
2255,25,4477,"IND",9579.0,-10477.0
2256,13,4478,"IND",-311.0,283.0
2257,21,4480,"IND",-9685.0,-10429.0
2258,18,4481,"IND",438.0,-4645.0
2259,25,4482,"IND",10064.0,-10005.0
2260,13,4485,"IND",191.0,-213.0
2261,13,4486,"IND",-183.0,75.0
2262,1,4488,"IND",-10060.0,9859.0
2263,13,4489,"IND",-434.0,499.0
2264,5,4491,"IND",9694.0,10291.0
2265,18,4492,"IND",319.0,-5421.0
2266,21,4493,"IND",-9557.0,-9637.0
2267,12,4494,"IND",-4932.0,3.0
2268,13,4496,"IND",196.0,-205.0
2269,5,4498,"IND",9821.0,10083.0
2270,5,4499,"IND",9945.0,10219.0
2271,1,4500,"IND",-10430.0,9507.0
2272,13,4502,"IND",-284.0,-318.0
2273,13,4503,"IND",341.0,-30.0
2274,13,4504,"IND",465.0,-246.0
2275,21,4507,"IND",-9910.0,-9958.0
2276,21,4508,"IND",-9782.0,-9814.0
2277,13,4510,"IND",-157.0,474.0
2278,21,4511,"IND",-10033.0,-9742.0
2279,21,4513,"IND",-10408.0,-10102.0
2280,13,4514,"IND",-280.0,-310.0
2281,1,4515,"IND",-9654.0,9978.0
2282,13,4516,"IND",469.0,-238.0
2283,13,4518,"IND",94.0,402.0
2284,18,4520,"IND",222.0,-4806.0
2285,5,4521,"IND",9848.0,10482.0
2286,18,4522,"IND",-29.0,-4734.0
2287,13,4524,"IND",-403.0,-94.0
2288,18,4525,"IND",-293.0,-4686.0
2289,13,4526,"IND",332.0,-46.0
2290,21,4529,"IND",-9544.0,-10262.0
2291,1,4530,"IND",-9919.0,10026.0
2292,5,4532,"IND",10209.0,10170.0
2293,13,4533,"IND",-165.0,458.0
2294,13,4535,"IND",-42.0,242.0
2295,13,4536,"IND",-417.0,-470.0
2296,5,4537,"IND",9711.0,9674.0
2297,13,4538,"IND",337.0,-38.0
2298,13,4540,"IND",460.0,-254.0
2299,6,4542,"IND",-9914.0,5034.0
2300,13,4543,"IND",213.0,178.0
2301,1,4544,"IND",-10161.0,10466.0
2302,13,4546,"IND",-38.0,250.0
2303,25,4547,"IND",9588.0,-10462.0
2304,13,4548,"IND",-408.0,-297.0
2305,13,4551,"IND",218.0,343.0
2306,13,4552,"IND",341.0,127.0
2307,1,4554,"IND",-10033.0,10415.0
2308,13,4555,"IND",95.0,-441.0
2309,5,4557,"IND",9720.0,9847.0
2310,13,4558,"IND",-156.0,-369.0
2311,1,4559,"IND",-9531.0,9919.0
2312,25,4560,"IND",9597.0,-9937.0
2313,13,4562,"IND",222.0,350.0
2314,13,4564,"IND",346.0,135.0
2315,13,4565,"IND",-29.0,423.0
2316,18,4566,"IND",99.0,-5434.0
2317,5,4568,"IND",9725.0,9854.0
2318,20,4569,"IND",9848.0,-5362.0
2319,12,4570,"IND",-4527.0,-74.0
2320,24,4573,"IND",4584.0,-10313.0
2321,5,4574,"IND",10209.0,9975.0
2322,7,4576,"IND",-4667.0,5111.0
2323,5,4577,"IND",9958.0,10399.0
2324,12,4579,"IND",-4914.0,191.0
2325,12,4580,"IND",-5289.0,-169.0
2326,13,4581,"IND",-165.0,-385.0
2327,25,4582,"IND",10460.0,-10097.0
2328,13,4584,"IND",-412.0,-305.0
2329,13,4585,"IND",214.0,335.0
2330,5,4587,"IND",10337.0,10119.0
2331,13,4591,"IND",-38.0,407.0
2332,13,4593,"IND",90.0,199.0
2333,13,4594,"IND",-284.0,-161.0
2334,13,4596,"IND",-161.0,-377.0
2335,25,4598,"IND",10465.0,-10089.0
2336,13,4600,"IND",-390.0,86.0
2337,12,4602,"IND",-4764.0,374.0
2338,13,4605,"IND",359.0,-490.0
2339,1,4612,"IND",-10016.0,9798.0
2340,13,4615,"IND",112.0,-410.0
2341,13,4616,"IND",-262.0,-122.0
2342,21,4617,"IND",-10139.0,-9986.0
2343,13,4628,"IND",487.0,302.0
2344,13,4630,"IND",-386.0,94.0
2345,13,4631,"IND",240.0,-266.0
2346,13,4632,"IND",363.0,-482.0
2347,18,4633,"IND",-11.0,-5194.0
2348,18,4635,"IND",117.0,-5402.0
2349,13,4636,"IND",-258.0,238.0
2350,13,4639,"IND",-134.0,22.0
2351,25,4640,"IND",10491.0,-9690.0
2352,13,4641,"IND",-399.0,70.0
2353,21,4642,"IND",-9773.0,-9642.0
2354,5,4645,"IND",10350.0,10142.0
2355,18,4646,"IND",-24.0,-5218.0
2356,13,4650,"IND",103.0,-426.0
2357,12,4651,"IND",-5271.0,-138.0
2358,18,4652,"IND",-148.0,-5354.0
2359,13,4653,"IND",478.0,286.0
2360,12,4658,"IND",-5394.0,78.0
2361,13,4659,"IND",231.0,366.0
2362,5,4660,"IND",10355.0,10150.0
2363,13,4661,"IND",-20.0,-210.0
2364,5,4663,"IND",10108.0,9582.0
2365,5,4664,"IND",9733.0,9870.0
2366,12,4674,"IND",-5143.0,-346.0
2367,14,4675,"IND",5482.0,294.0
2368,12,4677,"IND",-5372.0,469.0
2369,13,4680,"IND",253.0,-243.0
2370,1,4682,"IND",-9623.0,9541.0
2371,13,4683,"IND",2.0,-171.0
2372,21,4686,"IND",-9870.0,-10027.0
2373,21,4687,"IND",-10245.0,-9739.0
2374,13,4688,"IND",-121.0,45.0
2375,21,4690,"IND",-10496.0,-10315.0
2376,25,4691,"IND",9632.0,-9523.0
2377,21,4692,"IND",-9742.0,-10235.0
2378,12,4693,"IND",-4619.0,-451.0
2379,13,4695,"IND",6.0,189.0
2380,18,4696,"IND",134.0,-5019.0
2381,5,4697,"IND",9760.0,10269.0
2382,5,4698,"IND",9883.0,10053.0
2383,13,4701,"IND",-491.0,-307.0
2384,1,4702,"IND",-10381.0,10102.0
2385,21,4704,"IND",-9756.0,-10258.0
2386,25,4705,"IND",10368.0,-10474.0
2387,1,4706,"IND",-10007.0,9814.0
2388,1,4709,"IND",-9879.0,9606.0
2389,25,4711,"IND",9747.0,-9754.0
2390,13,4712,"IND",-130.0,30.0
2391,5,4713,"IND",10495.0,10318.0
2392,3,4719,"IND",-377.0,10462.0
2393,25,4720,"IND",10249.0,-10250.0
2394,5,4724,"IND",10372.0,9534.0
2395,1,4727,"IND",-10002.0,9822.0
2396,21,4728,"IND",-9875.0,-10035.0
2397,13,4729,"IND",-249.0,253.0
2398,1,4730,"IND",-10126.0,10038.0
2399,13,4732,"IND",-500.0,325.0
2400,12,4733,"IND",-5355.0,-499.0
2401,21,4736,"IND",-9729.0,-9859.0
2402,13,4739,"IND",394.0,-75.0
2403,25,4741,"IND",10020.0,-9787.0
2404,13,4745,"IND",147.0,5.0
2405,5,4746,"IND",9773.0,9645.0
2406,20,4747,"IND",9896.0,-4571.0
2407,12,4752,"IND",-5478.0,-283.0
2408,13,4755,"IND",-350.0,-491.0
2409,1,4757,"IND",-9725.0,10149.0
2410,25,4758,"IND",10399.0,-10067.0
2411,21,4760,"IND",-9976.0,-9779.0
2412,13,4764,"IND",152.0,364.0
2413,21,4765,"IND",-10223.0,-10348.0
2414,13,4767,"IND",-99.0,437.0
2415,5,4768,"IND",9526.0,9725.0
2416,24,4770,"IND",4636.0,-9515.0
2417,21,4771,"IND",-9738.0,-10227.0
2418,25,4777,"IND",10385.0,-10443.0
2419,13,4778,"IND",11.0,197.0
2420,25,4784,"IND",10139.0,-10011.0
2421,1,4785,"IND",-10236.0,10277.0
2422,13,4786,"IND",-112.0,413.0
2423,12,4787,"IND",-5487.0,-299.0
2424,25,4793,"IND",9641.0,-9507.0
2425,1,4794,"IND",-9734.0,9781.0
2426,21,4795,"IND",-9610.0,-10083.0
2427,1,4796,"IND",-9985.0,10205.0
2428,12,4797,"IND",-4857.0,-3.0
2429,25,4798,"IND",9769.0,-10363.0
2430,13,4801,"IND",-108.0,421.0
2431,5,4803,"IND",9517.0,9709.0
2432,6,4804,"IND",-10478.0,4873.0
2433,21,4805,"IND",-9852.0,-9839.0
2434,13,4807,"IND",271.0,297.0
2435,18,4811,"IND",-104.0,-5415.0
2436,13,4813,"IND",24.0,377.0
2437,5,4814,"IND",9650.0,9665.0
2438,13,4816,"IND",-227.0,-199.0
2439,17,4817,"IND",-4601.0,-4911.0
2440,25,4820,"IND",9526.0,-10119.0
2441,12,4821,"IND",-4848.0,169.0
2442,5,4822,"IND",10275.0,10305.0
2443,21,4823,"IND",-10099.0,-10407.0
2444,1,4826,"IND",-9971.0,10385.0
2445,21,4827,"IND",-10346.0,-9975.0
2446,13,4829,"IND",-222.0,-191.0
2447,1,4831,"IND",-9597.0,10097.0
2448,13,4832,"IND",-487.0,-142.0
2449,12,4833,"IND",-4861.0,146.0
2450,13,4834,"IND",262.0,-70.0
2451,25,4836,"IND",9888.0,-9782.0
2452,21,4837,"IND",-9985.0,-9638.0
2453,21,4842,"IND",-10359.0,-10350.0
2454,13,4843,"IND",-236.0,434.0
2455,13,4846,"IND",390.0,74.0
2456,13,4848,"IND",-482.0,-135.0
2457,5,4849,"IND",10143.0,10153.0
2458,18,4853,"IND",267.0,-5063.0
2459,18,4854,"IND",-108.0,-5423.0
2460,1,4856,"IND",-9980.0,10369.0
2461,21,4857,"IND",-10355.0,-10343.0
2462,18,4858,"IND",-231.0,-4559.0
2463,18,4862,"IND",394.0,-4919.0
2464,25,4867,"IND",9540.0,-9743.0
2465,12,4870,"IND",-4835.0,-455.0
2466,25,4871,"IND",10289.0,-9671.0
2467,13,4873,"IND",-86.0,-383.0
2468,21,4877,"IND",-9958.0,-10239.0
2469,5,4878,"IND",9667.0,10049.0
2470,18,4879,"IND",-209.0,-5167.0
2471,13,4881,"IND",416.0,121.0
2472,21,4882,"IND",-10456.0,-9736.0
2473,21,4883,"IND",-9830.0,-10448.0
2474,12,4884,"IND",-4707.0,337.0
2475,18,4888,"IND",-82.0,-5024.0
2476,12,4889,"IND",-4954.0,-232.0
2477,21,4891,"IND",-10328.0,-9944.0
2478,1,4892,"IND",-10205.0,9840.0
2479,25,4893,"IND",10421.0,-9520.0
2480,1,4894,"IND",-10469.0,9889.0
2481,1,4895,"IND",-9844.0,9529.0
2482,25,4896,"IND",10280.0,-9687.0
2483,13,4897,"IND",-95.0,-399.0
2484,25,4899,"IND",10033.0,-9607.0
2485,18,4904,"IND",-341.0,-4967.0
2486,21,4905,"IND",-10218.0,-10183.0
2487,13,4906,"IND",407.0,105.0
2488,13,4910,"IND",-465.0,249.0
2489,5,4911,"IND",10161.0,9537.0
2490,13,4912,"IND",284.0,321.0
2491,1,4914,"IND",-10090.0,9609.0
2492,5,4916,"IND",10037.0,9753.0
2493,13,4924,"IND",-337.0,41.0
2494,25,4927,"IND",9786.0,-10175.0
2495,13,4929,"IND",412.0,113.0
2496,13,4931,"IND",-443.0,288.0
2497,13,4932,"IND",183.0,-72.0
2498,1,4936,"IND",-9694.0,9712.0
2499,1,4937,"IND",-10068.0,10000.0
2500,25,4938,"IND",10059.0,-10208.0
2501,13,4939,"IND",-315.0,432.0
2502,13,4942,"IND",-192.0,216.0
2503,13,4944,"IND",434.0,-496.0
2504,13,4946,"IND",-438.0,296.0
2505,1,4947,"IND",-9813.0,9936.0
2506,12,4949,"IND",-4689.0,-280.0
2507,1,4951,"IND",-10064.0,10008.0
2508,13,4954,"IND",64.0,-200.0
2509,13,4955,"IND",-311.0,440.0
2510,13,4960,"IND",-187.0,224.0
2511,13,4961,"IND",438.0,-488.0
2512,21,4962,"IND",-10452.0,-9728.0
2513,18,4963,"IND",174.0,-5440.0
2514,13,4968,"IND",297.0,344.0
2515,25,4969,"IND",9923.0,-10016.0
2516,5,4972,"IND",10051.0,9776.0
2517,1,4975,"IND",-10324.0,10064.0
2518,13,4976,"IND",-200.0,-152.0
2519,13,4978,"IND",425.0,488.0
2520,18,4979,"IND",-447.0,-4720.0
2521,17,4980,"IND",-4822.0,-5432.0
2522,13,4982,"IND",302.0,-296.0
2523,18,4983,"IND",-73.0,-5008.0
2524,11,4986,"IND",-9945.0,-216.0
2525,25,4988,"IND",9681.0,-9928.0
2526,13,4991,"IND",-196.0,208.0
2527,13,4994,"IND",429.0,496.0
2528,12,4995,"IND",-5425.0,-329.0
2529,13,4998,"IND",200.0,-41.0
2530,25,5002,"IND",10324.0,-10257.0
2531,25,5003,"IND",9949.0,-9617.0
2532,25,5004,"IND",10077.0,-9825.0
2533,18,5005,"IND",-297.0,-4537.0
2534,13,5017,"IND",-174.0,247.0
2535,13,5018,"IND",451.0,-113.0
2536,25,5019,"IND",9579.0,-10321.0
2537,13,5021,"IND",205.0,-33.0
2538,21,5024,"IND",-9672.0,-10249.0
2539,1,5029,"IND",-10046.0,10391.0
2540,20,5033,"IND",10081.0,-4817.0
2541,13,5035,"IND",-293.0,471.0
2542,1,5038,"IND",-10170.0,9607.0
2543,13,5039,"IND",456.0,-105.0
2544,13,5043,"IND",-434.0,-344.0
2545,13,5047,"IND",192.0,-56.0
2546,25,5050,"IND",10315.0,-10272.0
2547,5,5051,"IND",9940.0,10016.0
2548,13,5052,"IND",68.0,160.0
2549,25,5055,"IND",9694.0,-9552.0
2550,13,5059,"IND",-183.0,232.0
2551,5,5060,"IND",10443.0,9520.0
2552,21,5063,"IND",-10430.0,-10337.0
2553,25,5064,"IND",10196.0,-10049.0
2554,13,5065,"IND",319.0,-264.0
2555,21,5067,"IND",-10055.0,-9976.0
2556,18,5068,"IND",73.0,-4833.0
2557,13,5070,"IND",-302.0,455.0
2558,14,5074,"IND",4822.0,239.0
2559,13,5076,"IND",447.0,-121.0
2560,10,5077,"IND",10015.0,4735.0
2561,12,5078,"IND",-5360.0,23.0
2562,21,5080,"IND",-10236.0,-9841.0
2563,13,5082,"IND",389.0,447.0
2564,1,5085,"IND",-10483.0,10239.0
2565,5,5086,"IND",10143.0,9527.0
2566,13,5088,"IND",266.0,-337.0
2567,13,5090,"IND",-109.0,-49.0
2568,13,5092,"IND",19.0,-257.0
2569,13,5095,"IND",-355.0,383.0
2570,13,5096,"IND",-232.0,167.0
2571,5,5098,"IND",10394.0,10455.0
2572,12,5099,"IND",-5479.0,247.0
2573,2,5100,"IND",-4853.0,9887.0
2574,5,5102,"IND",10270.0,9671.0
2575,21,5103,"IND",-10104.0,-10041.0
2576,25,5104,"IND",10006.0,-10281.0
2577,18,5105,"IND",-368.0,-4993.0
2578,18,5106,"IND",-245.0,-5209.0
2579,17,5108,"IND",-4620.0,-4569.0
2580,5,5113,"IND",9508.0,10223.0
2581,13,5116,"IND",134.0,-489.0
2582,13,5119,"IND",257.0,295.0
2583,18,5122,"IND",-117.0,-5065.0
2584,25,5123,"IND",10010.0,-10273.0
2585,5,5125,"IND",9636.0,10015.0
2586,13,5126,"IND",-241.0,-201.0
2587,5,5127,"IND",10385.0,10439.0
2588,13,5128,"IND",-487.0,231.0
2589,1,5130,"IND",-9862.0,9519.0
2590,25,5131,"IND",10261.0,-9697.0
2591,13,5132,"IND",-113.0,-57.0
2592,21,5134,"IND",-9968.0,-9882.0
2593,12,5135,"IND",-5342.0,406.0
2594,25,5136,"IND",9781.0,-9810.0
2595,25,5139,"IND",10407.0,-9522.0
2596,13,5140,"IND",-465.0,-378.0
2597,13,5142,"IND",160.0,-90.0
2598,25,5143,"IND",10283.0,-10306.0
2599,13,5145,"IND",-91.0,334.0
2600,1,5146,"IND",-9963.0,10126.0
2601,25,5147,"IND",9662.0,-9586.0
2602,5,5148,"IND",9786.0,10198.0
2603,18,5150,"IND",411.0,-5162.0
2604,25,5152,"IND",9539.0,-10370.0
2605,13,5153,"IND",165.0,-82.0
2606,12,5154,"IND",-4712.0,-298.0
2607,13,5156,"IND",-87.0,342.0
2608,5,5157,"IND",10024.0,9751.0
2609,13,5158,"IND",-351.0,391.0
2610,5,5161,"IND",9772.0,10175.0
2611,12,5162,"IND",-4602.0,463.0
2612,21,5164,"IND",-10474.0,-9745.0
2613,5,5165,"IND",10151.0,9895.0
2614,25,5167,"IND",10275.0,-10321.0
2615,12,5168,"IND",-5100.0,-33.0
2616,21,5169,"IND",-9972.0,-9889.0
2617,1,5170,"IND",-10346.0,10399.0
2618,1,5172,"IND",-10223.0,10183.0
2619,18,5173,"IND",402.0,-4529.0
2620,12,5175,"IND",-5470.0,-386.0
2621,18,5179,"IND",156.0,-5098.0
2622,18,5181,"IND",279.0,-5313.0
2623,1,5182,"IND",-10095.0,9975.0
2624,5,5184,"IND",10050.0,10150.0
2625,25,5186,"IND",9676.0,-10210.0
2626,25,5188,"IND",9799.0,-10426.0
2627,18,5190,"IND",424.0,-5138.0
2628,21,5193,"IND",-10448.0,-10346.0
2629,21,5200,"IND",-9822.0,-9706.0
2630,25,5203,"IND",10301.0,-9922.0
2631,5,5204,"IND",9927.0,10366.0
2632,5,5205,"IND",10054.0,10158.0
2633,1,5216,"IND",-10320.0,9798.0
2634,13,5218,"IND",-197.0,-418.0
2635,12,5219,"IND",-4571.0,-130.0
2636,5,5220,"IND",9557.0,10014.0
2637,13,5221,"IND",182.0,301.0
2638,21,5223,"IND",-9695.0,-9914.0
2639,25,5224,"IND",9931.0,-9626.0
2640,5,5227,"IND",10041.0,10134.0
2641,13,5228,"IND",-333.0,422.0
2642,1,5229,"IND",-10210.0,10206.0
2643,5,5230,"IND",10416.0,9846.0
2644,13,5233,"IND",-457.0,-362.0
2645,13,5234,"IND",169.0,-74.0
2646,13,5238,"IND",292.0,62.0
2647,13,5239,"IND",-82.0,350.0
2648,21,5240,"IND",-9954.0,-9858.0
2649,5,5241,"IND",9671.0,10430.0
2650,13,5246,"IND",-206.0,-434.0
2651,18,5247,"IND",420.0,-5146.0
2652,1,5248,"IND",-10452.0,9646.0
2653,21,5249,"IND",-9827.0,-9714.0
2654,1,5251,"IND",-9703.0,10070.0
2655,13,5252,"IND",-78.0,358.0
2656,5,5262,"IND",10068.0,9533.0
2657,13,5263,"IND",-307.0,-179.0
2658,13,5265,"IND",-184.0,-395.0
2659,1,5268,"IND",-9558.0,10245.0
2660,21,5270,"IND",-10430.0,-9963.0
2661,12,5271,"IND",-4805.0,325.0
2662,13,5274,"IND",319.0,109.0
2663,13,5275,"IND",-56.0,-251.0
2664,1,5276,"IND",-9928.0,9541.0
2665,18,5278,"IND",-302.0,-5171.0
2666,18,5279,"IND",-179.0,-5035.0
2667,13,5280,"IND",446.0,253.0
2668,13,5281,"IND",-426.0,45.0
2669,13,5283,"IND",200.0,333.0
2670,18,5284,"IND",323.0,-4531.0
2671,1,5285,"IND",-10051.0,9757.0
2672,25,5286,"IND",10059.0,-10483.0
2673,13,5289,"IND",-316.0,-195.0
2674,12,5290,"IND",-5192.0,-411.0
2675,13,5292,"IND",433.0,-123.0
2676,1,5293,"IND",-10439.0,10021.0
2677,25,5294,"IND",10187.0,-9691.0
2678,21,5297,"IND",-9690.0,-9907.0
2679,12,5299,"IND",-5065.0,381.0
2680,13,5300,"IND",63.0,-475.0
2681,6,5301,"IND",-10311.0,4813.0
2682,13,5307,"IND",-188.0,-403.0
2683,9,5308,"IND",5438.0,5237.0
2684,13,5312,"IND",-435.0,29.0
2685,25,5315,"IND",10191.0,-9683.0
2686,13,5316,"IND",314.0,101.0
2687,13,5317,"IND",-60.0,-259.0
2688,7,5318,"IND",-5056.0,4906.0
2689,25,5320,"IND",9570.0,-9806.0
2690,13,5321,"IND",-307.0,-22.0
2691,1,5324,"IND",-9681.0,10266.0
2692,13,5327,"IND",447.0,410.0
2693,25,5329,"IND",10072.0,-10302.0
2694,1,5333,"IND",-9804.0,10482.0
2695,12,5334,"IND",-5179.0,-230.0
2696,12,5335,"IND",-5051.0,-86.0
2697,13,5340,"IND",-426.0,201.0
2698,13,5343,"IND",-302.0,-14.0
2699,13,5345,"IND",323.0,-374.0
2700,21,5346,"IND",-9549.0,-9583.0
2701,25,5348,"IND",10077.0,-10295.0
2702,25,5352,"IND",10200.0,-9511.0
2703,13,5353,"IND",-175.0,129.0
2704,5,5355,"IND",9936.0,9538.0
2705,2,5356,"IND",-5439.0,10178.0
2706,18,5358,"IND",-315.0,-5038.0
2707,18,5359,"IND",310.0,-4750.0
2708,13,5365,"IND",438.0,42.0
2709,13,5366,"IND",63.0,-318.0
2710,13,5372,"IND",187.0,466.0
2711,5,5373,"IND",9812.0,9754.0
2712,12,5374,"IND",-5060.0,-102.0
2713,18,5375,"IND",-434.0,-4814.0
2714,12,5381,"IND",-5311.0,-30.0
2715,12,5382,"IND",-4686.0,258.0
2716,13,5383,"IND",442.0,402.0
2717,13,5384,"IND",68.0,-310.0
2718,8,5385,"IND",191.0,5474.0
2719,13,5386,"IND",-183.0,-238.0
2720,5,5389,"IND",9962.0,9937.0
2721,25,5391,"IND",9588.0,-10423.0
2722,25,5392,"IND",9711.0,-9639.0
2723,21,5393,"IND",-9664.0,-10351.0
2724,13,5395,"IND",464.0,441.0
2725,21,5399,"IND",-9910.0,-9919.0
2726,13,5401,"IND",213.0,-135.0
2727,5,5402,"IND",9839.0,10153.0
2728,13,5404,"IND",-34.0,-55.0
2729,21,5405,"IND",-10408.0,-10415.0
2730,5,5408,"IND",9715.0,10369.0
2731,13,5409,"IND",341.0,-343.0
2732,18,5410,"IND",469.0,-4551.0
2733,21,5411,"IND",-9906.0,-9911.0
2734,5,5414,"IND",10218.0,9873.0
2735,13,5415,"IND",-157.0,161.0
2736,25,5417,"IND",9953.0,-10079.0
2737,25,5419,"IND",9579.0,-9791.0
2738,25,5420,"IND",9702.0,-10007.0
2739,13,5421,"IND",328.0,-367.0
2740,12,5422,"IND",-4545.0,425.0
2741,13,5424,"IND",81.0,-287.0
2742,12,5425,"IND",-4796.0,-151.0
2743,13,5430,"IND",-170.0,137.0
2744,13,5431,"IND",-42.0,-71.0
2745,18,5434,"IND",-417.0,-4783.0
2746,21,5436,"IND",-10293.0,-9647.0
2747,21,5437,"IND",-9668.0,-10359.0
2748,13,5441,"IND",460.0,433.0
2749,25,5442,"IND",10085.0,-10279.0
2750,13,5444,"IND",209.0,-143.0
2751,8,5445,"IND",-166.0,5145.0
2752,5,5446,"IND",9980.0,10320.0
2753,13,5450,"IND",-395.0,-392.0
2754,18,5455,"IND",-271.0,-4608.0
2755,21,5458,"IND",-9646.0,-9968.0
2756,12,5459,"IND",-4518.0,-176.0
2757,5,5461,"IND",10107.0,10112.0
2758,13,5465,"IND",231.0,-104.0
2759,25,5466,"IND",9856.0,-10464.0
2760,13,5467,"IND",-16.0,328.0
2761,13,5469,"IND",-390.0,-384.0
2762,25,5470,"IND",9733.0,-9600.0
2763,13,5471,"IND",358.0,40.0
2764,1,5472,"IND",-9514.0,9832.0
2765,13,5476,"IND",112.0,120.0
2766,18,5477,"IND",235.0,-4744.0
2767,1,5479,"IND",-10139.0,9544.0
2768,21,5480,"IND",-10029.0,-9695.0
2769,13,5481,"IND",-404.0,-407.0
2770,13,5482,"IND",-280.0,377.0
2771,18,5483,"IND",345.0,-5335.0
2772,13,5484,"IND",473.0,-191.0
2773,3,5485,"IND",99.0,10097.0
2774,13,5487,"IND",222.0,-119.0
2775,11,5492,"IND",-10153.0,169.0
2776,1,5493,"IND",-10025.0,10313.0
2777,25,5494,"IND",9601.0,-10399.0
2778,13,5498,"IND",-276.0,385.0
2779,13,5499,"IND",350.0,-327.0
2780,13,5500,"IND",477.0,-184.0
2781,5,5502,"IND",10103.0,10104.0
2782,13,5504,"IND",226.0,-112.0
2783,13,5512,"IND",-148.0,-472.0
2784,13,5515,"IND",-3.0,352.0
2785,1,5517,"IND",-10377.0,9992.0
2786,21,5519,"IND",-10254.0,-10224.0
2787,13,5520,"IND",372.0,64.0
2788,13,5524,"IND",499.0,208.0
2789,25,5525,"IND",10125.0,-9504.0
2790,13,5526,"IND",248.0,280.0
2791,12,5527,"IND",-5126.0,-432.0
2792,5,5530,"IND",10002.0,9712.0
2793,12,5532,"IND",-5373.0,0.0
2794,5,5534,"IND",9750.0,9784.0
2795,5,5535,"IND",10376.0,10072.0
2796,9,5537,"IND",4504.0,5215.0
2797,25,5539,"IND",10129.0,-10497.0
2798,13,5542,"IND",253.0,288.0
2799,25,5543,"IND",9878.0,-10425.0
2800,18,5548,"IND",-12.0,-4664.0
2801,12,5549,"IND",-5386.0,-376.0
2802,1,5550,"IND",-10263.0,9760.0
2803,12,5551,"IND",-4637.0,48.0
2804,25,5556,"IND",10491.0,-10160.0
2805,1,5557,"IND",-9884.0,10480.0
2806,12,5560,"IND",-4760.0,264.0
2807,12,5563,"IND",-5135.0,-448.0
2808,5,5564,"IND",9993.0,10344.0
2809,21,5566,"IND",-10382.0,-10016.0
2810,13,5567,"IND",-258.0,-232.0
2811,13,5568,"IND",367.0,56.0
2812,18,5570,"IND",495.0,-5152.0
2813,13,5571,"IND",121.0,488.0
2814,25,5574,"IND",10244.0,-9728.0
2815,13,5576,"IND",-131.0,-440.0
2816,13,5579,"IND",-126.0,-276.0
2817,1,5582,"IND",-10500.0,10012.0
2818,12,5583,"IND",-5377.0,148.0
2819,13,5586,"IND",248.0,436.0
2820,13,5590,"IND",376.0,228.0
2821,12,5591,"IND",-4998.0,-132.0
2822,13,5592,"IND",125.0,-348.0
2823,25,5593,"IND",9751.0,-10060.0
2824,13,5605,"IND",-122.0,-268.0
2825,9,5606,"IND",4504.0,5372.0
2826,13,5607,"IND",-373.0,156.0
2827,13,5609,"IND",253.0,444.0
2828,25,5612,"IND",10381.0,-9764.0
2829,5,5617,"IND",10006.0,9876.0
2830,1,5621,"IND",-9870.0,9660.0
2831,13,5623,"IND",-245.0,-52.0
2832,13,5626,"IND",-135.0,-291.0
2833,23,5627,"IND",491.0,-10003.0
2834,13,5631,"IND",-386.0,-219.0
2835,21,5635,"IND",-9760.0,-9579.0
2836,12,5638,"IND",-4633.0,213.0
2837,25,5639,"IND",9993.0,-10500.0
2838,12,5640,"IND",-4884.0,285.0
2839,21,5643,"IND",-10258.0,-10075.0
2840,21,5647,"IND",-10130.0,-10284.0
2841,13,5648,"IND",495.0,4.0
2842,12,5651,"IND",-5381.0,140.0
2843,12,5652,"IND",-4756.0,428.0
2844,25,5653,"IND",10372.0,-9780.0
2845,1,5655,"IND",-10003.0,9508.0
2846,5,5656,"IND",10121.0,9644.0
2847,21,5658,"IND",-10254.0,-10068.0
2848,13,5662,"IND",-108.0,108.0
2849,5,5664,"IND",9517.0,10396.0
2850,14,5665,"IND",4641.0,180.0
2851,18,5666,"IND",266.0,-5180.0
2852,13,5668,"IND",394.0,-388.0
2853,5,5670,"IND",10019.0,9900.0
2854,13,5673,"IND",143.0,-316.0
2855,5,5674,"IND",9768.0,10324.0
2856,5,5676,"IND",9896.0,10115.0
2857,18,5678,"IND",-478.0,-4597.0
2858,5,5680,"IND",9645.0,10187.0
2859,21,5683,"IND",-9730.0,-10173.0
2860,18,5684,"IND",398.0,-5381.0
2861,1,5686,"IND",-9976.0,9907.0
2862,5,5687,"IND",10147.0,10043.0
2863,13,5688,"IND",-227.0,331.0
2864,13,5690,"IND",-117.0,92.0
2865,21,5691,"IND",-10492.0,-9620.0
2866,1,5692,"IND",-10368.0,10164.0
2867,5,5693,"IND",10257.0,10452.0
2868,13,5694,"IND",385.0,-404.0
2869,13,5696,"IND",11.0,-116.0
2870,13,5701,"IND",134.0,-332.0
2871,13,5704,"IND",-241.0,-44.0
2872,12,5707,"IND",-5113.0,100.0
2873,13,5710,"IND",-487.0,388.0
2874,1,5711,"IND",-10364.0,10172.0
2875,1,5713,"IND",-9738.0,10460.0
2876,13,5714,"IND",389.0,-396.0
2877,13,5715,"IND",15.0,-108.0
2878,1,-1,"IND",-10073.0,10267.0
2879,1,-1,"IND",-9594.0,9776.0
2880,1,-1,"IND",-10050.0,9854.0
2881,1,-1,"IND",-10152.0,9653.0
2882,1,-1,"IND",-9615.0,10147.0
2883,1,-1,"IND",-10264.0,9873.0
2884,1,-1,"IND",-9999.0,10228.0
2885,1,-1,"IND",-9974.0,9613.0
2886,1,-1,"IND",-10236.0,9819.0
2887,1,-1,"IND",-9989.0,10134.0
2888,1,-1,"IND",-9785.0,9927.0
2889,1,-1,"IND",-10125.0,9701.0
2890,1,-1,"IND",-9857.0,9697.0
2891,1,-1,"IND",-9976.0,9564.0
2892,1,-1,"IND",-10128.0,9582.0
2893,5,-1,"IND",9927.0,10267.0
2894,5,-1,"IND",10406.0,9776.0
2895,5,-1,"IND",9950.0,9854.0
2896,5,-1,"IND",9848.0,9653.0
2897,5,-1,"IND",10385.0,10147.0
2898,5,-1,"IND",9736.0,9873.0
2899,5,-1,"IND",10001.0,10228.0
2900,5,-1,"IND",10026.0,9613.0
2901,5,-1,"IND",9764.0,9819.0
2902,5,-1,"IND",10011.0,10134.0
2903,5,-1,"IND",10215.0,9927.0
2904,5,-1,"IND",9875.0,9701.0
2905,5,-1,"IND",10143.0,9697.0
2906,5,-1,"IND",10024.0,9564.0
2907,5,-1,"IND",9872.0,9582.0
2908,12,-1,"IND",-5073.0,267.0
2909,12,-1,"IND",-4594.0,-224.0
2910,12,-1,"IND",-5050.0,-146.0
2911,12,-1,"IND",-5152.0,-347.0
2912,12,-1,"IND",-4615.0,147.0
2913,12,-1,"IND",-5264.0,-127.0
2914,12,-1,"IND",-4999.0,228.0
2915,12,-1,"IND",-4974.0,-387.0
2916,12,-1,"IND",-5236.0,-181.0
2917,12,-1,"IND",-4989.0,134.0
2918,12,-1,"IND",-4785.0,-73.0
2919,12,-1,"IND",-5125.0,-299.0
2920,12,-1,"IND",-4857.0,-303.0
2921,12,-1,"IND",-4976.0,-436.0
2922,12,-1,"IND",-5128.0,-418.0
2923,13,-1,"IND",-73.0,267.0
2924,13,-1,"IND",406.0,-224.0
2925,13,-1,"IND",-50.0,-146.0
2926,13,-1,"IND",-152.0,-347.0
2927,13,-1,"IND",385.0,147.0
2928,13,-1,"IND",-264.0,-127.0
2929,13,-1,"IND",1.0,228.0
2930,13,-1,"IND",26.0,-387.0
2931,13,-1,"IND",-236.0,-181.0
2932,13,-1,"IND",11.0,134.0
2933,13,-1,"IND",215.0,-73.0
2934,13,-1,"IND",-125.0,-299.0
2935,13,-1,"IND",143.0,-303.0
2936,13,-1,"IND",24.0,-436.0
2937,13,-1,"IND",-128.0,-418.0
2938,13,-1,"IND",-467.0,464.0
2939,13,-1,"IND",145.0,256.0
2940,13,-1,"IND",297.0,399.0
2941,13,-1,"IND",-369.0,-165.0
2942,13,-1,"IND",380.0,263.0
2943,13,-1,"IND",69.0,209.0
2944,13,-1,"IND",-227.0,-175.0
2945,13,-1,"IND",381.0,-277.0
2946,13,-1,"IND",6.0,104.0
2947,13,-1,"IND",-351.0,389.0
2948,13,-1,"IND",393.0,234.0
2949,13,-1,"IND",-30.0,45.0
2950,13,-1,"IND",172.0,-326.0
2951,13,-1,"IND",74.0,-440.0
2952,13,-1,"IND",-441.0,111.0
2953,13,-1,"IND",156.0,80.0
2954,13,-1,"IND",174.0,-172.0
2955,13,-1,"IND",297.0,-307.0
2956,13,-1,"IND",-126.0,-347.0
2957,13,-1,"IND",430.0,-385.0
2958,13,-1,"IND",-262.0,-317.0
2959,13,-1,"IND",392.0,-227.0
2960,13,-1,"IND",456.0,-276.0
2961,13,-1,"IND",-454.0,-362.0
2962,13,-1,"IND",286.0,-198.0
2963,13,-1,"IND",-315.0,130.0
2964,13,-1,"IND",462.0,478.0
2965,13,-1,"IND",182.0,211.0
2966,13,-1,"IND",233.0,-471.0
2967,13,-1,"IND",-474.0,77.0
2968,13,-1,"IND",-361.0,295.0
2969,13,-1,"IND",-453.0,-497.0
2970,13,-1,"IND",-459.0,432.0
2971,13,-1,"IND",-461.0,-26.0
2972,13,-1,"IND",-267.0,-404.0
2973,13,-1,"IND",200.0,93.0
2974,18,-1,"IND",-73.0,-4733.0
2975,18,-1,"IND",406.0,-5224.0
2976,18,-1,"IND",-50.0,-5146.0
2977,18,-1,"IND",-152.0,-5347.0
2978,18,-1,"IND",385.0,-4853.0
2979,18,-1,"IND",-264.0,-5127.0
2980,18,-1,"IND",1.0,-4772.0
2981,18,-1,"IND",26.0,-5387.0
2982,18,-1,"IND",-236.0,-5181.0
2983,18,-1,"IND",11.0,-4866.0
2984,18,-1,"IND",215.0,-5073.0
2985,18,-1,"IND",-125.0,-5299.0
2986,18,-1,"IND",143.0,-5303.0
2987,18,-1,"IND",24.0,-5436.0
2988,18,-1,"IND",-128.0,-5418.0
2989,21,-1,"IND",-10073.0,-9733.0
2990,21,-1,"IND",-9594.0,-10224.0
2991,21,-1,"IND",-10050.0,-10146.0
2992,21,-1,"IND",-10152.0,-10347.0
2993,21,-1,"IND",-9615.0,-9853.0
2994,21,-1,"IND",-10264.0,-10127.0
2995,21,-1,"IND",-9999.0,-9772.0
2996,21,-1,"IND",-9974.0,-10387.0
2997,21,-1,"IND",-10236.0,-10181.0
2998,21,-1,"IND",-9989.0,-9866.0
2999,21,-1,"IND",-9785.0,-10073.0
3000,21,-1,"IND",-10125.0,-10299.0
3001,21,-1,"IND",-9857.0,-10303.0
3002,21,-1,"IND",-9976.0,-10436.0
3003,21,-1,"IND",-10128.0,-10418.0
3004,25,-1,"IND",9927.0,-9733.0
3005,25,-1,"IND",10406.0,-10224.0
3006,25,-1,"IND",9950.0,-10146.0
3007,25,-1,"IND",9848.0,-10347.0
3008,25,-1,"IND",10385.0,-9853.0
3009,25,-1,"IND",9736.0,-10127.0
3010,25,-1,"IND",10001.0,-9772.0
3011,25,-1,"IND",10026.0,-10387.0
3012,25,-1,"IND",9764.0,-10181.0
3013,25,-1,"IND",10011.0,-9866.0
3014,25,-1,"IND",10215.0,-10073.0
3015,25,-1,"IND",9875.0,-10299.0
3016,25,-1,"IND",10143.0,-10303.0
3017,25,-1,"IND",10024.0,-10436.0
3018,25,-1,"IND",9872.0,-10418.0
