id,dwelling,zone,hhSize,autos
1,1,3131,1,1
2,2,2764,1,1
3,3,749,1,1
4,4,3385,1,1
5,5,3471,1,1
6,6,26,1,1
7,7,506,1,1
8,8,2419,1,1
9,9,2520,1,1
10,10,2594,1,1
11,11,683,1,1
12,12,1503,1,1
13,13,3277,1,1
14,14,1793,1,1
15,15,2977,1,1
16,16,1033,1,1
17,17,1457,1,1
18,18,671,1,1
19,19,1744,1,1
20,20,710,1,1
21,21,3401,1,1
22,22,1864,1,1
23,23,1227,1,1
24,24,1914,1,1
25,25,1744,1,1
26,26,1242,1,1
27,27,2031,1,1
28,28,459,1,1
29,29,1888,1,1
30,30,3247,1,1
31,31,1231,1,1
32,32,1757,1,1
33,33,1431,1,1
34,34,1586,1,1
35,35,718,1,1
36,36,2728,1,1
37,37,713,1,1
38,38,594,1,1
39,39,3214,1,1
40,40,665,1,1
41,41,2380,1,1
42,42,566,1,1
43,43,1324,1,1
44,44,2738,1,1
45,45,3476,1,1
46,46,2535,1,1
47,47,308,1,1
48,48,2936,1,1
49,49,658,1,1
50,50,2944,1,1
51,51,2694,1,1
52,52,2941,1,1
53,53,59,1,1
54,54,3257,1,1
55,55,661,1,1
56,56,911,1,1
57,57,3214,1,1
58,58,3060,1,1
59,59,1262,1,1
60,60,4,1,1
61,61,1898,1,1
62,62,2820,1,1
63,63,2553,1,1
64,64,1102,1,1
65,65,2095,1,1
66,66,1795,1,1
67,67,1799,1,1
68,68,1720,1,1
69,69,3276,1,1
70,70,1000,1,1
71,71,2391,1,1
72,72,2,1,1
73,73,1454,1,1
74,74,2430,1,1
75,75,2074,1,1
76,76,734,1,1
77,77,1987,1,1
78,78,1961,1,1
79,79,3126,1,1
80,80,2094,1,1
81,81,2201,1,1
82,82,2095,1,1
83,83,1904,1,1
84,84,2143,1,1
85,85,3308,1,1
86,86,2594,1,1
87,87,2110,1,1
88,88,2245,1,1
89,89,2399,1,1
90,90,1480,1,1
91,91,2248,1,1
92,92,2197,1,1
93,93,424,1,1
94,94,796,1,1
95,95,760,1,1
96,96,3324,1,1
97,97,2230,1,1
98,98,2977,1,1
99,99,2977,1,1
100,100,829,1,1
101,101,871,1,1
102,102,1141,1,1
103,103,3033,1,1
104,104,30,1,1
105,105,3484,1,1
106,106,1412,1,1
107,107,210,1,1
108,108,2747,1,1
109,109,776,1,1
110,110,1023,1,1
111,111,2847,1,1
112,112,2605,1,1
113,113,1598,1,1
114,114,1452,1,1
115,115,2532,1,1
116,116,671,1,1
117,117,807,1,1
118,118,3296,1,1
119,119,1607,1,1
120,120,2180,1,1
121,121,2247,1,1
122,122,2729,1,1
123,123,2459,1,1
124,124,2824,1,1
125,125,1153,1,1
126,126,833,1,1
127,127,323,1,1
128,128,3424,1,1
129,129,3434,1,1
130,130,903,1,1
131,131,1353,1,1
132,132,1673,1,1
133,133,739,1,1
134,134,433,1,1
135,135,1673,1,1
136,136,3169,1,1
137,137,26,1,1
138,138,1943,1,1
139,139,2128,1,1
140,140,934,1,1
141,141,874,1,1
142,142,3028,1,1
143,143,222,1,1
144,144,924,1,1
145,145,2405,1,1
146,146,1304,1,1
147,147,1779,1,1
148,148,2094,1,1
149,149,3448,1,1
150,150,1242,1,1
151,151,131,1,1
152,152,1536,1,1
153,153,2022,1,1
154,154,256,1,1
155,155,1482,1,1
156,156,1800,1,1
157,157,1601,1,1
158,158,2652,1,1
159,159,343,1,1
160,160,942,1,1
161,161,3285,1,1
162,162,3497,1,1
163,163,1741,1,1
164,164,2611,1,1
165,165,1066,1,1
166,166,2071,1,1
167,167,3031,1,1
168,168,1030,1,1
169,169,1030,1,1
170,170,1292,1,1
171,171,325,1,1
172,172,2935,1,1
173,173,1742,1,1
174,174,2809,1,1
175,175,1507,1,1
176,176,2382,1,1
177,177,713,1,1
178,178,997,1,1
179,179,430,1,1
180,180,3343,1,1
181,181,47,1,1
182,182,590,1,1
183,183,211,1,1
184,184,2000,1,1
185,185,275,1,1
186,186,1786,1,1
187,187,1037,1,1
188,188,2746,1,1
189,189,2993,1,1
190,190,832,1,1
191,191,3399,1,1
192,192,3294,1,1
193,193,867,1,1
194,194,3479,1,1
195,195,267,1,1
196,196,1380,1,1
197,197,2190,1,1
198,198,3444,1,1
199,199,3294,1,1
200,200,1875,1,1
201,201,1710,1,1
202,202,169,1,1
203,203,3379,1,1
204,204,2189,1,1
205,205,2770,1,1
206,206,378,1,1
207,207,1623,1,1
208,208,1992,1,1
209,209,655,1,1
210,210,1281,1,1
211,211,151,1,1
212,212,694,1,1
213,213,1989,1,1
214,214,949,1,1
215,215,2395,1,1
216,216,806,1,1
217,217,2360,1,1
218,218,2232,1,1
219,219,3184,1,1
220,220,324,1,1
221,221,2176,1,1
222,222,682,1,1
223,223,1512,1,1
224,224,344,1,1
225,225,1174,1,1
226,226,3054,1,1
227,227,1917,1,1
228,228,3494,1,1
229,229,1175,1,1
230,230,2988,1,1
231,231,3406,1,1
232,232,3418,1,1
233,233,1119,1,1
234,234,3348,1,1
235,235,1267,1,1
236,236,2160,1,1
237,237,588,1,1
238,238,2011,1,1
239,239,554,1,1
240,240,2291,1,1
241,241,3387,1,1
242,242,3487,1,1
243,243,2932,1,1
244,244,3231,1,1
245,245,1589,1,1
246,246,1422,1,1
247,247,2642,1,1
248,248,2892,1,1
249,249,231,1,1
250,250,676,1,1
251,251,1694,1,1
252,252,1746,1,1
253,253,2382,1,1
254,254,1426,1,1
255,255,1254,1,1
256,256,96,1,1
257,257,3460,1,1
258,258,2460,1,1
259,259,1316,1,1
260,260,132,1,1
261,261,1859,1,1
262,262,10,1,1
263,263,3261,1,1
264,264,3317,1,1
265,265,1565,1,1
266,266,348,1,1
267,267,3066,1,1
268,268,1108,1,1
269,269,2600,1,1
270,270,2207,1,1
271,271,2295,1,1
272,272,1341,1,1
273,273,789,1,1
274,274,2532,1,1
275,275,1011,1,1
276,276,2160,1,1
277,277,3187,1,1
278,278,307,1,1
279,279,2644,1,1
280,280,3343,1,1
281,281,2568,1,1
282,282,2400,1,1
283,283,2453,1,1
284,284,2638,1,1
285,285,911,1,1
286,286,3367,1,1
287,287,2320,1,1
288,288,1289,1,1
289,289,1726,1,1
290,290,91,1,1
291,291,2941,1,1
292,292,19,1,1
293,293,620,1,1
294,294,3383,1,1
295,295,3008,1,1
296,296,1538,1,1
297,297,2964,1,1
298,298,76,1,1
299,299,242,1,1
300,300,2494,1,1
301,301,1048,1,1
302,302,190,1,1
303,303,1635,1,1
304,304,2167,1,1
305,305,1961,1,1
306,306,2570,1,1
307,307,2914,1,1
308,308,1134,1,1
309,309,2867,1,1
310,310,1353,1,1
311,311,66,1,1
312,312,2439,1,1
313,313,485,1,1
314,314,175,1,1
315,315,1744,1,1
316,316,695,1,1
317,317,956,1,1
318,318,2614,1,1
319,319,2106,1,1
320,320,2801,1,1
321,321,3388,1,1
322,322,3006,1,1
323,323,1995,1,1
324,324,1010,1,1
325,325,1689,1,1
326,326,1519,1,1
327,327,130,1,1
328,328,782,1,1
329,329,3487,1,1
330,330,803,1,1
331,331,2249,1,1
332,332,2094,1,1
333,333,1242,1,1
334,334,1638,1,1
335,335,1537,1,1
336,336,197,1,1
337,337,858,1,1
338,338,2454,1,1
339,339,2772,1,1
340,340,3387,1,1
341,341,610,1,1
342,342,3295,1,1
343,343,508,1,1
344,344,2057,1,1
345,345,12,1,1
346,346,1989,1,1
347,347,843,1,1
348,348,1314,1,1
349,349,1960,1,1
350,350,2019,1,1
351,351,1225,1,1
352,352,558,1,1
353,353,1242,1,1
354,354,957,1,1
355,355,861,1,1
356,356,2330,1,1
357,357,2707,1,1
358,358,713,1,1
359,359,2508,1,1
360,360,3233,1,1
361,361,924,1,1
362,362,78,1,1
363,363,3181,1,1
364,364,3303,1,1
365,365,2357,1,1
366,366,165,1,1
367,367,766,1,1
368,368,2727,1,1
369,369,97,1,1
370,370,1381,1,1
371,371,2396,1,1
372,372,2742,1,1
373,373,2219,1,1
374,374,2082,1,1
375,375,1353,1,1
376,376,3367,1,1
377,377,1530,1,1
378,378,395,1,1
379,379,166,1,1
380,380,589,1,1
381,381,303,1,1
382,382,2493,1,1
383,383,1453,1,1
384,384,446,1,1
385,385,2303,1,1
386,386,388,1,1
387,387,493,1,1
388,388,3146,1,1
389,389,3016,1,1
390,390,2922,1,1
391,391,2933,1,1
392,392,1951,1,1
393,393,3349,1,1
394,394,530,1,1
395,395,3056,1,1
396,396,1877,1,1
397,397,718,1,1
398,398,2047,1,1
399,399,93,1,1
400,400,861,1,1
401,401,2194,1,1
402,402,1578,1,1
403,403,2848,1,1
404,404,2644,1,1
405,405,2979,1,1
406,406,1834,1,1
407,407,1969,1,1
408,408,2442,1,1
409,409,1511,1,1
410,410,3043,1,1
411,411,1721,1,1
412,412,1432,1,1
413,413,3338,1,1
414,414,2689,1,1
415,415,1209,1,1
416,416,95,1,1
417,417,109,1,1
418,418,368,1,1
419,419,2114,1,1
420,420,2351,1,1
421,421,2250,1,1
422,422,349,1,1
423,423,1194,1,1
424,424,96,1,1
425,425,975,1,1
426,426,276,1,1
427,427,448,1,1
428,428,3489,1,1
429,429,135,1,1
430,430,3254,1,1
431,431,3155,1,1
432,432,1470,1,1
433,433,212,1,1
434,434,2909,1,1
435,435,787,1,1
436,436,1060,1,1
437,437,1380,1,1
438,438,2542,1,1
439,439,1405,1,1
440,440,2101,1,1
441,441,1555,1,1
442,442,1439,1,1
443,443,1892,1,1
444,444,986,1,1
445,445,395,1,1
446,446,999,1,1
447,447,1153,1,1
448,448,1702,1,1
449,449,3222,1,1
450,450,403,1,1
451,451,231,1,1
452,452,2179,1,1
453,453,2361,1,1
454,454,1319,1,1
455,455,1798,1,1
456,456,108,1,1
457,457,2365,1,1
458,458,1142,1,1
459,459,3139,1,1
460,460,126,1,1
461,461,1782,1,1
462,462,3468,1,1
463,463,1560,1,1
464,464,2260,1,1
465,465,3109,1,1
466,466,3498,1,1
467,467,3044,1,1
468,468,175,1,1
469,469,3100,1,1
470,470,2747,1,1
471,471,1345,1,1
472,472,1518,1,1
473,473,1058,1,1
474,474,117,1,1
475,475,1807,1,1
476,476,2295,1,1
477,477,2481,1,1
478,478,1566,1,1
479,479,1926,1,1
480,480,2527,1,1
481,481,2758,1,1
482,482,2599,1,1
483,483,3466,1,1
484,484,649,1,1
485,485,31,1,1
486,486,2868,1,1
487,487,1287,1,1
488,488,755,1,1
489,489,2217,1,1
490,490,3402,1,1
491,491,1991,1,1
492,492,3048,1,1
493,493,2735,1,1
494,494,2705,1,1
495,495,2214,1,1
496,496,1222,1,1
497,497,1075,1,1
498,498,1825,1,1
499,499,1517,1,1
500,500,2104,1,1
501,501,174,1,1
502,502,3177,1,1
503,503,2892,1,1
504,504,2824,1,1
505,505,2651,1,1
506,506,2971,1,1
507,507,279,1,1
508,508,3496,1,1
509,509,2805,1,1
510,510,675,1,1
511,511,1320,1,1
512,512,2234,1,1
513,513,2175,1,1
514,514,2935,1,1
515,515,2222,1,1
516,516,2958,1,1
517,517,2686,1,1
518,518,2472,1,1
519,519,89,1,1
520,520,1876,1,1
521,521,1969,1,1
522,522,2335,1,1
523,523,3226,1,1
524,524,2052,1,1
525,525,2232,1,1
526,526,3031,1,1
527,527,1168,1,1
528,528,3399,1,1
529,529,1339,1,1
530,530,1343,1,1
531,531,3165,1,1
532,532,1975,1,1
533,533,683,1,1
534,534,1231,1,1
535,535,3227,1,1
536,536,2566,1,1
537,537,1091,1,1
538,538,776,1,1
539,539,2714,1,1
540,540,3412,1,1
541,541,2601,1,1
542,542,2502,1,1
543,543,610,1,1
544,544,395,1,1
545,545,2811,1,1
546,546,1387,1,1
547,547,2675,1,1
548,548,528,1,1
549,549,2249,1,1
550,550,1326,1,1
551,551,849,1,1
552,552,3481,1,1
553,553,3314,1,1
554,554,337,1,1
555,555,3019,1,1
556,556,493,1,1
557,557,815,1,1
558,558,3088,1,1
559,559,2892,1,1
560,560,1968,1,1
561,561,1409,1,1
562,562,2470,1,1
563,563,1612,1,1
564,564,1549,1,1
565,565,338,1,1
566,566,154,1,1
567,567,89,1,1
568,568,2058,1,1
569,569,1658,1,1
570,570,2513,1,1
571,571,1065,1,1
572,572,2843,1,1
573,573,2516,1,1
574,574,390,1,1
575,575,3045,1,1
576,576,150,1,1
577,577,2515,1,1
578,578,2783,1,1
579,579,1364,1,1
580,580,1355,1,1
581,581,17,1,1
582,582,1171,1,1
583,583,351,1,1
584,584,1552,1,1
585,585,2795,1,1
586,586,1565,1,1
587,587,1957,1,1
588,588,544,1,1
589,589,1027,1,1
590,590,2084,1,1
591,591,3278,1,1
592,592,146,1,1
593,593,2216,1,1
594,594,3444,1,1
595,595,1573,1,1
596,596,2425,1,1
597,597,1263,1,1
598,598,2994,1,1
599,599,2283,1,1
600,600,590,1,1
601,601,1947,1,1
602,602,260,1,1
603,603,3044,1,1
604,604,1534,1,1
605,605,1306,1,1
606,606,2436,1,1
607,607,1436,1,1
608,608,1179,1,1
609,609,2799,1,1
610,610,1683,1,1
611,611,3307,1,1
612,612,2830,1,1
613,613,3004,1,1
614,614,2130,1,1
615,615,374,1,1
616,616,822,1,1
617,617,1974,1,1
618,618,269,1,1
619,619,2974,1,1
620,620,1876,1,1
621,621,2700,1,1
622,622,1129,1,1
623,623,1823,1,1
624,624,1263,1,1
625,625,2318,1,1
626,626,1508,1,1
627,627,3054,1,1
628,628,2291,1,1
629,629,3142,1,1
630,630,2138,1,1
631,631,3452,1,1
632,632,2339,1,1
633,633,2900,1,1
634,634,3423,1,1
635,635,2579,1,1
636,636,2944,1,1
637,637,2295,1,1
638,638,3392,1,1
639,639,760,1,1
640,640,1569,1,1
641,641,3447,1,1
642,642,2460,1,1
643,643,191,1,1
644,644,2549,1,1
645,645,1408,1,1
646,646,428,1,1
647,647,1734,1,1
648,648,1460,1,1
649,649,789,1,1
650,650,579,1,1
651,651,2873,1,1
652,652,2041,1,1
653,653,1511,1,1
654,654,777,1,1
655,655,319,1,1
656,656,2208,1,1
657,657,585,1,1
658,658,310,1,1
659,659,722,1,1
660,660,2536,1,1
661,661,320,1,1
662,662,3307,1,1
663,663,2081,1,1
664,664,2730,1,1
665,665,2699,1,1
666,666,2268,1,1
667,667,2371,1,1
668,668,610,1,1
669,669,1688,1,1
670,670,601,1,1
671,671,156,1,1
672,672,1962,1,1
673,673,3191,1,1
674,674,2584,1,1
675,675,612,1,1
676,676,3233,1,1
677,677,3429,1,1
678,678,1029,1,1
679,679,424,1,1
680,680,72,1,1
681,681,1769,1,1
682,682,2062,1,1
683,683,1390,1,1
684,684,1000,1,1
685,685,1687,1,1
686,686,2932,1,1
687,687,3193,1,1
688,688,441,1,1
689,689,862,1,1
690,690,1086,1,1
691,691,2829,1,1
692,692,1032,1,1
693,693,1488,1,1
694,694,3213,1,1
695,695,3025,1,1
696,696,2485,1,1
697,697,1557,1,1
698,698,3169,1,1
699,699,114,1,1
700,700,3139,1,1
701,701,1296,1,1
702,702,1088,1,1
703,703,1233,1,1
704,704,3068,1,1
705,705,3450,1,1
706,706,2989,1,1
707,707,1282,1,1
708,708,1521,1,1
709,709,3057,1,1
710,710,357,1,1
711,711,1360,1,1
712,712,3219,1,1
713,713,2550,1,1
714,714,2826,1,1
715,715,1108,1,1
716,716,1105,1,1
717,717,972,1,1
718,718,2051,1,1
719,719,2862,1,1
720,720,782,1,1
721,721,796,1,1
722,722,1936,1,1
723,723,1943,1,1
724,724,910,1,1
725,725,846,1,1
726,726,2619,1,1
727,727,1509,1,1
728,728,197,1,1
729,729,1481,1,1
730,730,2045,1,1
731,731,805,1,1
732,732,3056,1,1
733,733,472,1,1
734,734,2769,1,1
735,735,1791,1,1
736,736,3489,1,1
737,737,733,1,1
738,738,1114,1,1
739,739,629,1,1
740,740,2289,1,1
741,741,1638,1,1
742,742,2475,1,1
743,743,749,1,1
744,744,1981,1,1
745,745,3200,1,1
746,746,2183,1,1
747,747,2389,1,1
748,748,2250,1,1
749,749,1279,1,1
750,750,2550,1,1
751,751,2097,1,1
752,752,2755,1,1
753,753,1657,1,1
754,754,3317,1,1
755,755,2204,1,1
756,756,1862,1,1
757,757,3350,1,1
758,758,978,1,1
759,759,3040,1,1
760,760,1138,1,1
761,761,1225,1,1
762,762,1600,1,1
763,763,3213,1,1
764,764,3484,1,1
765,765,1954,1,1
766,766,1631,1,1
767,767,1365,1,1
768,768,3107,1,1
769,769,2340,1,1
770,770,2231,1,1
771,771,2185,1,1
772,772,102,1,1
773,773,891,1,1
774,774,1756,1,1
775,775,68,1,1
776,776,1518,1,1
777,777,2430,1,1
778,778,1161,1,1
779,779,2968,1,1
780,780,2410,1,1
781,781,2186,1,1
782,782,2537,1,1
783,783,1350,1,1
784,784,667,1,1
785,785,711,1,1
786,786,1752,1,1
787,787,1800,1,1
788,788,1100,1,1
789,789,581,1,1
790,790,170,1,1
791,791,2719,1,1
792,792,3067,1,1
793,793,2863,1,1
794,794,3283,1,1
795,795,1744,1,1
796,796,975,1,1
797,797,1368,1,1
798,798,1983,1,1
799,799,2231,1,1
800,800,1947,1,1
801,801,1506,1,1
802,802,2772,1,1
803,803,3030,1,1
804,804,3107,1,1
805,805,892,1,1
806,806,1471,1,1
807,807,192,1,1
808,808,1553,1,1
809,809,3317,1,1
810,810,2304,1,1
811,811,3161,1,1
812,812,1942,1,1
813,813,1504,1,1
814,814,615,1,1
815,815,1727,1,1
816,816,2656,1,1
817,817,1183,1,1
818,818,2816,1,1
819,819,3207,1,1
820,820,765,1,1
821,821,698,1,1
822,822,1354,1,1
823,823,1502,1,1
824,824,2454,1,1
825,825,3056,1,1
826,826,2072,1,1
827,827,316,1,1
828,828,2622,1,1
829,829,949,1,1
830,830,1872,1,1
831,831,1598,1,1
832,832,649,1,1
833,833,721,1,1
834,834,2710,1,1
835,835,1360,1,1
836,836,1849,1,1
837,837,742,1,1
838,838,1,1,1
839,839,1602,1,1
840,840,1112,1,1
841,841,1001,1,1
842,842,1173,1,1
843,843,2592,1,1
844,844,1936,1,1
845,845,1746,1,1
846,846,329,1,1
847,847,2981,1,1
848,848,3240,1,1
849,849,905,1,1
850,850,1343,1,1
851,851,409,1,1
852,852,1161,1,1
853,853,3053,1,1
854,854,2039,1,1
855,855,392,1,1
856,856,486,1,1
857,857,292,1,1
858,858,1493,1,1
859,859,375,1,1
860,860,164,1,1
861,861,2754,1,1
862,862,872,1,1
863,863,1017,1,1
864,864,2645,1,1
865,865,2147,1,1
866,866,2051,1,1
867,867,2351,1,1
868,868,2651,1,1
869,869,2668,1,1
870,870,3318,1,1
871,871,1481,1,1
872,872,530,1,1
873,873,1930,1,1
874,874,1907,1,1
875,875,3285,1,1
876,876,2827,1,1
877,877,698,1,1
878,878,3438,1,1
879,879,2227,1,1
880,880,865,1,1
881,881,2504,1,1
882,882,100,1,1
883,883,2586,1,1
884,884,1383,1,1
885,885,319,1,1
886,886,1204,1,1
887,887,757,1,1
888,888,1586,1,1
889,889,2607,1,1
890,890,805,1,1
891,891,2723,1,1
892,892,993,1,1
893,893,2450,1,1
894,894,624,1,1
895,895,3393,1,1
896,896,1583,1,1
897,897,1665,1,1
898,898,2649,1,1
899,899,479,1,1
900,900,622,1,1
901,901,2078,1,1
902,902,3105,1,1
903,903,2946,1,1
904,904,3218,1,1
905,905,2863,1,1
906,906,3122,1,1
907,907,1056,1,1
908,908,1400,1,1
909,909,2834,1,1
910,910,1112,1,1
911,911,3366,1,1
912,912,2337,1,1
913,913,2958,1,1
914,914,2692,1,1
915,915,1763,1,1
916,916,2331,1,1
917,917,3399,1,1
918,918,1143,1,1
919,919,2630,1,1
920,920,1984,1,1
921,921,1344,1,1
922,922,2328,1,1
923,923,42,1,1
924,924,2246,1,1
925,925,2701,1,1
926,926,1371,1,1
927,927,1006,1,1
928,928,2527,1,1
929,929,2519,1,1
930,930,2251,1,1
931,931,1861,1,1
932,932,3045,1,1
933,933,1197,1,1
934,934,2339,1,1
935,935,1020,1,1
936,936,2409,1,1
937,937,3402,1,1
938,938,1146,1,1
939,939,1437,1,1
940,940,362,1,1
941,941,829,1,1
942,942,2673,1,1
943,943,941,1,1
944,944,2921,1,1
945,945,993,1,1
946,946,3209,1,1
947,947,1146,1,1
948,948,2445,1,1
949,949,1061,1,1
950,950,2410,1,1
951,951,611,1,1
952,952,1430,1,1
953,953,3188,1,1
954,954,3334,1,1
955,955,3470,1,1
956,956,883,1,1
957,957,1783,1,1
958,958,3439,1,1
959,959,2019,1,1
960,960,496,1,1
961,961,988,1,1
962,962,2385,1,1
963,963,3083,1,1
964,964,2224,1,1
965,965,795,1,1
966,966,448,1,1
967,967,2776,1,1
968,968,2836,1,1
969,969,2013,1,1
970,970,291,1,1
971,971,160,1,1
972,972,506,1,1
973,973,1472,1,1
974,974,301,1,1
975,975,1090,1,1
976,976,902,1,1
977,977,3430,1,1
978,978,257,1,1
979,979,3316,1,1
980,980,1698,1,1
981,981,1761,1,1
982,982,789,1,1
983,983,2163,1,1
984,984,1565,1,1
985,985,1087,1,1
986,986,2775,1,1
987,987,2077,1,1
988,988,1910,1,1
989,989,2829,1,1
990,990,2249,1,1
991,991,2321,1,1
992,992,728,1,1
993,993,3205,1,1
994,994,2523,1,1
995,995,2966,1,1
996,996,512,1,1
997,997,2362,1,1
998,998,3043,1,1
999,999,2093,1,1
1000,1000,909,1,1
1001,1001,717,1,1
1002,1002,1781,1,1
1003,1003,3393,1,1
1004,1004,239,1,1
1005,1005,2661,1,1
1006,1006,1937,1,1
1007,1007,1037,1,1
1008,1008,2374,1,1
1009,1009,1984,1,1
1010,1010,3075,1,1
1011,1011,549,1,1
1012,1012,106,1,1
1013,1013,632,1,1
1014,1014,165,1,1
1015,1015,3219,1,1
1016,1016,193,1,1
1017,1017,2597,1,1
1018,1018,2987,1,1
1019,1019,857,1,1
1020,1020,3005,1,1
1021,1021,1709,1,1
1022,1022,3136,1,1
1023,1023,1143,1,1
1024,1024,1477,1,1
1025,1025,2459,1,1
1026,1026,2782,1,1
1027,1027,3258,1,1
1028,1028,1160,1,1
1029,1029,3218,1,1
1030,1030,2493,1,1
1031,1031,120,1,1
1032,1032,873,1,1
1033,1033,2249,1,1
1034,1034,1697,1,1
1035,1035,57,1,1
1036,1036,1257,1,1
1037,1037,1375,1,1
1038,1038,2601,1,1
1039,1039,2287,1,1
1040,1040,2898,1,1
1041,1041,2269,1,1
1042,1042,3203,1,1
1043,1043,2749,1,1
1044,1044,1272,1,1
1045,1045,1605,1,1
1046,1046,1962,1,1
1047,1047,1970,1,1
1048,1048,1146,1,1
1049,1049,3266,1,1
1050,1050,1063,1,1
1051,1051,693,1,1
1052,1052,2720,1,1
1053,1053,2458,1,1
1054,1054,1505,1,1
1055,1055,606,1,1
1056,1056,101,1,1
1057,1057,1823,1,1
1058,1058,2364,1,1
1059,1059,2056,1,1
1060,1060,744,1,1
1061,1061,2065,1,1
1062,1062,934,1,1
1063,1063,1445,1,1
1064,1064,3364,1,1
1065,1065,1123,1,1
1066,1066,2481,1,1
1067,1067,946,1,1
1068,1068,681,1,1
1069,1069,106,1,1
1070,1070,2248,1,1
1071,1071,1543,1,1
1072,1072,2321,1,1
1073,1073,735,1,1
1074,1074,1913,1,1
1075,1075,2721,1,1
1076,1076,2140,1,1
1077,1077,3016,1,1
1078,1078,1788,1,1
1079,1079,525,1,1
1080,1080,3412,1,1
1081,1081,3345,1,1
1082,1082,2070,1,1
1083,1083,3204,1,1
1084,1084,1826,1,1
1085,1085,1769,1,1
1086,1086,576,1,1
1087,1087,1653,1,1
1088,1088,270,1,1
1089,1089,1452,1,1
1090,1090,763,1,1
1091,1091,2178,1,1
1092,1092,5,1,1
1093,1093,325,1,1
1094,1094,2901,1,1
1095,1095,2339,1,1
1096,1096,238,1,1
1097,1097,2833,1,1
1098,1098,2819,1,1
1099,1099,3065,1,1
1100,1100,3238,1,1
1101,1101,2375,1,1
1102,1102,1212,1,1
1103,1103,490,1,1
1104,1104,633,1,1
1105,1105,1427,1,1
1106,1106,1753,1,1
1107,1107,231,1,1
1108,1108,2055,1,1
1109,1109,30,1,1
1110,1110,2850,1,1
1111,1111,2843,1,1
1112,1112,2259,1,1
1113,1113,283,1,1
1114,1114,1124,1,1
1115,1115,3080,1,1
1116,1116,1767,1,1
1117,1117,1988,1,1
1118,1118,2981,1,1
1119,1119,2449,1,1
1120,1120,3113,1,1
1121,1121,1576,1,1
1122,1122,3130,1,1
1123,1123,2989,1,1
1124,1124,2167,1,1
1125,1125,2089,1,1
1126,1126,2439,1,1
1127,1127,3046,1,1
1128,1128,455,1,1
1129,1129,1964,1,1
1130,1130,2870,1,1
1131,1131,2990,1,1
1132,1132,1653,1,1
1133,1133,2157,1,1
1134,1134,2914,1,1
1135,1135,296,1,1
1136,1136,1817,1,1
1137,1137,733,1,1
1138,1138,2027,1,1
1139,1139,2677,1,1
1140,1140,2472,1,1
1141,1141,2949,1,1
1142,1142,1577,1,1
1143,1143,537,1,1
1144,1144,2251,1,1
1145,1145,804,1,1
1146,1146,2161,1,1
1147,1147,260,1,1
1148,1148,1728,1,1
1149,1149,1878,1,1
1150,1150,695,1,1
1151,1151,1777,1,1
1152,1152,2046,1,1
1153,1153,725,1,1
1154,1154,3144,1,1
1155,1155,3398,1,1
1156,1156,1580,1,1
1157,1157,2374,1,1
1158,1158,180,1,1
1159,1159,3255,1,1
1160,1160,2638,1,1
1161,1161,1772,1,1
1162,1162,930,1,1
1163,1163,3069,1,1
1164,1164,545,1,1
1165,1165,2696,1,1
1166,1166,321,1,1
1167,1167,976,1,1
1168,1168,2144,1,1
1169,1169,2480,1,1
1170,1170,480,1,1
1171,1171,1389,1,1
1172,1172,1203,1,1
1173,1173,3204,1,1
1174,1174,600,1,1
1175,1175,1302,1,1
1176,1176,928,1,1
1177,1177,2712,1,1
1178,1178,2821,1,1
1179,1179,184,1,1
1180,1180,1420,1,1
1181,1181,79,1,1
1182,1182,2671,1,1
1183,1183,3198,1,1
1184,1184,1733,1,1
1185,1185,2745,1,1
1186,1186,1556,1,1
1187,1187,2299,1,1
1188,1188,239,1,1
1189,1189,199,1,1
1190,1190,1751,1,1
1191,1191,3354,1,1
1192,1192,2285,1,1
1193,1193,2036,1,1
1194,1194,247,1,1
1195,1195,3471,1,1
1196,1196,774,1,1
1197,1197,2172,1,1
1198,1198,1159,1,1
1199,1199,2039,1,1
1200,1200,3028,1,1
1201,1201,2738,1,1
1202,1202,2322,1,1
1203,1203,2396,1,1
1204,1204,293,1,1
1205,1205,1660,1,1
1206,1206,1704,1,1
1207,1207,1327,1,1
1208,1208,2637,1,1
1209,1209,2522,1,1
1210,1210,2216,1,1
1211,1211,1723,1,1
1212,1212,1544,1,1
1213,1213,1704,1,1
1214,1214,3008,1,1
1215,1215,3115,1,1
1216,1216,3182,1,1
1217,1217,2300,1,1
1218,1218,3159,1,1
1219,1219,2625,1,1
1220,1220,1553,1,1
1221,1221,540,1,1
1222,1222,3305,1,1
1223,1223,2870,1,1
1224,1224,703,1,1
1225,1225,3134,1,1
1226,1226,1206,1,1
1227,1227,214,1,1
1228,1228,1093,1,1
1229,1229,2606,1,1
1230,1230,2637,1,1
1231,1231,1080,1,1
1232,1232,3195,1,1
1233,1233,2217,1,1
1234,1234,651,1,1
1235,1235,1511,1,1
1236,1236,481,1,1
1237,1237,2967,1,1
1238,1238,2581,1,1
1239,1239,2219,1,1
1240,1240,844,1,1
1241,1241,3099,1,1
1242,1242,739,1,1
1243,1243,2883,1,1
1244,1244,3243,1,1
1245,1245,152,1,1
1246,1246,2715,1,1
1247,1247,2673,1,1
1248,1248,3413,1,1
1249,1249,1972,1,1
1250,1250,1302,1,1
1251,1251,265,1,1
1252,1252,1080,1,1
1253,1253,329,1,1
1254,1254,2078,1,1
1255,1255,160,1,1
1256,1256,2339,1,1
1257,1257,2968,1,1
1258,1258,926,1,1
1259,1259,1587,1,1
1260,1260,353,1,1
1261,1261,3025,1,1
1262,1262,3230,1,1
1263,1263,1603,1,1
1264,1264,1427,1,1
1265,1265,2474,1,1
1266,1266,1578,1,1
1267,1267,2332,1,1
1268,1268,3152,1,1
1269,1269,519,1,1
1270,1270,3254,1,1
1271,1271,2743,1,1
1272,1272,3183,1,1
1273,1273,1987,1,1
1274,1274,3157,1,1
1275,1275,2035,1,1
1276,1276,3161,1,1
1277,1277,3031,1,1
1278,1278,3324,1,1
1279,1279,1399,1,1
1280,1280,2318,1,1
1281,1281,919,1,1
1282,1282,998,1,1
1283,1283,233,1,1
1284,1284,2084,1,1
1285,1285,883,1,1
1286,1286,309,1,1
1287,1287,2611,1,1
1288,1288,602,1,1
1289,1289,3031,1,1
1290,1290,1878,1,1
1291,1291,1271,1,1
1292,1292,2171,1,1
1293,1293,2813,1,1
1294,1294,2647,1,1
1295,1295,2722,1,1
1296,1296,1986,1,1
1297,1297,101,1,1
1298,1298,788,1,1
1299,1299,2989,1,1
1300,1300,573,1,1
1301,1301,2475,1,1
1302,1302,2404,1,1
1303,1303,3115,1,1
1304,1304,11,1,1
1305,1305,2358,1,1
1306,1306,141,1,1
1307,1307,275,1,1
1308,1308,2623,1,1
1309,1309,93,1,1
1310,1310,834,1,1
1311,1311,2658,1,1
1312,1312,2149,1,1
1313,1313,2670,1,1
1314,1314,2686,1,1
1315,1315,495,1,1
1316,1316,711,1,1
1317,1317,3248,1,1
1318,1318,2511,1,1
1319,1319,2911,1,1
1320,1320,125,1,1
1321,1321,1082,1,1
1322,1322,2568,1,1
1323,1323,768,1,1
1324,1324,1034,1,1
1325,1325,1619,1,1
1326,1326,1792,1,1
1327,1327,2890,1,1
1328,1328,2129,1,1
1329,1329,2937,1,1
1330,1330,3195,1,1
1331,1331,3364,1,1
1332,1332,9,1,1
1333,1333,1460,1,1
1334,1334,3175,1,1
1335,1335,2734,1,1
1336,1336,961,1,1
1337,1337,1064,1,1
1338,1338,381,1,1
1339,1339,2815,1,1
1340,1340,876,1,1
1341,1341,1571,1,1
1342,1342,1366,1,1
1343,1343,3498,1,1
1344,1344,2845,1,1
1345,1345,897,1,1
1346,1346,14,1,1
1347,1347,110,1,1
1348,1348,1400,1,1
1349,1349,555,1,1
1350,1350,1076,1,1
1351,1351,166,1,1
1352,1352,646,1,1
1353,1353,995,1,1
1354,1354,819,1,1
1355,1355,3216,1,1
1356,1356,3126,1,1
1357,1357,1498,1,1
1358,1358,2532,1,1
1359,1359,954,1,1
1360,1360,2180,1,1
1361,1361,2367,1,1
1362,1362,1424,1,1
1363,1363,3491,1,1
1364,1364,1031,1,1
1365,1365,2740,1,1
1366,1366,363,1,1
1367,1367,1012,1,1
1368,1368,3451,1,1
1369,1369,2044,1,1
1370,1370,1289,1,1
1371,1371,3235,1,1
1372,1372,2461,1,1
1373,1373,84,1,1
1374,1374,2992,1,1
1375,1375,3122,1,1
1376,1376,1528,1,1
1377,1377,1540,1,1
1378,1378,1362,1,1
1379,1379,1417,1,1
1380,1380,2648,1,1
1381,1381,3037,1,1
1382,1382,1399,1,1
1383,1383,2593,1,1
1384,1384,1362,1,1
1385,1385,2308,1,1
1386,1386,796,1,1
1387,1387,3145,1,1
1388,1388,2300,1,1
1389,1389,414,1,1
1390,1390,3024,1,1
1391,1391,3463,1,1
1392,1392,239,1,1
1393,1393,1968,1,1
1394,1394,1440,1,1
1395,1395,669,1,1
1396,1396,2351,1,1
1397,1397,1098,1,1
1398,1398,551,1,1
1399,1399,1770,1,1
1400,1400,1486,1,1
1401,1401,691,1,1
1402,1402,183,1,1
1403,1403,1587,1,1
1404,1404,121,1,1
1405,1405,392,1,1
1406,1406,1071,1,1
1407,1407,1238,1,1
1408,1408,1644,1,1
1409,1409,1250,1,1
1410,1410,3050,1,1
1411,1411,1550,1,1
1412,1412,2525,1,1
1413,1413,3032,1,1
1414,1414,2141,1,1
1415,1415,3467,1,1
1416,1416,1985,1,1
1417,1417,3082,1,1
1418,1418,369,1,1
1419,1419,217,1,1
1420,1420,1447,1,1
1421,1421,1031,1,1
1422,1422,3248,1,1
1423,1423,456,1,1
1424,1424,86,1,1
1425,1425,1961,1,1
1426,1426,1514,1,1
1427,1427,1489,1,1
1428,1428,1206,1,1
1429,1429,746,1,1
1430,1430,2627,1,1
1431,1431,2652,1,1
1432,1432,3222,1,1
1433,1433,3217,1,1
1434,1434,256,1,1
1435,1435,339,1,1
1436,1436,2973,1,1
1437,1437,1480,1,1
1438,1438,1768,1,1
1439,1439,2551,1,1
1440,1440,78,1,1
1441,1441,2093,1,1
1442,1442,2178,1,1
1443,1443,1535,1,1
1444,1444,171,1,1
1445,1445,71,1,1
1446,1446,241,1,1
1447,1447,3426,1,1
1448,1448,711,1,1
1449,1449,2977,1,1
1450,1450,3311,1,1
1451,1451,110,1,1
1452,1452,2744,1,1
1453,1453,3010,1,1
1454,1454,1931,1,1
1455,1455,2558,1,1
1456,1456,32,1,1
1457,1457,3325,1,1
1458,1458,3314,1,1
1459,1459,1757,1,1
1460,1460,315,1,1
1461,1461,2121,1,1
1462,1462,1785,1,1
1463,1463,2869,1,1
1464,1464,1319,1,1
1465,1465,1090,1,1
1466,1466,2049,1,1
1467,1467,691,1,1
1468,1468,2843,1,1
1469,1469,2962,1,1
1470,1470,2979,1,1
1471,1471,53,1,1
1472,1472,2358,1,1
1473,1473,823,1,1
1474,1474,2299,1,1
1475,1475,470,1,1
1476,1476,1716,1,1
1477,1477,1610,1,1
1478,1478,2628,1,1
1479,1479,3198,1,1
1480,1480,68,1,1
1481,1481,241,1,1
1482,1482,299,1,1
1483,1483,1738,1,1
1484,1484,1570,1,1
1485,1485,2834,1,1
1486,1486,2558,1,1
1487,1487,2000,1,1
1488,1488,1211,1,1
1489,1489,1178,1,1
1490,1490,252,1,1
1491,1491,3348,1,1
1492,1492,1522,1,1
1493,1493,202,1,1
1494,1494,2715,1,1
1495,1495,1169,1,1
1496,1496,304,1,1
1497,1497,805,1,1
1498,1498,1633,1,1
1499,1499,379,1,1
1500,1500,2518,1,1
1501,1501,257,1,1
1502,1502,1883,1,1
1503,1503,2591,1,1
1504,1504,1733,1,1
1505,1505,1553,1,1
1506,1506,2627,1,1
1507,1507,98,1,1
1508,1508,1483,1,1
1509,1509,1566,1,1
1510,1510,3090,1,1
1511,1511,1920,1,1
1512,1512,1059,1,1
1513,1513,2741,1,1
1514,1514,1128,1,1
1515,1515,2263,1,1
1516,1516,5,1,1
1517,1517,2403,1,1
1518,1518,357,1,1
1519,1519,2708,1,1
1520,1520,1922,1,1
1521,1521,1994,1,1
1522,1522,2972,1,1
1523,1523,669,1,1
1524,1524,2384,1,1
1525,1525,701,1,1
1526,1526,2086,1,1
1527,1527,874,1,1
1528,1528,2779,1,1
1529,1529,2488,1,1
1530,1530,2584,1,1
1531,1531,2627,1,1
1532,1532,3059,1,1
1533,1533,2550,1,1
1534,1534,2353,1,1
1535,1535,1218,1,1
1536,1536,2993,1,1
1537,1537,2050,1,1
1538,1538,2124,1,1
1539,1539,2587,1,1
1540,1540,2681,1,1
1541,1541,2109,1,1
1542,1542,1875,1,1
1543,1543,399,1,1
1544,1544,1782,1,1
1545,1545,2626,1,1
1546,1546,1410,1,1
1547,1547,647,1,1
1548,1548,2726,1,1
1549,1549,566,1,1
1550,1550,3055,1,1
1551,1551,2586,1,1
1552,1552,64,1,1
1553,1553,2851,1,1
1554,1554,1043,1,1
1555,1555,2174,1,1
1556,1556,3085,1,1
1557,1557,2851,1,1
1558,1558,2157,1,1
1559,1559,689,1,1
1560,1560,1834,1,1
1561,1561,3177,1,1
1562,1562,422,1,1
1563,1563,1719,1,1
1564,1564,356,1,1
1565,1565,1979,1,1
1566,1566,2449,1,1
1567,1567,1757,1,1
1568,1568,2406,1,1
1569,1569,3147,1,1
1570,1570,2633,1,1
1571,1571,2732,1,1
1572,1572,916,1,1
1573,1573,1646,1,1
1574,1574,2566,1,1
1575,1575,1644,1,1
1576,1576,799,1,1
1577,1577,604,1,1
1578,1578,1609,1,1
1579,1579,2441,1,1
1580,1580,1252,1,1
1581,1581,3245,1,1
1582,1582,1785,1,1
1583,1583,719,1,1
1584,1584,1110,1,1
1585,1585,933,1,1
1586,1586,3027,1,1
1587,1587,2542,1,1
1588,1588,3335,1,1
1589,1589,1946,1,1
1590,1590,2381,1,1
1591,1591,1300,1,1
1592,1592,1463,1,1
1593,1593,1445,1,1
1594,1594,895,1,1
1595,1595,52,1,1
1596,1596,3261,1,1
1597,1597,2887,1,1
1598,1598,2954,1,1
1599,1599,321,1,1
1600,1600,2566,1,1
1601,1601,857,1,1
1602,1602,1630,1,1
1603,1603,599,1,1
1604,1604,1136,1,1
1605,1605,1638,1,1
1606,1606,1928,1,1
1607,1607,1299,1,1
1608,1608,2436,1,1
1609,1609,943,1,1
1610,1610,3317,1,1
1611,1611,405,1,1
1612,1612,1892,1,1
1613,1613,3363,1,1
1614,1614,2811,1,1
1615,1615,823,1,1
1616,1616,589,1,1
1617,1617,3482,1,1
1618,1618,1226,1,1
1619,1619,141,1,1
1620,1620,716,1,1
1621,1621,2288,1,1
1622,1622,1142,1,1
1623,1623,1327,1,1
1624,1624,2124,1,1
1625,1625,1439,1,1
1626,1626,3063,1,1
1627,1627,2748,1,1
1628,1628,413,1,1
1629,1629,862,1,1
1630,1630,169,1,1
1631,1631,1489,1,1
1632,1632,2732,1,1
1633,1633,742,1,1
1634,1634,772,1,1
1635,1635,2439,1,1
1636,1636,2768,1,1
1637,1637,2415,1,1
1638,1638,1580,1,1
1639,1639,2307,1,1
1640,1640,1383,1,1
1641,1641,274,1,1
1642,1642,2631,1,1
1643,1643,1690,1,1
1644,1644,3353,1,1
1645,1645,1017,1,1
1646,1646,1828,1,1
1647,1647,1977,1,1
1648,1648,2939,1,1
1649,1649,1300,1,1
1650,1650,1739,1,1
1651,1651,1863,1,1
1652,1652,3500,1,1
1653,1653,785,1,1
1654,1654,2627,1,1
1655,1655,2058,1,1
1656,1656,395,1,1
1657,1657,3313,1,1
1658,1658,2043,1,1
1659,1659,1480,1,1
1660,1660,884,1,1
1661,1661,1708,1,1
1662,1662,778,1,1
1663,1663,2234,1,1
1664,1664,2240,1,1
1665,1665,1482,1,1
1666,1666,3013,1,1
1667,1667,1844,1,1
1668,1668,532,1,1
1669,1669,2028,1,1
1670,1670,348,1,1
1671,1671,3204,1,1
1672,1672,2613,1,1
1673,1673,194,1,1
1674,1674,3042,1,1
1675,1675,2086,1,1
1676,1676,2256,1,1
1677,1677,1501,1,1
1678,1678,1313,1,1
1679,1679,1977,1,1
1680,1680,3437,1,1
1681,1681,1552,1,1
1682,1682,1050,1,1
1683,1683,12,1,1
1684,1684,358,1,1
1685,1685,247,1,1
1686,1686,1305,1,1
1687,1687,1459,1,1
1688,1688,1462,1,1
1689,1689,3485,1,1
1690,1690,1198,1,1
1691,1691,1684,1,1
1692,1692,2967,1,1
1693,1693,2214,1,1
1694,1694,2620,1,1
1695,1695,1099,1,1
1696,1696,1165,1,1
1697,1697,303,1,1
1698,1698,87,1,1
1699,1699,3290,1,1
1700,1700,65,1,1
1701,1701,2441,1,1
1702,1702,2381,1,1
1703,1703,807,1,1
1704,1704,366,1,1
1705,1705,704,1,1
1706,1706,2449,1,1
1707,1707,1624,1,1
1708,1708,236,1,1
1709,1709,221,1,1
1710,1710,2886,1,1
1711,1711,2244,1,1
1712,1712,2899,1,1
1713,1713,2078,1,1
1714,1714,1731,1,1
1715,1715,2976,1,1
1716,1716,1406,1,1
1717,1717,352,1,1
1718,1718,3399,1,1
1719,1719,557,1,1
1720,1720,662,1,1
1721,1721,1532,1,1
1722,1722,1991,1,1
1723,1723,2277,1,1
1724,1724,1505,1,1
1725,1725,1483,1,1
1726,1726,1708,1,1
1727,1727,849,1,1
1728,1728,2793,1,1
1729,1729,519,1,1
1730,1730,1417,1,1
1731,1731,653,1,1
1732,1732,2866,1,1
1733,1733,422,1,1
1734,1734,846,1,1
1735,1735,3140,1,1
1736,1736,2090,1,1
1737,1737,793,1,1
1738,1738,1394,1,1
1739,1739,452,1,1
1740,1740,1877,1,1
1741,1741,1456,1,1
1742,1742,1758,1,1
1743,1743,3406,1,1
1744,1744,581,1,1
1745,1745,1626,1,1
1746,1746,870,1,1
1747,1747,2675,1,1
1748,1748,2077,1,1
1749,1749,791,1,1
1750,1750,1103,1,1
1751,1751,2494,1,1
1752,1752,3215,1,1
1753,1753,2909,1,1
1754,1754,824,1,1
1755,1755,2025,1,1
1756,1756,370,1,1
1757,1757,1028,1,1
1758,1758,1274,1,1
1759,1759,2499,1,1
1760,1760,98,1,1
1761,1761,747,1,1
1762,1762,431,1,1
1763,1763,1709,1,1
1764,1764,487,1,1
1765,1765,708,1,1
1766,1766,3305,1,1
1767,1767,1886,1,1
1768,1768,2753,1,1
1769,1769,2672,1,1
1770,1770,2332,1,1
1771,1771,1922,1,1
1772,1772,2124,1,1
1773,1773,179,1,1
1774,1774,570,1,1
1775,1775,1494,1,1
1776,1776,3027,1,1
1777,1777,327,1,1
1778,1778,120,1,1
1779,1779,513,1,1
1780,1780,3198,1,1
1781,1781,2145,1,1
1782,1782,1379,1,1
1783,1783,406,1,1
1784,1784,2133,1,1
1785,1785,2858,1,1
1786,1786,1845,1,1
1787,1787,2125,1,1
1788,1788,575,1,1
1789,1789,2219,1,1
1790,1790,2229,1,1
1791,1791,578,1,1
1792,1792,2721,1,1
1793,1793,3063,1,1
1794,1794,89,1,1
1795,1795,330,1,1
1796,1796,2265,1,1
1797,1797,2334,1,1
1798,1798,503,1,1
1799,1799,3230,1,1
1800,1800,3163,1,1
1801,1801,339,1,1
1802,1802,1856,1,1
1803,1803,2941,1,1
1804,1804,3204,1,1
1805,1805,1504,1,1
1806,1806,49,1,1
1807,1807,1965,1,1
1808,1808,612,1,1
1809,1809,2886,1,1
1810,1810,3412,1,1
1811,1811,3310,1,1
1812,1812,3178,1,1
1813,1813,1629,1,1
1814,1814,2483,1,1
1815,1815,926,1,1
1816,1816,752,1,1
1817,1817,1141,1,1
1818,1818,892,1,1
1819,1819,3174,1,1
1820,1820,1380,1,1
1821,1821,446,1,1
1822,1822,1046,1,1
1823,1823,1270,1,1
1824,1824,3030,1,1
1825,1825,3399,1,1
1826,1826,2011,1,1
1827,1827,2792,1,1
1828,1828,2107,1,1
1829,1829,1277,1,1
1830,1830,2291,1,1
1831,1831,2147,1,1
1832,1832,604,1,1
1833,1833,3208,1,1
1834,1834,2900,1,1
1835,1835,247,1,1
1836,1836,425,1,1
1837,1837,1398,1,1
1838,1838,448,1,1
1839,1839,2830,1,1
1840,1840,2982,1,1
1841,1841,2639,1,1
1842,1842,2053,1,1
1843,1843,2258,1,1
1844,1844,804,1,1
1845,1845,2083,1,1
1846,1846,2857,1,1
1847,1847,3105,1,1
1848,1848,1287,1,1
1849,1849,1651,1,1
1850,1850,1214,1,1
1851,1851,2786,1,1
1852,1852,591,1,1
1853,1853,1036,1,1
1854,1854,1400,1,1
1855,1855,822,1,1
1856,1856,2245,1,1
1857,1857,2018,1,1
1858,1858,525,1,1
1859,1859,2539,1,1
1860,1860,1622,1,1
1861,1861,2963,1,1
1862,1862,970,1,1
1863,1863,2306,1,1
1864,1864,1536,1,1
1865,1865,553,1,1
1866,1866,2490,1,1
1867,1867,771,1,1
1868,1868,3240,1,1
1869,1869,1233,1,1
1870,1870,1471,1,1
1871,1871,910,1,1
1872,1872,1123,1,1
1873,1873,310,1,1
1874,1874,2733,1,1
1875,1875,1689,1,1
1876,1876,2500,1,1
1877,1877,1927,1,1
1878,1878,3414,1,1
1879,1879,676,1,1
1880,1880,3016,1,1
1881,1881,2276,1,1
1882,1882,316,1,1
1883,1883,395,1,1
1884,1884,1898,1,1
1885,1885,2182,1,1
1886,1886,700,1,1
1887,1887,1414,1,1
1888,1888,1766,1,1
1889,1889,3045,1,1
1890,1890,3408,1,1
1891,1891,2059,1,1
1892,1892,3041,1,1
1893,1893,2002,1,1
1894,1894,256,1,1
1895,1895,1086,1,1
1896,1896,2258,1,1
1897,1897,2734,1,1
1898,1898,1932,1,1
1899,1899,2245,1,1
1900,1900,1349,1,1
1901,1901,3190,1,1
1902,1902,2478,1,1
1903,1903,1344,1,1
1904,1904,357,1,1
1905,1905,2211,1,1
1906,1906,811,1,1
1907,1907,1071,1,1
1908,1908,2643,1,1
1909,1909,1189,1,1
1910,1910,1157,1,1
1911,1911,3007,1,1
1912,1912,1293,1,1
1913,1913,3112,1,1
1914,1914,3281,1,1
1915,1915,2207,1,1
1916,1916,1061,1,1
1917,1917,1335,1,1
1918,1918,2950,1,1
1919,1919,2327,1,1
1920,1920,173,1,1
1921,1921,868,1,1
1922,1922,3155,1,1
1923,1923,808,1,1
1924,1924,3061,1,1
1925,1925,3373,1,1
1926,1926,1180,1,1
1927,1927,1004,1,1
1928,1928,1380,1,1
1929,1929,729,1,1
1930,1930,1440,1,1
1931,1931,1457,1,1
1932,1932,886,1,1
1933,1933,2692,1,1
1934,1934,1364,1,1
1935,1935,1041,1,1
1936,1936,1238,1,1
1937,1937,3193,1,1
1938,1938,2668,1,1
1939,1939,3168,1,1
1940,1940,1352,1,1
1941,1941,2894,1,1
1942,1942,492,1,1
1943,1943,2117,1,1
1944,1944,2532,1,1
1945,1945,586,1,1
1946,1946,2969,1,1
1947,1947,2696,1,1
1948,1948,2875,1,1
1949,1949,1899,1,1
1950,1950,74,1,1
1951,1951,753,1,1
1952,1952,2910,1,1
1953,1953,2983,1,1
1954,1954,2185,1,1
1955,1955,3006,1,1
1956,1956,1401,1,1
1957,1957,2133,1,1
1958,1958,3191,1,1
1959,1959,2995,1,1
1960,1960,1916,1,1
1961,1961,3280,1,1
1962,1962,2349,1,1
1963,1963,1871,1,1
1964,1964,1669,1,1
1965,1965,2663,1,1
1966,1966,1478,1,1
1967,1967,68,1,1
1968,1968,3043,1,1
1969,1969,3065,1,1
1970,1970,2226,1,1
1971,1971,1724,1,1
1972,1972,1860,1,1
1973,1973,2129,1,1
1974,1974,1968,1,1
1975,1975,2187,1,1
1976,1976,2367,1,1
1977,1977,1447,1,1
1978,1978,1448,1,1
1979,1979,3436,1,1
1980,1980,440,1,1
1981,1981,542,1,1
1982,1982,2371,1,1
1983,1983,2539,1,1
1984,1984,2549,1,1
1985,1985,1973,1,1
1986,1986,2488,1,1
1987,1987,2834,1,1
1988,1988,3189,1,1
1989,1989,2693,1,1
1990,1990,2965,1,1
1991,1991,3216,1,1
1992,1992,3287,1,1
1993,1993,3440,1,1
1994,1994,2375,1,1
1995,1995,3123,1,1
1996,1996,2246,1,1
1997,1997,2964,1,1
1998,1998,563,1,1
1999,1999,2778,1,1
2000,2000,2464,1,1
2001,2001,2831,1,1
2002,2002,2759,1,1
2003,2003,1367,1,1
2004,2004,3078,1,1
2005,2005,87,1,1
2006,2006,2757,1,1
2007,2007,3252,1,1
2008,2008,2395,1,1
2009,2009,2883,1,1
2010,2010,2,1,1
2011,2011,2789,1,1
2012,2012,721,1,1
2013,2013,65,1,1
2014,2014,1858,1,1
2015,2015,2558,1,1
2016,2016,2385,1,1
2017,2017,3044,1,1
2018,2018,1140,1,1
2019,2019,1978,1,1
2020,2020,1826,1,1
2021,2021,2001,1,1
2022,2022,3305,1,1
2023,2023,554,1,1
2024,2024,1390,1,1
2025,2025,3041,1,1
2026,2026,1119,1,1
2027,2027,1510,1,1
2028,2028,2004,1,1
2029,2029,477,1,1
2030,2030,1741,1,1
2031,2031,1098,1,1
2032,2032,218,1,1
2033,2033,2711,1,1
2034,2034,2698,1,1
2035,2035,390,1,1
2036,2036,3150,1,1
2037,2037,1155,1,1
2038,2038,3030,1,1
2039,2039,3228,1,1
2040,2040,2581,1,1
2041,2041,3490,1,1
2042,2042,3412,1,1
2043,2043,1078,1,1
2044,2044,2185,1,1
2045,2045,3070,1,1
2046,2046,3482,1,1
2047,2047,449,1,1
2048,2048,1728,1,1
2049,2049,2758,1,1
2050,2050,2855,1,1
2051,2051,1659,1,1
2052,2052,3151,1,1
2053,2053,2557,1,1
2054,2054,1496,1,1
2055,2055,750,1,1
2056,2056,1267,1,1
2057,2057,3075,1,1
2058,2058,399,1,1
2059,2059,166,1,1
2060,2060,3179,1,1
2061,2061,1844,1,1
2062,2062,457,1,1
2063,2063,2129,1,1
2064,2064,698,1,1
2065,2065,2780,1,1
2066,2066,2226,1,1
2067,2067,2431,1,1
2068,2068,2925,1,1
2069,2069,2053,1,1
2070,2070,3456,1,1
2071,2071,2549,1,1
2072,2072,1307,1,1
2073,2073,796,1,1
2074,2074,3216,1,1
2075,2075,1594,1,1
2076,2076,1997,1,1
2077,2077,2160,1,1
2078,2078,1036,1,1
2079,2079,2360,1,1
2080,2080,1052,1,1
2081,2081,2056,1,1
2082,2082,1439,1,1
2083,2083,893,1,1
2084,2084,1816,1,1
2085,2085,2478,1,1
2086,2086,1650,1,1
2087,2087,3320,1,1
2088,2088,211,1,1
2089,2089,2913,1,1
2090,2090,2729,1,1
2091,2091,536,1,1
2092,2092,1216,1,1
2093,2093,2197,1,1
2094,2094,2182,1,1
2095,2095,75,1,1
2096,2096,2419,1,1
2097,2097,1892,1,1
2098,2098,2642,1,1
2099,2099,2207,1,1
2100,2100,931,1,1
2101,2101,3281,1,1
2102,2102,1494,1,1
2103,2103,828,1,1
2104,2104,1934,1,1
2105,2105,2984,1,1
2106,2106,2400,1,1
2107,2107,2971,1,1
2108,2108,3252,1,1
2109,2109,2572,1,1
2110,2110,612,1,1
2111,2111,545,1,1
2112,2112,1202,1,1
2113,2113,273,1,1
2114,2114,1058,1,1
2115,2115,917,1,1
2116,2116,1794,1,1
2117,2117,2339,1,1
2118,2118,1970,1,1
2119,2119,2311,1,1
2120,2120,2666,1,1
2121,2121,1564,1,1
2122,2122,1784,1,1
2123,2123,1828,1,1
2124,2124,2934,1,1
2125,2125,1890,1,1
2126,2126,3010,1,1
2127,2127,1183,1,1
2128,2128,604,1,1
2129,2129,917,1,1
2130,2130,2935,1,1
2131,2131,1939,1,1
2132,2132,1326,1,1
2133,2133,2963,1,1
2134,2134,1333,1,1
2135,2135,2204,1,1
2136,2136,3441,1,1
2137,2137,603,1,1
2138,2138,615,1,1
2139,2139,340,1,1
2140,2140,394,1,1
2141,2141,296,1,1
2142,2142,2754,1,1
2143,2143,1765,1,1
2144,2144,1459,1,1
2145,2145,67,1,1
2146,2146,3194,1,1
2147,2147,2241,1,1
2148,2148,3089,1,1
2149,2149,2216,1,1
2150,2150,2789,1,1
2151,2151,1639,1,1
2152,2152,447,1,1
2153,2153,1436,1,1
2154,2154,1568,1,1
2155,2155,2758,1,1
2156,2156,3162,1,1
2157,2157,2573,1,1
2158,2158,1774,1,1
2159,2159,389,1,1
2160,2160,3269,1,1
2161,2161,2659,1,1
2162,2162,1442,1,1
2163,2163,2857,1,1
2164,2164,1340,1,1
2165,2165,3356,1,1
2166,2166,1993,1,1
2167,2167,494,1,1
2168,2168,1746,1,1
2169,2169,1933,1,1
2170,2170,3417,1,1
2171,2171,3212,1,1
2172,2172,1380,1,1
2173,2173,479,1,1
2174,2174,3485,1,1
2175,2175,3099,1,1
2176,2176,2909,1,1
2177,2177,3472,1,1
2178,2178,2490,1,1
2179,2179,2275,1,1
2180,2180,899,1,1
2181,2181,469,1,1
2182,2182,779,1,1
2183,2183,277,1,1
2184,2184,2084,1,1
2185,2185,1933,1,1
2186,2186,2501,1,1
2187,2187,691,1,1
2188,2188,1839,1,1
2189,2189,3417,1,1
2190,2190,2121,1,1
2191,2191,10,1,1
2192,2192,2701,1,1
2193,2193,2760,1,1
2194,2194,1624,1,1
2195,2195,1786,1,1
2196,2196,1997,1,1
2197,2197,3343,1,1
2198,2198,590,1,1
2199,2199,2649,1,1
2200,2200,2252,1,1
2201,2201,1006,1,1
2202,2202,3394,1,1
2203,2203,2833,1,1
2204,2204,689,1,1
2205,2205,1805,1,1
2206,2206,869,1,1
2207,2207,2545,1,1
2208,2208,281,1,1
2209,2209,609,1,1
2210,2210,1722,1,1
2211,2211,1093,1,1
2212,2212,175,1,1
2213,2213,315,1,1
2214,2214,1195,1,1
2215,2215,2705,1,1
2216,2216,3248,1,1
2217,2217,3,1,1
2218,2218,1163,1,1
2219,2219,157,1,1
2220,2220,1069,1,1
2221,2221,2983,1,1
2222,2222,2668,1,1
2223,2223,2174,1,1
2224,2224,630,1,1
2225,2225,2802,1,1
2226,2226,1907,1,1
2227,2227,1487,1,1
2228,2228,124,1,1
2229,2229,2653,1,1
2230,2230,2619,1,1
2231,2231,882,1,1
2232,2232,1258,1,1
2233,2233,1249,1,1
2234,2234,1955,1,1
2235,2235,1474,1,1
2236,2236,2418,1,1
2237,2237,83,1,1
2238,2238,3316,1,1
2239,2239,2347,1,1
2240,2240,171,1,1
2241,2241,2298,1,1
2242,2242,2466,1,1
2243,2243,592,1,1
2244,2244,1374,1,1
2245,2245,2437,1,1
2246,2246,2574,1,1
2247,2247,918,1,1
2248,2248,2438,1,1
2249,2249,2369,1,1
2250,2250,3223,1,1
2251,2251,421,1,1
2252,2252,2441,1,1
2253,2253,485,1,1
2254,2254,2291,1,1
2255,2255,632,1,1
2256,2256,50,1,1
2257,2257,1267,1,1
2258,2258,2905,1,1
2259,2259,3274,1,1
2260,2260,245,1,1
2261,2261,3412,1,1
2262,2262,2085,1,1
2263,2263,1936,1,1
2264,2264,3014,1,1
2265,2265,3467,1,1
2266,2266,1970,1,1
2267,2267,1035,1,1
2268,2268,2070,1,1
2269,2269,2536,1,1
2270,2270,1412,1,1
2271,2271,2662,1,1
2272,2272,1343,1,1
2273,2273,1950,1,1
2274,2274,2587,1,1
2275,2275,2513,1,1
2276,2276,10,1,1
2277,2277,2739,1,1
2278,2278,2592,1,1
2279,2279,3461,1,1
2280,2280,980,1,1
2281,2281,1772,1,1
2282,2282,1203,1,1
2283,2283,92,1,1
2284,2284,366,1,1
2285,2285,1569,1,1
2286,2286,1157,1,1
2287,2287,241,1,1
2288,2288,1835,1,1
2289,2289,3093,1,1
2290,2290,305,1,1
2291,2291,2813,1,1
2292,2292,569,1,1
2293,2293,3370,1,1
2294,2294,3463,1,1
2295,2295,1617,1,1
2296,2296,1086,1,1
2297,2297,2240,1,1
2298,2298,1061,1,1
2299,2299,144,1,1
2300,2300,1781,1,1
2301,2301,104,1,1
2302,2302,1582,1,1
2303,2303,137,1,1
2304,2304,480,1,1
2305,2305,670,1,1
2306,2306,163,1,1
2307,2307,3158,1,1
2308,2308,1011,1,1
2309,2309,1490,1,1
2310,2310,1152,1,1
2311,2311,345,1,1
2312,2312,3436,1,1
2313,2313,1688,1,1
2314,2314,2141,1,1
2315,2315,2144,1,1
2316,2316,3229,1,1
2317,2317,2759,1,1
2318,2318,3359,1,1
2319,2319,1948,1,1
2320,2320,3183,1,1
2321,2321,180,1,1
2322,2322,1375,1,1
2323,2323,3366,1,1
2324,2324,1691,1,1
2325,2325,2250,1,1
2326,2326,1306,1,1
2327,2327,1033,1,1
2328,2328,8,1,1
2329,2329,864,1,1
2330,2330,1995,1,1
2331,2331,2209,1,1
2332,2332,800,1,1
2333,2333,1059,1,1
2334,2334,753,1,1
2335,2335,489,1,1
2336,2336,492,1,1
2337,2337,2203,1,1
2338,2338,2352,1,1
2339,2339,2693,1,1
2340,2340,1359,1,1
2341,2341,2661,1,1
2342,2342,1935,1,1
2343,2343,1866,1,1
2344,2344,2339,1,1
2345,2345,3353,1,1
2346,2346,784,1,1
2347,2347,1478,1,1
2348,2348,2773,1,1
2349,2349,1321,1,1
2350,2350,1769,1,1
2351,2351,1358,1,1
2352,2352,1431,1,1
2353,2353,298,1,1
2354,2354,1700,1,1
2355,2355,2335,1,1
2356,2356,2359,1,1
2357,2357,2145,1,1
2358,2358,3478,1,1
2359,2359,949,1,1
2360,2360,1054,1,1
2361,2361,379,1,1
2362,2362,80,1,1
2363,2363,1322,1,1
2364,2364,2750,1,1
2365,2365,686,1,1
2366,2366,994,1,1
2367,2367,46,1,1
2368,2368,3026,1,1
2369,2369,2514,1,1
2370,2370,481,1,1
2371,2371,2521,1,1
2372,2372,801,1,1
2373,2373,2900,1,1
2374,2374,2101,1,1
2375,2375,1290,1,1
2376,2376,2022,1,1
2377,2377,26,1,1
2378,2378,2680,1,1
2379,2379,311,1,1
2380,2380,58,1,1
2381,2381,2073,1,1
2382,2382,2326,1,1
2383,2383,766,1,1
2384,2384,3203,1,1
2385,2385,3093,1,1
2386,2386,378,1,1
2387,2387,546,1,1
2388,2388,1398,1,1
2389,2389,1262,1,1
2390,2390,2474,1,1
2391,2391,3013,1,1
2392,2392,2185,1,1
2393,2393,412,1,1
2394,2394,2616,1,1
2395,2395,967,1,1
2396,2396,1076,1,1
2397,2397,1200,1,1
2398,2398,2625,1,1
2399,2399,2379,1,1
2400,2400,889,1,1
2401,2401,878,1,1
2402,2402,782,1,1
2403,2403,3149,1,1
2404,2404,22,1,1
2405,2405,2199,1,1
2406,2406,877,1,1
2407,2407,1686,1,1
2408,2408,279,1,1
2409,2409,1097,1,1
2410,2410,3309,1,1
2411,2411,2413,1,1
2412,2412,2361,1,1
2413,2413,3334,1,1
2414,2414,2460,1,1
2415,2415,1845,1,1
2416,2416,2491,1,1
2417,2417,1994,1,1
2418,2418,51,1,1
2419,2419,3093,1,1
2420,2420,691,1,1
2421,2421,2433,1,1
2422,2422,1543,1,1
2423,2423,1312,1,1
2424,2424,529,1,1
2425,2425,2112,1,1
2426,2426,3395,1,1
2427,2427,2728,1,1
2428,2428,2753,1,1
2429,2429,2549,1,1
2430,2430,685,1,1
2431,2431,3052,1,1
2432,2432,2738,1,1
2433,2433,1418,1,1
2434,2434,3099,1,1
2435,2435,2435,1,1
2436,2436,3164,1,1
2437,2437,3251,1,1
2438,2438,2360,1,1
2439,2439,2497,1,1
2440,2440,2323,1,1
2441,2441,2888,1,1
2442,2442,548,1,1
2443,2443,2838,1,1
2444,2444,3233,1,1
2445,2445,2621,1,1
2446,2446,1084,1,1
2447,2447,2818,1,1
2448,2448,3247,1,1
2449,2449,473,1,1
2450,2450,3294,1,1
2451,2451,255,1,1
2452,2452,327,1,1
2453,2453,2014,1,1
2454,2454,1277,1,1
2455,2455,2838,1,1
2456,2456,230,1,1
2457,2457,2471,1,1
2458,2458,705,1,1
2459,2459,1597,1,1
2460,2460,3217,1,1
2461,2461,510,1,1
2462,2462,2639,1,1
2463,2463,478,1,1
2464,2464,2706,1,1
2465,2465,2673,1,1
2466,2466,2029,1,1
2467,2467,2069,1,1
2468,2468,991,1,1
2469,2469,999,1,1
2470,2470,309,1,1
2471,2471,485,1,1
2472,2472,233,1,1
2473,2473,751,1,1
2474,2474,1675,1,1
2475,2475,3024,1,1
2476,2476,2471,1,1
2477,2477,1452,1,1
2478,2478,477,1,1
2479,2479,2582,1,1
2480,2480,2014,1,1
2481,2481,3402,1,1
2482,2482,1783,1,1
2483,2483,2023,1,1
2484,2484,97,1,1
2485,2485,1398,1,1
2486,2486,3447,1,1
2487,2487,3096,1,1
2488,2488,1172,1,1
2489,2489,3309,1,1
2490,2490,939,1,1
2491,2491,1134,1,1
2492,2492,597,1,1
2493,2493,2957,1,1
2494,2494,3267,1,1
2495,2495,517,1,1
2496,2496,3295,1,1
2497,2497,1372,1,1
2498,2498,3018,1,1
2499,2499,1485,1,1
2500,2500,1145,1,1
2501,2501,323,1,1
2502,2502,2842,1,1
2503,2503,2822,1,1
2504,2504,1623,1,1
2505,2505,2160,1,1
2506,2506,1476,1,1
2507,2507,2765,1,1
2508,2508,1666,1,1
2509,2509,1137,1,1
2510,2510,1801,1,1
2511,2511,2316,1,1
2512,2512,1258,1,1
2513,2513,1956,1,1
2514,2514,1182,1,1
2515,2515,123,1,1
2516,2516,2530,1,1
2517,2517,1380,1,1
2518,2518,1334,1,1
2519,2519,1026,1,1
2520,2520,3290,1,1
2521,2521,965,1,1
2522,2522,1000,1,1
2523,2523,2783,1,1
2524,2524,236,1,1
2525,2525,2825,1,1
2526,2526,1516,1,1
2527,2527,740,1,1
2528,2528,442,1,1
2529,2529,15,1,1
2530,2530,156,1,1
2531,2531,1798,1,1
2532,2532,1425,1,1
2533,2533,180,1,1
2534,2534,3172,1,1
2535,2535,2921,1,1
2536,2536,2524,1,1
2537,2537,3137,1,1
2538,2538,1234,1,1
2539,2539,2032,1,1
2540,2540,3447,1,1
2541,2541,2024,1,1
2542,2542,728,1,1
2543,2543,985,1,1
2544,2544,1173,1,1
2545,2545,780,1,1
2546,2546,2855,1,1
2547,2547,1982,1,1
2548,2548,2589,1,1
2549,2549,1064,1,1
2550,2550,2426,1,1
2551,2551,87,1,1
2552,2552,1594,1,1
2553,2553,3041,1,1
2554,2554,2668,1,1
2555,2555,188,1,1
2556,2556,911,1,1
2557,2557,2343,1,1
2558,2558,1783,1,1
2559,2559,1644,1,1
2560,2560,2155,1,1
2561,2561,1425,1,1
2562,2562,142,1,1
2563,2563,2096,1,1
2564,2564,1520,1,1
2565,2565,1705,1,1
2566,2566,2462,1,1
2567,2567,1689,1,1
2568,2568,784,1,1
2569,2569,1635,1,1
2570,2570,893,1,1
2571,2571,568,1,1
2572,2572,3133,1,1
2573,2573,1671,1,1
2574,2574,1883,1,1
2575,2575,532,1,1
2576,2576,1865,1,1
2577,2577,290,1,1
2578,2578,2190,1,1
2579,2579,2884,1,1
2580,2580,2186,1,1
2581,2581,346,1,1
2582,2582,2426,1,1
2583,2583,144,1,1
2584,2584,1975,1,1
2585,2585,2955,1,1
2586,2586,3207,1,1
2587,2587,257,1,1
2588,2588,373,1,1
2589,2589,121,1,1
2590,2590,2188,1,1
2591,2591,2820,1,1
2592,2592,1950,1,1
2593,2593,208,1,1
2594,2594,96,1,1
2595,2595,3394,1,1
2596,2596,1392,1,1
2597,2597,850,1,1
2598,2598,2358,1,1
2599,2599,1183,1,1
2600,2600,1166,1,1
2601,2601,2066,1,1
2602,2602,1097,1,1
2603,2603,1107,1,1
2604,2604,1580,1,1
2605,2605,2456,1,1
2606,2606,174,1,1
2607,2607,430,1,1
2608,2608,744,1,1
2609,2609,2886,1,1
2610,2610,3156,1,1
2611,2611,2924,1,1
2612,2612,2658,1,1
2613,2613,2675,1,1
2614,2614,1375,1,1
2615,2615,100,1,1
2616,2616,1340,1,1
2617,2617,3407,1,1
2618,2618,2893,1,1
2619,2619,226,1,1
2620,2620,663,1,1
2621,2621,1506,1,1
2622,2622,2946,1,1
2623,2623,3281,1,1
2624,2624,1663,1,1
2625,2625,1282,1,1
2626,2626,1142,1,1
2627,2627,3234,1,1
2628,2628,557,1,1
2629,2629,907,1,1
2630,2630,3289,1,1
2631,2631,3479,1,1
2632,2632,2887,1,1
2633,2633,202,1,1
2634,2634,2134,1,1
2635,2635,32,1,1
2636,2636,700,1,1
2637,2637,2390,1,1
2638,2638,245,1,1
2639,2639,3143,1,1
2640,2640,1148,1,1
2641,2641,3155,1,1
2642,2642,3024,1,1
2643,2643,1224,1,1
2644,2644,2180,1,1
2645,2645,2186,1,1
2646,2646,3429,1,1
2647,2647,2020,1,1
2648,2648,1962,1,1
2649,2649,583,1,1
2650,2650,2119,1,1
2651,2651,3492,1,1
2652,2652,1432,1,1
2653,2653,2282,1,1
2654,2654,2590,1,1
2655,2655,3390,1,1
2656,2656,1629,1,1
2657,2657,3156,1,1
2658,2658,2700,1,1
2659,2659,1351,1,1
2660,2660,1410,1,1
2661,2661,1529,1,1
2662,2662,2250,1,1
2663,2663,1812,1,1
2664,2664,2688,1,1
2665,2665,1047,1,1
2666,2666,1593,1,1
2667,2667,18,1,1
2668,2668,2763,1,1
2669,2669,1,1,1
2670,2670,1019,1,1
2671,2671,3462,1,1
2672,2672,2267,1,1
2673,2673,1043,1,1
2674,2674,3158,1,1
2675,2675,1163,1,1
2676,2676,1337,1,1
2677,2677,728,1,1
2678,2678,863,1,1
2679,2679,3111,1,1
2680,2680,1222,1,1
2681,2681,1089,1,1
2682,2682,1231,1,1
2683,2683,421,1,1
2684,2684,1832,1,1
2685,2685,949,1,1
2686,2686,1320,1,1
2687,2687,448,1,1
2688,2688,2226,1,1
2689,2689,2889,1,1
2690,2690,3219,1,1
2691,2691,249,1,1
2692,2692,503,1,1
2693,2693,543,1,1
2694,2694,603,1,1
2695,2695,2658,1,1
2696,2696,2191,1,1
2697,2697,336,1,1
2698,2698,3496,1,1
2699,2699,2087,1,1
2700,2700,218,1,1
2701,2701,1266,1,1
2702,2702,773,1,1
2703,2703,20,1,1
2704,2704,1818,1,1
2705,2705,2692,1,1
2706,2706,2082,1,1
2707,2707,3281,1,1
2708,2708,1791,1,1
2709,2709,2443,1,1
2710,2710,1514,1,1
2711,2711,1398,1,1
2712,2712,1658,1,1
2713,2713,1623,1,1
2714,2714,3191,1,1
2715,2715,230,1,1
2716,2716,732,1,1
2717,2717,1744,1,1
2718,2718,1851,1,1
2719,2719,1678,1,1
2720,2720,869,1,1
2721,2721,2591,1,1
2722,2722,633,1,1
2723,2723,3032,1,1
2724,2724,1265,1,1
2725,2725,1485,1,1
2726,2726,2657,1,1
2727,2727,1398,1,1
2728,2728,913,1,1
2729,2729,1934,1,1
2730,2730,2781,1,1
2731,2731,518,1,1
2732,2732,811,1,1
2733,2733,1432,1,1
2734,2734,2575,1,1
2735,2735,2392,1,1
2736,2736,1209,1,1
2737,2737,2071,1,1
2738,2738,520,1,1
2739,2739,2110,1,1
2740,2740,633,1,1
2741,2741,1357,1,1
2742,2742,814,1,1
2743,2743,608,1,1
2744,2744,1715,1,1
2745,2745,2311,1,1
2746,2746,2314,1,1
2747,2747,2211,1,1
2748,2748,1235,1,1
2749,2749,1778,1,1
2750,2750,2268,1,1
2751,2751,129,1,1
2752,2752,649,1,1
2753,2753,1660,1,1
2754,2754,2584,1,1
2755,2755,3488,1,1
2756,2756,2375,1,1
2757,2757,1968,1,1
2758,2758,3367,1,1
2759,2759,1032,1,1
2760,2760,3390,1,1
2761,2761,2173,1,1
2762,2762,1975,1,1
2763,2763,123,1,1
2764,2764,2065,1,1
2765,2765,579,1,1
2766,2766,3180,1,1
2767,2767,2306,1,1
2768,2768,1684,1,1
2769,2769,123,1,1
2770,2770,2048,1,1
2771,2771,1318,1,1
2772,2772,3265,1,1
2773,2773,721,1,1
2774,2774,1706,1,1
2775,2775,1878,1,1
2776,2776,2441,1,1
2777,2777,2745,1,1
2778,2778,1184,1,1
2779,2779,3357,1,1
2780,2780,3029,1,1
2781,2781,1088,1,1
2782,2782,554,1,1
2783,2783,2308,1,1
2784,2784,915,1,1
2785,2785,2861,1,1
2786,2786,783,1,1
2787,2787,397,1,1
2788,2788,1529,1,1
2789,2789,2982,1,1
2790,2790,3415,1,1
2791,2791,643,1,1
2792,2792,2214,1,1
2793,2793,2144,1,1
2794,2794,1790,1,1
2795,2795,2902,1,1
2796,2796,2849,1,1
2797,2797,2500,1,1
2798,2798,833,1,1
2799,2799,127,1,1
2800,2800,2598,1,1
2801,2801,1386,1,1
2802,2802,1127,1,1
2803,2803,3173,1,1
2804,2804,2267,1,1
2805,2805,2844,1,1
2806,2806,251,1,1
2807,2807,544,1,1
2808,2808,1880,1,1
2809,2809,1047,1,1
2810,2810,3153,1,1
2811,2811,390,1,1
2812,2812,3483,1,1
2813,2813,2188,1,1
2814,2814,3427,1,1
2815,2815,2660,1,1
2816,2816,3172,1,1
2817,2817,2530,1,1
2818,2818,546,1,1
2819,2819,775,1,1
2820,2820,212,1,1
2821,2821,3393,1,1
2822,2822,2058,1,1
2823,2823,1956,1,1
2824,2824,2245,1,1
2825,2825,2825,1,1
2826,2826,2734,1,1
2827,2827,3239,1,1
2828,2828,2818,1,1
2829,2829,1905,1,1
2830,2830,2410,1,1
2831,2831,1591,1,1
2832,2832,2393,1,1
2833,2833,834,1,1
2834,2834,1651,1,1
2835,2835,2135,1,1
2836,2836,1767,1,1
2837,2837,700,1,1
2838,2838,665,1,1
2839,2839,396,1,1
2840,2840,3440,1,1
2841,2841,2947,1,1
2842,2842,3213,1,1
2843,2843,2844,1,1
2844,2844,292,1,1
2845,2845,1892,1,1
2846,2846,1252,1,1
2847,2847,3053,1,1
2848,2848,2606,1,1
2849,2849,3039,1,1
2850,2850,2181,1,1
2851,2851,1842,1,1
2852,2852,2855,1,1
2853,2853,1941,1,1
2854,2854,1755,1,1
2855,2855,1618,1,1
2856,2856,1619,1,1
2857,2857,1946,1,1
2858,2858,600,1,1
2859,2859,1482,1,1
2860,2860,2993,1,1
2861,2861,3197,1,1
2862,2862,98,1,1
2863,2863,1245,1,1
2864,2864,1512,1,1
2865,2865,1456,1,1
2866,2866,274,1,1
2867,2867,1008,1,1
2868,2868,1818,1,1
2869,2869,471,1,1
2870,2870,1251,1,1
2871,2871,1621,1,1
2872,2872,24,1,1
2873,2873,2222,1,1
2874,2874,1937,1,1
2875,2875,1097,1,1
2876,2876,1541,1,1
2877,2877,539,1,1
2878,2878,3272,1,1
2879,2879,106,1,1
2880,2880,626,1,1
2881,2881,115,1,1
2882,2882,3485,1,1
2883,2883,2890,1,1
2884,2884,451,1,1
2885,2885,1448,1,1
2886,2886,15,1,1
2887,2887,818,1,1
2888,2888,3431,1,1
2889,2889,3220,1,1
2890,2890,1282,1,1
2891,2891,527,1,1
2892,2892,2917,1,1
2893,2893,409,1,1
2894,2894,1142,1,1
2895,2895,1398,1,1
2896,2896,2814,1,1
2897,2897,1056,1,1
2898,2898,2891,1,1
2899,2899,3128,1,1
2900,2900,1988,1,1
2901,2901,1305,1,1
2902,2902,214,1,1
2903,2903,1841,1,1
2904,2904,2606,1,1
2905,2905,940,1,1
2906,2906,3419,1,1
2907,2907,2406,1,1
2908,2908,1945,1,1
2909,2909,2822,1,1
2910,2910,1257,1,1
2911,2911,2403,1,1
2912,2912,744,1,1
2913,2913,87,1,1
2914,2914,1204,1,1
2915,2915,2023,1,1
2916,2916,15,1,1
2917,2917,1064,1,1
2918,2918,30,1,1
2919,2919,2055,1,1
2920,2920,3331,1,1
2921,2921,2995,1,1
2922,2922,1110,1,1
2923,2923,3469,1,1
2924,2924,1022,1,1
2925,2925,2631,1,1
2926,2926,3289,1,1
2927,2927,2549,1,1
2928,2928,1733,1,1
2929,2929,317,1,1
2930,2930,3066,1,1
2931,2931,2703,1,1
2932,2932,1752,1,1
2933,2933,708,1,1
2934,2934,1214,1,1
2935,2935,460,1,1
2936,2936,857,1,1
2937,2937,2001,1,1
2938,2938,1569,1,1
2939,2939,988,1,1
2940,2940,2545,1,1
2941,2941,3488,1,1
2942,2942,3212,1,1
2943,2943,969,1,1
2944,2944,968,1,1
2945,2945,1483,1,1
2946,2946,1592,1,1
2947,2947,277,1,1
2948,2948,96,1,1
2949,2949,2057,1,1
2950,2950,855,1,1
2951,2951,1670,1,1
2952,2952,877,1,1
2953,2953,1558,1,1
2954,2954,3151,1,1
2955,2955,2115,1,1
2956,2956,3413,1,1
2957,2957,1301,1,1
2958,2958,1636,1,1
2959,2959,3035,1,1
2960,2960,975,1,1
2961,2961,2713,1,1
2962,2962,1660,1,1
2963,2963,281,1,1
2964,2964,2418,1,1
2965,2965,3430,1,1
2966,2966,302,1,1
2967,2967,3060,1,1
2968,2968,572,1,1
2969,2969,252,1,1
2970,2970,2898,1,1
2971,2971,2666,1,1
2972,2972,172,1,1
2973,2973,3045,1,1
2974,2974,2421,1,1
2975,2975,1796,1,1
2976,2976,2561,1,1
2977,2977,591,1,1
2978,2978,3444,1,1
2979,2979,2632,1,1
2980,2980,1725,1,1
2981,2981,2677,1,1
2982,2982,903,1,1
2983,2983,3490,1,1
2984,2984,811,1,1
2985,2985,3043,1,1
2986,2986,157,1,1
2987,2987,1366,1,1
2988,2988,1037,1,1
2989,2989,3314,1,1
2990,2990,399,1,1
2991,2991,2875,1,1
2992,2992,2769,1,1
2993,2993,1614,1,1
2994,2994,687,1,1
2995,2995,299,1,1
2996,2996,830,1,1
2997,2997,1946,1,1
2998,2998,695,1,1
2999,2999,2970,1,1
3000,3000,64,1,1
3001,3001,194,1,1
3002,3002,678,1,1
3003,3003,3147,1,1
3004,3004,886,1,1
3005,3005,1621,1,1
3006,3006,3387,1,1
3007,3007,1135,1,1
3008,3008,645,1,1
3009,3009,542,1,1
3010,3010,1672,1,1
3011,3011,1905,1,1
3012,3012,322,1,1
3013,3013,2138,1,1
3014,3014,1978,1,1
3015,3015,2032,1,1
3016,3016,439,1,1
3017,3017,3364,1,1
3018,3018,2008,1,1
3019,3019,3159,1,1
3020,3020,18,1,1
3021,3021,2403,1,1
3022,3022,266,1,1
3023,3023,762,1,1
3024,3024,1155,1,1
3025,3025,2953,1,1
3026,3026,1497,1,1
3027,3027,735,1,1
3028,3028,218,1,1
3029,3029,1401,1,1
3030,3030,796,1,1
3031,3031,188,1,1
3032,3032,3234,1,1
3033,3033,3499,1,1
3034,3034,2433,1,1
3035,3035,3181,1,1
3036,3036,1576,1,1
3037,3037,1641,1,1
3038,3038,715,1,1
3039,3039,2118,1,1
3040,3040,627,1,1
3041,3041,2542,1,1
3042,3042,252,1,1
3043,3043,10,1,1
3044,3044,3304,1,1
3045,3045,1415,1,1
3046,3046,1456,1,1
3047,3047,819,1,1
3048,3048,230,1,1
3049,3049,2705,1,1
3050,3050,941,1,1
3051,3051,926,1,1
3052,3052,45,1,1
3053,3053,1306,1,1
3054,3054,1268,1,1
3055,3055,3104,1,1
3056,3056,725,1,1
3057,3057,86,1,1
3058,3058,2621,1,1
3059,3059,2498,1,1
3060,3060,1467,1,1
3061,3061,1301,1,1
3062,3062,2390,1,1
3063,3063,482,1,1
3064,3064,3200,1,1
3065,3065,1935,1,1
3066,3066,944,1,1
3067,3067,2782,1,1
3068,3068,3469,1,1
3069,3069,1711,1,1
3070,3070,3436,1,1
3071,3071,71,1,1
3072,3072,1806,1,1
3073,3073,1285,1,1
3074,3074,20,1,1
3075,3075,2184,1,1
3076,3076,2622,1,1
3077,3077,1904,1,1
3078,3078,2416,1,1
3079,3079,256,1,1
3080,3080,2228,1,1
3081,3081,1412,1,1
3082,3082,662,1,1
3083,3083,2563,1,1
3084,3084,2362,1,1
3085,3085,390,1,1
3086,3086,1866,1,1
3087,3087,1224,1,1
3088,3088,2299,1,1
3089,3089,2648,1,1
3090,3090,1942,1,1
3091,3091,3064,1,1
3092,3092,287,1,1
3093,3093,668,1,1
3094,3094,2677,1,1
3095,3095,3,1,1
3096,3096,1395,1,1
3097,3097,3106,1,1
3098,3098,106,1,1
3099,3099,844,1,1
3100,3100,1570,1,1
3101,3101,1310,1,1
3102,3102,2723,1,1
3103,3103,1295,1,1
3104,3104,2276,1,1
3105,3105,2152,1,1
3106,3106,2937,1,1
3107,3107,3167,1,1
3108,3108,3472,1,1
3109,3109,998,1,1
3110,3110,290,1,1
3111,3111,3119,1,1
3112,3112,1877,1,1
3113,3113,2348,1,1
3114,3114,3217,1,1
3115,3115,1874,1,1
3116,3116,1759,1,1
3117,3117,2143,1,1
3118,3118,1715,1,1
3119,3119,1306,1,1
3120,3120,2753,1,1
3121,3121,1728,1,1
3122,3122,2895,1,1
3123,3123,866,1,1
3124,3124,369,1,1
3125,3125,2882,1,1
3126,3126,53,1,1
3127,3127,2596,1,1
3128,3128,139,1,1
3129,3129,667,1,1
3130,3130,2078,1,1
3131,3131,870,1,1
3132,3132,710,1,1
3133,3133,2639,1,1
3134,3134,3216,1,1
3135,3135,2037,1,1
3136,3136,695,1,1
3137,3137,2202,1,1
3138,3138,1698,1,1
3139,3139,3472,1,1
3140,3140,2731,1,1
3141,3141,1032,1,1
3142,3142,1924,1,1
3143,3143,99,1,1
3144,3144,2853,1,1
3145,3145,924,1,1
3146,3146,2885,1,1
3147,3147,1407,1,1
3148,3148,1175,1,1
3149,3149,1066,1,1
3150,3150,464,1,1
3151,3151,1679,1,1
3152,3152,1043,1,1
3153,3153,3214,1,1
3154,3154,1413,1,1
3155,3155,3322,1,1
3156,3156,2250,1,1
3157,3157,185,1,1
3158,3158,565,1,1
3159,3159,1608,1,1
3160,3160,880,1,1
3161,3161,547,1,1
3162,3162,958,1,1
3163,3163,331,1,1
3164,3164,3357,1,1
3165,3165,492,1,1
3166,3166,2454,1,1
3167,3167,2526,1,1
3168,3168,1196,1,1
3169,3169,2409,1,1
3170,3170,2370,1,1
3171,3171,2393,1,1
3172,3172,1799,1,1
3173,3173,394,1,1
3174,3174,724,1,1
3175,3175,2672,1,1
3176,3176,3176,1,1
3177,3177,3265,1,1
3178,3178,1866,1,1
3179,3179,139,1,1
3180,3180,1395,1,1
3181,3181,1046,1,1
3182,3182,141,1,1
3183,3183,1083,1,1
3184,3184,1157,1,1
3185,3185,866,1,1
3186,3186,2181,1,1
3187,3187,2009,1,1
3188,3188,2509,1,1
3189,3189,2355,1,1
3190,3190,558,1,1
3191,3191,3196,1,1
3192,3192,325,1,1
3193,3193,1474,1,1
3194,3194,3477,1,1
3195,3195,1765,1,1
3196,3196,1912,1,1
3197,3197,2764,1,1
3198,3198,1299,1,1
3199,3199,1261,1,1
3200,3200,1831,1,1
3201,3201,2411,1,1
3202,3202,119,1,1
3203,3203,199,1,1
3204,3204,2098,1,1
3205,3205,744,1,1
3206,3206,1634,1,1
3207,3207,111,1,1
3208,3208,1866,1,1
3209,3209,907,1,1
3210,3210,3112,1,1
3211,3211,1232,1,1
3212,3212,317,1,1
3213,3213,3195,1,1
3214,3214,2901,1,1
3215,3215,2057,1,1
3216,3216,1690,1,1
3217,3217,2528,1,1
3218,3218,1728,1,1
3219,3219,2936,1,1
3220,3220,2146,1,1
3221,3221,743,1,1
3222,3222,2067,1,1
3223,3223,2871,1,1
3224,3224,1036,1,1
3225,3225,1804,1,1
3226,3226,227,1,1
3227,3227,2375,1,1
3228,3228,2442,1,1
3229,3229,1899,1,1
3230,3230,952,1,1
3231,3231,1751,1,1
3232,3232,332,1,1
3233,3233,121,1,1
3234,3234,2713,1,1
3235,3235,3451,1,1
3236,3236,1207,1,1
3237,3237,563,1,1
3238,3238,2567,1,1
3239,3239,524,1,1
3240,3240,526,1,1
3241,3241,505,1,1
3242,3242,2147,1,1
3243,3243,2999,1,1
3244,3244,701,1,1
3245,3245,169,1,1
3246,3246,1686,1,1
3247,3247,1977,1,1
3248,3248,796,1,1
3249,3249,3431,1,1
3250,3250,1660,1,1
3251,3251,305,1,1
3252,3252,3446,1,1
3253,3253,1653,1,1
3254,3254,2125,1,1
3255,3255,618,1,1
3256,3256,1464,1,1
3257,3257,860,1,1
3258,3258,3173,1,1
3259,3259,2729,1,1
3260,3260,408,1,1
3261,3261,2618,1,1
3262,3262,1364,1,1
3263,3263,1119,1,1
3264,3264,2435,1,1
3265,3265,1575,1,1
3266,3266,1914,1,1
3267,3267,2607,1,1
3268,3268,3043,1,1
3269,3269,550,1,1
3270,3270,787,1,1
3271,3271,1242,1,1
3272,3272,1734,1,1
3273,3273,3172,1,1
3274,3274,775,1,1
3275,3275,1992,1,1
3276,3276,141,1,1
3277,3277,3097,1,1
3278,3278,473,1,1
3279,3279,28,1,1
3280,3280,1177,1,1
3281,3281,1772,1,1
3282,3282,959,1,1
3283,3283,1982,1,1
3284,3284,888,1,1
3285,3285,1058,1,1
3286,3286,1392,1,1
3287,3287,2732,1,1
3288,3288,3284,1,1
3289,3289,279,1,1
3290,3290,1425,1,1
3291,3291,2483,1,1
3292,3292,1641,1,1
3293,3293,572,1,1
3294,3294,137,1,1
3295,3295,1751,1,1
3296,3296,2200,1,1
3297,3297,2796,1,1
3298,3298,603,1,1
3299,3299,157,1,1
3300,3300,1452,1,1
3301,3301,1502,1,1
3302,3302,3234,1,1
3303,3303,1330,1,1
3304,3304,1592,1,1
3305,3305,2025,1,1
3306,3306,3037,1,1
3307,3307,1240,1,1
3308,3308,2784,1,1
3309,3309,1398,1,1
3310,3310,301,1,1
3311,3311,2138,1,1
3312,3312,3034,1,1
3313,3313,1859,1,1
3314,3314,148,1,1
3315,3315,1849,1,1
3316,3316,1121,1,1
3317,3317,1865,1,1
3318,3318,2676,1,1
3319,3319,1786,1,1
3320,3320,1493,1,1
3321,3321,809,1,1
3322,3322,2513,1,1
3323,3323,3361,1,1
3324,3324,1645,1,1
3325,3325,3009,1,1
3326,3326,3320,1,1
3327,3327,2247,1,1
3328,3328,2635,1,1
3329,3329,170,1,1
3330,3330,1689,1,1
3331,3331,2051,1,1
3332,3332,1494,1,1
3333,3333,797,1,1
3334,3334,2207,1,1
3335,3335,199,1,1
3336,3336,762,1,1
3337,3337,2857,1,1
3338,3338,884,1,1
3339,3339,2521,1,1
3340,3340,1895,1,1
3341,3341,1748,1,1
3342,3342,784,1,1
3343,3343,126,1,1
3344,3344,3112,1,1
3345,3345,2588,1,1
3346,3346,987,1,1
3347,3347,3204,1,1
3348,3348,944,1,1
3349,3349,2990,1,1
3350,3350,1632,1,1
3351,3351,1964,1,1
3352,3352,3148,1,1
3353,3353,818,1,1
3354,3354,2504,1,1
3355,3355,590,1,1
3356,3356,1265,1,1
3357,3357,733,1,1
3358,3358,2648,1,1
3359,3359,748,1,1
3360,3360,3,1,1
3361,3361,547,1,1
3362,3362,2803,1,1
3363,3363,1199,1,1
3364,3364,1159,1,1
3365,3365,753,1,1
3366,3366,2195,1,1
3367,3367,30,1,1
3368,3368,374,1,1
3369,3369,2775,1,1
3370,3370,476,1,1
3371,3371,2177,1,1
3372,3372,1500,1,1
3373,3373,1456,1,1
3374,3374,790,1,1
3375,3375,1317,1,1
3376,3376,321,1,1
3377,3377,546,1,1
3378,3378,637,1,1
3379,3379,117,1,1
3380,3380,1354,1,1
3381,3381,1946,1,1
3382,3382,1224,1,1
3383,3383,3317,1,1
3384,3384,1903,1,1
3385,3385,666,1,1
3386,3386,1142,1,1
3387,3387,2596,1,1
3388,3388,2708,1,1
3389,3389,2889,1,1
3390,3390,3074,1,1
3391,3391,2989,1,1
3392,3392,1806,1,1
3393,3393,732,1,1
3394,3394,2917,1,1
3395,3395,1355,1,1
3396,3396,118,1,1
3397,3397,2345,1,1
3398,3398,802,1,1
3399,3399,1022,1,1
3400,3400,441,1,1
3401,3401,3114,1,1
3402,3402,2437,1,1
3403,3403,1510,1,1
3404,3404,3003,1,1
3405,3405,109,1,1
3406,3406,3269,1,1
3407,3407,3234,1,1
3408,3408,470,1,1
3409,3409,483,1,1
3410,3410,728,1,1
3411,3411,3018,1,1
3412,3412,3154,1,1
3413,3413,156,1,1
3414,3414,2938,1,1
3415,3415,2357,1,1
3416,3416,2015,1,1
3417,3417,2060,1,1
3418,3418,1263,1,1
3419,3419,1866,1,1
3420,3420,2311,1,1
3421,3421,1004,1,1
3422,3422,1898,1,1
3423,3423,3483,1,1
3424,3424,590,1,1
3425,3425,1516,1,1
3426,3426,559,1,1
3427,3427,3093,1,1
3428,3428,472,1,1
3429,3429,3038,1,1
3430,3430,1523,1,1
3431,3431,728,1,1
3432,3432,1411,1,1
3433,3433,649,1,1
3434,3434,971,1,1
3435,3435,2282,1,1
3436,3436,127,1,1
3437,3437,1543,1,1
3438,3438,1447,1,1
3439,3439,2298,1,1
3440,3440,2791,1,1
3441,3441,2569,1,1
3442,3442,2690,1,1
3443,3443,2186,1,1
3444,3444,312,1,1
3445,3445,604,1,1
3446,3446,2360,1,1
3447,3447,1513,1,1
3448,3448,1824,1,1
3449,3449,2593,1,1
3450,3450,447,1,1
3451,3451,3320,1,1
3452,3452,2433,1,1
3453,3453,1430,1,1
3454,3454,3423,1,1
3455,3455,186,1,1
3456,3456,1309,1,1
3457,3457,3389,1,1
3458,3458,2913,1,1
3459,3459,2352,1,1
3460,3460,2199,1,1
3461,3461,1742,1,1
3462,3462,1623,1,1
3463,3463,1827,1,1
3464,3464,2344,1,1
3465,3465,1657,1,1
3466,3466,3162,1,1
3467,3467,239,1,1
3468,3468,52,1,1
3469,3469,3194,1,1
3470,3470,1817,1,1
3471,3471,196,1,1
3472,3472,607,1,1
3473,3473,713,1,1
3474,3474,754,1,1
3475,3475,540,1,1
3476,3476,2941,1,1
3477,3477,2914,1,1
3478,3478,2575,1,1
3479,3479,957,1,1
3480,3480,2958,1,1
3481,3481,2577,1,1
3482,3482,1283,1,1
3483,3483,3370,1,1
3484,3484,3262,1,1
3485,3485,1804,1,1
3486,3486,2442,1,1
3487,3487,2437,1,1
3488,3488,2041,1,1
3489,3489,849,1,1
3490,3490,3331,1,1
3491,3491,827,1,1
3492,3492,63,1,1
3493,3493,31,1,1
3494,3494,413,1,1
3495,3495,1188,1,1
3496,3496,3088,1,1
3497,3497,74,1,1
3498,3498,1763,1,1
3499,3499,535,1,1
3500,3500,2162,1,1
3501,3501,3011,1,1
3502,3502,3230,1,1
3503,3503,1221,1,1
3504,3504,1544,1,1
3505,3505,1370,1,1
3506,3506,568,1,1
3507,3507,3066,1,1
3508,3508,984,1,1
3509,3509,2391,1,1
3510,3510,3166,1,1
3511,3511,908,1,1
3512,3512,1725,1,1
3513,3513,3076,1,1
3514,3514,2421,1,1
3515,3515,92,1,1
3516,3516,3343,1,1
3517,3517,716,1,1
3518,3518,2759,1,1
3519,3519,1445,1,1
3520,3520,2911,1,1
3521,3521,1341,1,1
3522,3522,10,1,1
3523,3523,944,1,1
3524,3524,3482,1,1
3525,3525,73,1,1
3526,3526,1931,1,1
3527,3527,1554,1,1
3528,3528,243,1,1
3529,3529,727,1,1
3530,3530,3073,1,1
3531,3531,3088,1,1
3532,3532,2990,1,1
3533,3533,1785,1,1
3534,3534,2763,1,1
3535,3535,2076,1,1
3536,3536,3133,1,1
3537,3537,1666,1,1
3538,3538,400,1,1
3539,3539,991,1,1
3540,3540,2361,1,1
3541,3541,1066,1,1
3542,3542,882,1,1
3543,3543,1923,1,1
3544,3544,2909,1,1
3545,3545,2905,1,1
3546,3546,2859,1,1
3547,3547,443,1,1
3548,3548,2807,1,1
3549,3549,1537,1,1
3550,3550,2469,1,1
3551,3551,1577,1,1
3552,3552,631,1,1
3553,3553,1737,1,1
3554,3554,2372,1,1
3555,3555,1494,1,1
3556,3556,755,1,1
3557,3557,3170,1,1
3558,3558,3107,1,1
3559,3559,2538,1,1
3560,3560,365,1,1
3561,3561,246,1,1
3562,3562,363,1,1
3563,3563,1132,1,1
3564,3564,772,1,1
3565,3565,2620,1,1
3566,3566,820,1,1
3567,3567,1594,1,1
3568,3568,1017,1,1
3569,3569,399,1,1
3570,3570,594,1,1
3571,3571,102,1,1
3572,3572,3025,1,1
3573,3573,2743,1,1
3574,3574,819,1,1
3575,3575,1933,1,1
3576,3576,1477,1,1
3577,3577,737,1,1
3578,3578,1284,1,1
3579,3579,29,1,1
3580,3580,1999,1,1
3581,3581,1200,1,1
3582,3582,373,1,1
3583,3583,2754,1,1
3584,3584,3385,1,1
3585,3585,1456,1,1
3586,3586,7,1,1
3587,3587,2937,1,1
3588,3588,519,1,1
3589,3589,3048,1,1
3590,3590,1689,1,1
3591,3591,2979,1,1
3592,3592,3493,1,1
3593,3593,1869,1,1
3594,3594,1727,1,1
3595,3595,1350,1,1
3596,3596,3495,1,1
3597,3597,2413,1,1
3598,3598,2448,1,1
3599,3599,1035,1,1
3600,3600,1650,1,1
3601,3601,2418,1,1
3602,3602,2766,1,1
3603,3603,877,1,1
3604,3604,2528,1,1
3605,3605,3402,1,1
3606,3606,2652,1,1
3607,3607,3382,1,1
3608,3608,1063,1,1
3609,3609,3356,1,1
3610,3610,2316,1,1
3611,3611,2687,1,1
3612,3612,522,1,1
3613,3613,1151,1,1
3614,3614,3383,1,1
3615,3615,3259,1,1
3616,3616,1821,1,1
3617,3617,3120,1,1
3618,3618,478,1,1
3619,3619,2108,1,1
3620,3620,264,1,1
3621,3621,2810,1,1
3622,3622,3382,1,1
3623,3623,1998,1,1
3624,3624,2793,1,1
3625,3625,901,1,1
3626,3626,545,1,1
3627,3627,2049,1,1
3628,3628,1375,1,1
3629,3629,2502,1,1
3630,3630,1064,1,1
3631,3631,1682,1,1
3632,3632,2878,1,1
3633,3633,823,1,1
3634,3634,1401,1,1
3635,3635,2779,1,1
3636,3636,500,1,1
3637,3637,2304,1,1
3638,3638,3446,1,1
3639,3639,3024,1,1
3640,3640,2633,1,1
3641,3641,2982,1,1
3642,3642,2963,1,1
3643,3643,1353,1,1
3644,3644,108,1,1
3645,3645,2309,1,1
3646,3646,2286,1,1
3647,3647,1984,1,1
3648,3648,2867,1,1
3649,3649,3391,1,1
3650,3650,1965,1,1
3651,3651,273,1,1
3652,3652,2098,1,1
3653,3653,348,1,1
3654,3654,102,1,1
3655,3655,1491,1,1
3656,3656,959,1,1
3657,3657,1509,1,1
3658,3658,1503,1,1
3659,3659,1543,1,1
3660,3660,897,1,1
3661,3661,2450,1,1
3662,3662,3127,1,1
3663,3663,875,1,1
3664,3664,786,1,1
3665,3665,1441,1,1
3666,3666,2742,1,1
3667,3667,576,1,1
3668,3668,1091,1,1
3669,3669,3340,1,1
3670,3670,861,1,1
3671,3671,2584,1,1
3672,3672,325,1,1
3673,3673,375,1,1
3674,3674,914,1,1
3675,3675,535,1,1
3676,3676,150,1,1
3677,3677,518,1,1
3678,3678,1375,1,1
3679,3679,855,1,1
3680,3680,2431,1,1
3681,3681,1910,1,1
3682,3682,2153,1,1
3683,3683,1159,1,1
3684,3684,296,1,1
3685,3685,2447,1,1
3686,3686,1657,1,1
3687,3687,501,1,1
3688,3688,1684,1,1
3689,3689,1611,1,1
3690,3690,2294,1,1
3691,3691,2483,1,1
3692,3692,2856,1,1
3693,3693,2482,1,1
3694,3694,2875,1,1
3695,3695,1895,1,1
3696,3696,2075,1,1
3697,3697,1489,1,1
3698,3698,2029,1,1
3699,3699,1144,1,1
3700,3700,109,1,1
3701,3701,1902,1,1
3702,3702,2436,1,1
3703,3703,877,1,1
3704,3704,57,1,1
3705,3705,2786,1,1
3706,3706,2247,1,1
3707,3707,2454,1,1
3708,3708,2348,1,1
3709,3709,3486,1,1
3710,3710,2245,1,1
3711,3711,3273,1,1
3712,3712,776,1,1
3713,3713,2305,1,1
3714,3714,1536,1,1
3715,3715,1430,1,1
3716,3716,1266,1,1
3717,3717,426,1,1
3718,3718,3174,1,1
3719,3719,2480,1,1
3720,3720,3037,1,1
3721,3721,213,1,1
3722,3722,2679,1,1
3723,3723,1572,1,1
3724,3724,1764,1,1
3725,3725,2124,1,1
3726,3726,558,1,1
3727,3727,2134,1,1
3728,3728,635,1,1
3729,3729,188,1,1
3730,3730,1086,1,1
3731,3731,2007,1,1
3732,3732,1789,1,1
3733,3733,1443,1,1
3734,3734,2072,1,1
3735,3735,2608,1,1
3736,3736,478,1,1
3737,3737,524,1,1
3738,3738,280,1,1
3739,3739,908,1,1
3740,3740,168,1,1
3741,3741,910,1,1
3742,3742,1926,1,1
3743,3743,2921,1,1
3744,3744,1248,1,1
3745,3745,459,1,1
3746,3746,128,1,1
3747,3747,270,1,1
3748,3748,253,1,1
3749,3749,1813,1,1
3750,3750,1210,1,1
3751,3751,1945,1,1
3752,3752,3452,1,1
3753,3753,1788,1,1
3754,3754,1945,1,1
3755,3755,1440,1,1
3756,3756,3034,1,1
3757,3757,1623,1,1
3758,3758,3184,1,1
3759,3759,507,1,1
3760,3760,3463,1,1
3761,3761,1023,1,1
3762,3762,993,1,1
3763,3763,2292,1,1
3764,3764,955,1,1
3765,3765,3438,1,1
3766,3766,2881,1,1
3767,3767,1728,1,1
3768,3768,376,1,1
3769,3769,3309,1,1
3770,3770,88,1,1
3771,3771,2666,1,1
3772,3772,3444,1,1
3773,3773,2625,1,1
3774,3774,508,1,1
3775,3775,1201,1,1
3776,3776,1149,1,1
3777,3777,45,1,1
3778,3778,1728,1,1
3779,3779,183,1,1
3780,3780,380,1,1
3781,3781,669,1,1
3782,3782,384,1,1
3783,3783,944,1,1
3784,3784,2550,1,1
3785,3785,2900,1,1
3786,3786,3404,1,1
3787,3787,2866,1,1
3788,3788,3358,1,1
3789,3789,1079,1,1
3790,3790,1230,1,1
3791,3791,563,1,1
3792,3792,2991,1,1
3793,3793,2269,1,1
3794,3794,1722,1,1
3795,3795,2665,1,1
3796,3796,1804,1,1
3797,3797,2267,1,1
3798,3798,2698,1,1
3799,3799,399,1,1
3800,3800,2475,1,1
3801,3801,1613,1,1
3802,3802,2051,1,1
3803,3803,396,1,1
3804,3804,2648,1,1
3805,3805,56,1,1
3806,3806,1255,1,1
3807,3807,1,1,1
3808,3808,1641,1,1
3809,3809,2163,1,1
3810,3810,1000,1,1
3811,3811,701,1,1
3812,3812,363,1,1
3813,3813,161,1,1
3814,3814,3141,1,1
3815,3815,2848,1,1
3816,3816,3395,1,1
3817,3817,361,1,1
3818,3818,2840,1,1
3819,3819,2246,1,1
3820,3820,2290,1,1
3821,3821,668,1,1
3822,3822,776,1,1
3823,3823,2273,1,1
3824,3824,826,1,1
3825,3825,905,1,1
3826,3826,3154,1,1
3827,3827,117,1,1
3828,3828,2839,1,1
3829,3829,2682,1,1
3830,3830,3356,1,1
3831,3831,1081,1,1
3832,3832,1699,1,1
3833,3833,2068,1,1
3834,3834,1281,1,1
3835,3835,3099,1,1
3836,3836,1231,1,1
3837,3837,225,1,1
3838,3838,2624,1,1
3839,3839,1346,1,1
3840,3840,2882,1,1
3841,3841,1153,1,1
3842,3842,2616,1,1
3843,3843,1084,1,1
3844,3844,2803,1,1
3845,3845,3197,1,1
3846,3846,721,1,1
3847,3847,2938,1,1
3848,3848,1543,1,1
3849,3849,3310,1,1
3850,3850,733,1,1
3851,3851,244,1,1
3852,3852,2292,1,1
3853,3853,363,1,1
3854,3854,2486,1,1
3855,3855,3337,1,1
3856,3856,3174,1,1
3857,3857,2570,1,1
3858,3858,851,1,1
3859,3859,1440,1,1
3860,3860,81,1,1
3861,3861,2080,1,1
3862,3862,2670,1,1
3863,3863,1707,1,1
3864,3864,3024,1,1
3865,3865,821,1,1
3866,3866,1126,1,1
3867,3867,2101,1,1
3868,3868,33,1,1
3869,3869,2938,1,1
3870,3870,2907,1,1
3871,3871,2323,1,1
3872,3872,2489,1,1
3873,3873,959,1,1
3874,3874,3332,1,1
3875,3875,2652,1,1
3876,3876,2771,1,1
3877,3877,1589,1,1
3878,3878,2035,1,1
3879,3879,865,1,1
3880,3880,1921,1,1
3881,3881,692,1,1
3882,3882,2788,1,1
3883,3883,2624,1,1
3884,3884,2416,1,1
3885,3885,1507,1,1
3886,3886,1011,1,1
3887,3887,3357,1,1
3888,3888,1922,1,1
3889,3889,2741,1,1
3890,3890,3367,1,1
3891,3891,1763,1,1
3892,3892,313,1,1
3893,3893,196,1,1
3894,3894,1486,1,1
3895,3895,1609,1,1
3896,3896,1186,1,1
3897,3897,2961,1,1
3898,3898,1595,1,1
3899,3899,36,1,1
3900,3900,1699,1,1
3901,3901,854,1,1
3902,3902,196,1,1
3903,3903,3145,1,1
3904,3904,1090,1,1
3905,3905,16,1,1
3906,3906,2172,1,1
3907,3907,997,1,1
3908,3908,1724,1,1
3909,3909,626,1,1
3910,3910,1976,1,1
3911,3911,1966,1,1
3912,3912,463,1,1
3913,3913,491,1,1
3914,3914,531,1,1
3915,3915,3142,1,1
3916,3916,3061,1,1
3917,3917,1164,1,1
3918,3918,572,1,1
3919,3919,2662,1,1
3920,3920,1945,1,1
3921,3921,2694,1,1
3922,3922,3065,1,1
3923,3923,2764,1,1
3924,3924,1715,1,1
3925,3925,1122,1,1
3926,3926,434,1,1
3927,3927,42,1,1
3928,3928,2940,1,1
3929,3929,2684,1,1
3930,3930,1579,1,1
3931,3931,3194,1,1
3932,3932,180,1,1
3933,3933,1530,1,1
3934,3934,2506,1,1
3935,3935,928,1,1
3936,3936,509,1,1
3937,3937,193,1,1
3938,3938,1061,1,1
3939,3939,2235,1,1
3940,3940,1225,1,1
3941,3941,359,1,1
3942,3942,1444,1,1
3943,3943,3080,1,1
3944,3944,1512,1,1
3945,3945,1083,1,1
3946,3946,3220,1,1
3947,3947,710,1,1
3948,3948,119,1,1
3949,3949,1103,1,1
3950,3950,2629,1,1
3951,3951,1187,1,1
3952,3952,785,1,1
3953,3953,376,1,1
3954,3954,3473,1,1
3955,3955,400,1,1
3956,3956,2036,1,1
3957,3957,1507,1,1
3958,3958,1158,1,1
3959,3959,1962,1,1
3960,3960,3328,1,1
3961,3961,825,1,1
3962,3962,1717,1,1
3963,3963,1753,1,1
3964,3964,1025,1,1
3965,3965,2929,1,1
3966,3966,3426,1,1
3967,3967,771,1,1
3968,3968,3178,1,1
3969,3969,2698,1,1
3970,3970,1118,1,1
3971,3971,2842,1,1
3972,3972,1847,1,1
3973,3973,856,1,1
3974,3974,954,1,1
3975,3975,2704,1,1
3976,3976,1019,1,1
3977,3977,108,1,1
3978,3978,2334,1,1
3979,3979,3156,1,1
3980,3980,779,1,1
3981,3981,2735,1,1
3982,3982,173,1,1
3983,3983,117,1,1
3984,3984,444,1,1
3985,3985,1308,1,1
3986,3986,2988,1,1
3987,3987,955,1,1
3988,3988,1295,1,1
3989,3989,3242,1,1
3990,3990,939,1,1
3991,3991,2490,1,1
3992,3992,2876,1,1
3993,3993,3102,1,1
3994,3994,639,1,1
3995,3995,2579,1,1
3996,3996,1217,1,1
3997,3997,3471,1,1
3998,3998,183,1,1
3999,3999,539,1,1
4000,4000,3325,1,1
4001,4001,1651,1,1
4002,4002,570,1,1
4003,4003,2602,1,1
4004,4004,2697,1,1
4005,4005,3429,1,1
4006,4006,468,1,1
4007,4007,2833,1,1
4008,4008,797,1,1
4009,4009,1773,1,1
4010,4010,801,1,1
4011,4011,368,1,1
4012,4012,440,1,1
4013,4013,1932,1,1
4014,4014,2761,1,1
4015,4015,759,1,1
4016,4016,599,1,1
4017,4017,2227,1,1
4018,4018,772,1,1
4019,4019,3009,1,1
4020,4020,2417,1,1
4021,4021,499,1,1
4022,4022,2005,1,1
4023,4023,2942,1,1
4024,4024,3217,1,1
4025,4025,3397,1,1
4026,4026,1672,1,1
4027,4027,1578,1,1
4028,4028,652,1,1
4029,4029,1312,1,1
4030,4030,219,1,1
4031,4031,1459,1,1
4032,4032,2670,1,1
4033,4033,568,1,1
4034,4034,811,1,1
4035,4035,920,1,1
4036,4036,919,1,1
4037,4037,1011,1,1
4038,4038,3443,1,1
4039,4039,1268,1,1
4040,4040,1039,1,1
4041,4041,1695,1,1
4042,4042,1869,1,1
4043,4043,90,1,1
4044,4044,2475,1,1
4045,4045,1783,1,1
4046,4046,3460,1,1
4047,4047,2771,1,1
4048,4048,2838,1,1
4049,4049,2974,1,1
4050,4050,1863,1,1
4051,4051,1494,1,1
4052,4052,913,1,1
4053,4053,3090,1,1
4054,4054,2316,1,1
4055,4055,2141,1,1
4056,4056,3348,1,1
4057,4057,259,1,1
4058,4058,637,1,1
4059,4059,2928,1,1
4060,4060,407,1,1
4061,4061,1865,1,1
4062,4062,1603,1,1
4063,4063,459,1,1
4064,4064,764,1,1
4065,4065,2100,1,1
4066,4066,1681,1,1
4067,4067,2594,1,1
4068,4068,2506,1,1
4069,4069,2061,1,1
4070,4070,914,1,1
4071,4071,1444,1,1
4072,4072,427,1,1
4073,4073,1210,1,1
4074,4074,2170,1,1
4075,4075,1786,1,1
4076,4076,43,1,1
4077,4077,330,1,1
4078,4078,2651,1,1
4079,4079,1409,1,1
4080,4080,569,1,1
4081,4081,2584,1,1
4082,4082,96,1,1
4083,4083,2683,1,1
4084,4084,1440,1,1
4085,4085,2860,1,1
4086,4086,3499,1,1
4087,4087,187,1,1
4088,4088,2391,1,1
4089,4089,1668,1,1
4090,4090,3128,1,1
4091,4091,291,1,1
4092,4092,1993,1,1
4093,4093,2252,1,1
4094,4094,2538,1,1
4095,4095,472,1,1
4096,4096,2657,1,1
4097,4097,2152,1,1
4098,4098,634,1,1
4099,4099,329,1,1
4100,4100,2249,1,1
4101,4101,1440,1,1
4102,4102,747,1,1
4103,4103,3262,1,1
4104,4104,354,1,1
4105,4105,2238,1,1
4106,4106,709,1,1
4107,4107,3268,1,1
4108,4108,2364,1,1
4109,4109,1183,1,1
4110,4110,1834,1,1
4111,4111,3258,1,1
4112,4112,3032,1,1
4113,4113,1292,1,1
4114,4114,2814,1,1
4115,4115,1394,1,1
4116,4116,884,1,1
4117,4117,2788,1,1
4118,4118,75,1,1
4119,4119,1730,1,1
4120,4120,1119,1,1
4121,4121,2935,1,1
4122,4122,1399,1,1
4123,4123,1314,1,1
4124,4124,1074,1,1
4125,4125,2544,1,1
4126,4126,2862,1,1
4127,4127,3234,1,1
4128,4128,347,1,1
4129,4129,1992,1,1
4130,4130,2047,1,1
4131,4131,3133,1,1
4132,4132,2152,1,1
4133,4133,2678,1,1
4134,4134,2110,1,1
4135,4135,1126,1,1
4136,4136,3004,1,1
4137,4137,3434,1,1
4138,4138,2024,1,1
4139,4139,2244,1,1
4140,4140,2047,1,1
4141,4141,1754,1,1
4142,4142,1788,1,1
4143,4143,3497,1,1
4144,4144,815,1,1
4145,4145,257,1,1
4146,4146,1144,1,1
4147,4147,2524,1,1
4148,4148,1368,1,1
4149,4149,202,1,1
4150,4150,1903,1,1
4151,4151,2171,1,1
4152,4152,3160,1,1
4153,4153,934,1,1
4154,4154,3248,1,1
4155,4155,2268,1,1
4156,4156,2687,1,1
4157,4157,918,1,1
4158,4158,588,1,1
4159,4159,1700,1,1
4160,4160,3159,1,1
4161,4161,1943,1,1
4162,4162,2405,1,1
4163,4163,2951,1,1
4164,4164,20,1,1
4165,4165,89,1,1
4166,4166,1037,1,1
4167,4167,259,1,1
4168,4168,2189,1,1
4169,4169,1303,1,1
4170,4170,2445,1,1
4171,4171,166,1,1
4172,4172,1815,1,1
4173,4173,197,1,1
4174,4174,2151,1,1
4175,4175,2571,1,1
4176,4176,842,1,1
4177,4177,2776,1,1
4178,4178,575,1,1
4179,4179,2997,1,1
4180,4180,733,1,1
4181,4181,3183,1,1
4182,4182,1125,1,1
4183,4183,1293,1,1
4184,4184,1722,1,1
4185,4185,2363,1,1
4186,4186,1217,1,1
4187,4187,1271,1,1
4188,4188,1700,1,1
4189,4189,484,1,1
4190,4190,2391,1,1
4191,4191,2255,1,1
4192,4192,2370,1,1
4193,4193,779,1,1
4194,4194,1419,1,1
4195,4195,517,1,1
4196,4196,1469,1,1
4197,4197,2532,1,1
4198,4198,686,1,1
4199,4199,213,1,1
4200,4200,221,1,1
4201,4201,1669,1,1
4202,4202,35,1,1
4203,4203,2611,1,1
4204,4204,3292,1,1
4205,4205,710,1,1
4206,4206,2116,1,1
4207,4207,1800,1,1
4208,4208,2681,1,1
4209,4209,3457,1,1
4210,4210,2992,1,1
4211,4211,630,1,1
4212,4212,2269,1,1
4213,4213,1834,1,1
4214,4214,1842,1,1
4215,4215,1509,1,1
4216,4216,1004,1,1
4217,4217,1939,1,1
4218,4218,29,1,1
4219,4219,1834,1,1
4220,4220,2368,1,1
4221,4221,1157,1,1
4222,4222,2644,1,1
4223,4223,1034,1,1
4224,4224,3286,1,1
4225,4225,3078,1,1
4226,4226,385,1,1
4227,4227,1708,1,1
4228,4228,2966,1,1
4229,4229,1684,1,1
4230,4230,2005,1,1
4231,4231,245,1,1
4232,4232,1163,1,1
4233,4233,1592,1,1
4234,4234,2482,1,1
4235,4235,1901,1,1
4236,4236,1743,1,1
4237,4237,152,1,1
4238,4238,2194,1,1
4239,4239,167,1,1
4240,4240,1379,1,1
4241,4241,2627,1,1
4242,4242,104,1,1
4243,4243,121,1,1
4244,4244,884,1,1
4245,4245,1691,1,1
4246,4246,1393,1,1
4247,4247,1286,1,1
4248,4248,2220,1,1
4249,4249,973,1,1
4250,4250,133,1,1
4251,4251,2869,1,1
4252,4252,2371,1,1
4253,4253,3097,1,1
4254,4254,1183,1,1
4255,4255,450,1,1
4256,4256,1900,1,1
4257,4257,697,1,1
4258,4258,2915,1,1
4259,4259,2169,1,1
4260,4260,2831,1,1
4261,4261,3447,1,1
4262,4262,3352,1,1
4263,4263,1311,1,1
4264,4264,2789,1,1
4265,4265,1976,1,1
4266,4266,2015,1,1
4267,4267,1673,1,1
4268,4268,2460,1,1
4269,4269,844,1,1
4270,4270,2823,1,1
4271,4271,425,1,1
4272,4272,2750,1,1
4273,4273,2468,1,1
4274,4274,2401,1,1
4275,4275,3016,1,1
4276,4276,1933,1,1
4277,4277,3202,1,1
4278,4278,2188,1,1
4279,4279,2038,1,1
4280,4280,3117,1,1
4281,4281,1079,1,1
4282,4282,1659,1,1
4283,4283,599,1,1
4284,4284,57,1,1
4285,4285,3153,1,1
4286,4286,2672,1,1
4287,4287,1867,1,1
4288,4288,1176,1,1
4289,4289,1464,1,1
4290,4290,1869,1,1
4291,4291,2022,1,1
4292,4292,3320,1,1
4293,4293,2163,1,1
4294,4294,2541,1,1
4295,4295,1262,1,1
4296,4296,858,1,1
4297,4297,3008,1,1
4298,4298,480,1,1
4299,4299,1924,1,1
4300,4300,162,1,1
4301,4301,336,1,1
4302,4302,2524,1,1
4303,4303,2373,1,1
4304,4304,1052,1,1
4305,4305,1318,1,1
4306,4306,2345,1,1
4307,4307,85,1,1
4308,4308,524,1,1
4309,4309,3140,1,1
4310,4310,2960,1,1
4311,4311,3005,1,1
4312,4312,1738,1,1
4313,4313,2411,1,1
4314,4314,517,1,1
4315,4315,2278,1,1
4316,4316,3055,1,1
4317,4317,1824,1,1
4318,4318,1166,1,1
4319,4319,1679,1,1
4320,4320,2557,1,1
4321,4321,3406,1,1
4322,4322,256,1,1
4323,4323,161,1,1
4324,4324,2930,1,1
4325,4325,2624,1,1
4326,4326,3416,1,1
4327,4327,755,1,1
4328,4328,1841,1,1
4329,4329,221,1,1
4330,4330,2491,1,1
4331,4331,1404,1,1
4332,4332,1045,1,1
4333,4333,3190,1,1
4334,4334,2284,1,1
4335,4335,2231,1,1
4336,4336,718,1,1
4337,4337,1302,1,1
4338,4338,1351,1,1
4339,4339,274,1,1
4340,4340,2362,1,1
4341,4341,2344,1,1
4342,4342,340,1,1
4343,4343,2892,1,1
4344,4344,2061,1,1
4345,4345,778,1,1
4346,4346,3197,1,1
4347,4347,1289,1,1
4348,4348,3057,1,1
4349,4349,1622,1,1
4350,4350,2365,1,1
4351,4351,921,1,1
4352,4352,2689,1,1
4353,4353,2785,1,1
4354,4354,2718,1,1
4355,4355,2636,1,1
4356,4356,1821,1,1
4357,4357,2592,1,1
4358,4358,258,1,1
4359,4359,3025,1,1
4360,4360,2287,1,1
4361,4361,2067,1,1
4362,4362,1026,1,1
4363,4363,2594,1,1
4364,4364,3490,1,1
4365,4365,1506,1,1
4366,4366,772,1,1
4367,4367,2469,1,1
4368,4368,3125,1,1
4369,4369,796,1,1
4370,4370,431,1,1
4371,4371,2473,1,1
4372,4372,622,1,1
4373,4373,1434,1,1
4374,4374,2469,1,1
4375,4375,1586,1,1
4376,4376,1252,1,1
4377,4377,1308,1,1
4378,4378,1181,1,1
4379,4379,2372,1,1
4380,4380,2766,1,1
4381,4381,247,1,1
4382,4382,1455,1,1
4383,4383,2931,1,1
4384,4384,1575,1,1
4385,4385,2043,1,1
4386,4386,2217,1,1
4387,4387,497,1,1
4388,4388,15,1,1
4389,4389,2685,1,1
4390,4390,1891,1,1
4391,4391,3469,1,1
4392,4392,1129,1,1
4393,4393,2614,1,1
4394,4394,159,1,1
4395,4395,1579,1,1
4396,4396,3064,1,1
4397,4397,1382,1,1
4398,4398,2788,1,1
4399,4399,756,1,1
4400,4400,3347,1,1
4401,4401,2099,1,1
4402,4402,1470,1,1
4403,4403,268,1,1
4404,4404,424,1,1
4405,4405,2855,1,1
4406,4406,1199,1,1
4407,4407,1556,1,1
4408,4408,1604,1,1
4409,4409,1368,1,1
4410,4410,2648,1,1
4411,4411,1235,1,1
4412,4412,2110,1,1
4413,4413,328,1,1
4414,4414,1946,1,1
4415,4415,3277,1,1
4416,4416,1766,1,1
4417,4417,9,1,1
4418,4418,480,1,1
4419,4419,2506,1,1
4420,4420,1723,1,1
4421,4421,126,1,1
4422,4422,1947,1,1
4423,4423,2794,1,1
4424,4424,3405,1,1
4425,4425,2053,1,1
4426,4426,1201,1,1
4427,4427,3201,1,1
4428,4428,1687,1,1
4429,4429,3100,1,1
4430,4430,371,1,1
4431,4431,1678,1,1
4432,4432,3337,1,1
4433,4433,2248,1,1
4434,4434,1002,1,1
4435,4435,2341,1,1
4436,4436,465,1,1
4437,4437,609,1,1
4438,4438,973,1,1
4439,4439,806,1,1
4440,4440,3053,1,1
4441,4441,3288,1,1
4442,4442,990,1,1
4443,4443,378,1,1
4444,4444,1617,1,1
4445,4445,160,1,1
4446,4446,2406,1,1
4447,4447,2744,1,1
4448,4448,2344,1,1
4449,4449,1034,1,1
4450,4450,91,1,1
4451,4451,2401,1,1
4452,4452,134,1,1
4453,4453,2864,1,1
4454,4454,2921,1,1
4455,4455,513,1,1
4456,4456,1508,1,1
4457,4457,1441,1,1
4458,4458,989,1,1
4459,4459,1162,1,1
4460,4460,2500,1,1
4461,4461,2727,1,1
4462,4462,1782,1,1
4463,4463,2271,1,1
4464,4464,359,1,1
4465,4465,3199,1,1
4466,4466,3245,1,1
4467,4467,818,1,1
4468,4468,2672,1,1
4469,4469,254,1,1
4470,4470,917,1,1
4471,4471,1879,1,1
4472,4472,3055,1,1
4473,4473,494,1,1
4474,4474,3371,1,1
4475,4475,305,1,1
4476,4476,3373,1,1
4477,4477,1863,1,1
4478,4478,637,1,1
4479,4479,3196,1,1
4480,4480,2551,1,1
4481,4481,3160,1,1
4482,4482,1130,1,1
4483,4483,2157,1,1
4484,4484,882,1,1
4485,4485,3246,1,1
4486,4486,1330,1,1
4487,4487,1321,1,1
4488,4488,2138,1,1
4489,4489,3250,1,1
4490,4490,3073,1,1
4491,4491,2504,1,1
4492,4492,1130,1,1
4493,4493,132,1,1
4494,4494,969,1,1
4495,4495,2019,1,1
4496,4496,548,1,1
4497,4497,2780,1,1
4498,4498,2346,1,1
4499,4499,6,1,1
4500,4500,2002,1,1
4501,4501,286,1,1
4502,4502,1428,1,1
4503,4503,2199,1,1
4504,4504,3162,1,1
4505,4505,3103,1,1
4506,4506,2144,1,1
4507,4507,3300,1,1
4508,4508,1319,1,1
4509,4509,2150,1,1
4510,4510,3285,1,1
4511,4511,2492,1,1
4512,4512,1561,1,1
4513,4513,3237,1,1
4514,4514,558,1,1
4515,4515,1777,1,1
4516,4516,1199,1,1
4517,4517,631,1,1
4518,4518,2826,1,1
4519,4519,967,1,1
4520,4520,2963,1,1
4521,4521,2132,1,1
4522,4522,2735,1,1
4523,4523,3045,1,1
4524,4524,1926,1,1
4525,4525,997,1,1
4526,4526,295,1,1
4527,4527,680,1,1
4528,4528,3106,1,1
4529,4529,3127,1,1
4530,4530,1777,1,1
4531,4531,832,1,1
4532,4532,3314,1,1
4533,4533,191,1,1
4534,4534,3341,1,1
4535,4535,1035,1,1
4536,4536,2806,1,1
4537,4537,2111,1,1
4538,4538,2628,1,1
4539,4539,2055,1,1
4540,4540,3201,1,1
4541,4541,691,1,1
4542,4542,2967,1,1
4543,4543,649,1,1
4544,4544,2964,1,1
4545,4545,1410,1,1
4546,4546,133,1,1
4547,4547,1575,1,1
4548,4548,2804,1,1
4549,4549,1342,1,1
4550,4550,2188,1,1
4551,4551,42,1,1
4552,4552,3363,1,1
4553,4553,2219,1,1
4554,4554,697,1,1
4555,4555,1135,1,1
4556,4556,2771,1,1
4557,4557,1872,1,1
4558,4558,1481,1,1
4559,4559,2317,1,1
4560,4560,332,1,1
4561,4561,3295,1,1
4562,4562,578,1,1
4563,4563,2074,1,1
4564,4564,1649,1,1
4565,4565,1399,1,1
4566,4566,1602,1,1
4567,4567,2835,1,1
4568,4568,1763,1,1
4569,4569,3405,1,1
4570,4570,1114,1,1
4571,4571,2138,1,1
4572,4572,1646,1,1
4573,4573,3305,1,1
4574,4574,1306,1,1
4575,4575,2218,1,1
4576,4576,449,1,1
4577,4577,1371,1,1
4578,4578,1469,1,1
4579,4579,1526,1,1
4580,4580,1313,1,1
4581,4581,2652,1,1
4582,4582,1,1,1
4583,4583,487,1,1
4584,4584,1857,1,1
4585,4585,1170,1,1
4586,4586,1925,1,1
4587,4587,2664,1,1
4588,4588,237,1,1
4589,4589,1481,1,1
4590,4590,2691,1,1
4591,4591,52,1,1
4592,4592,3257,1,1
4593,4593,3486,1,1
4594,4594,1221,1,1
4595,4595,795,1,1
4596,4596,1210,1,1
4597,4597,3481,1,1
4598,4598,1499,1,1
4599,4599,2278,1,1
4600,4600,48,1,1
4601,4601,3214,1,1
4602,4602,2312,1,1
4603,4603,1129,1,1
4604,4604,2147,1,1
4605,4605,2345,1,1
4606,4606,1091,1,1
4607,4607,967,1,1
4608,4608,1408,1,1
4609,4609,1268,1,1
4610,4610,1857,1,1
4611,4611,2710,1,1
4612,4612,3134,1,1
4613,4613,3127,1,1
4614,4614,1036,1,1
4615,4615,3145,1,1
4616,4616,2083,1,1
4617,4617,1610,1,1
4618,4618,1122,1,1
4619,4619,2059,1,1
4620,4620,1153,1,1
4621,4621,2066,1,1
4622,4622,1388,1,1
4623,4623,2885,1,1
4624,4624,2531,1,1
4625,4625,257,1,1
4626,4626,1366,1,1
4627,4627,2855,1,1
4628,4628,1917,1,1
4629,4629,162,1,1
4630,4630,562,1,1
4631,4631,2313,1,1
4632,4632,439,1,1
4633,4633,2726,1,1
4634,4634,2901,1,1
4635,4635,2541,1,1
4636,4636,2071,1,1
4637,4637,161,1,1
4638,4638,1313,1,1
4639,4639,502,1,1
4640,4640,1081,1,1
4641,4641,3276,1,1
4642,4642,601,1,1
4643,4643,530,1,1
4644,4644,2604,1,1
4645,4645,590,1,1
4646,4646,1082,1,1
4647,4647,2885,1,1
4648,4648,2895,1,1
4649,4649,1423,1,1
4650,4650,2404,1,1
4651,4651,211,1,1
4652,4652,302,1,1
4653,4653,2093,1,1
4654,4654,25,1,1
4655,4655,393,1,1
4656,4656,580,1,1
4657,4657,1211,1,1
4658,4658,1366,1,1
4659,4659,1037,1,1
4660,4660,1963,1,1
4661,4661,2081,1,1
4662,4662,2461,1,1
4663,4663,3315,1,1
4664,4664,754,1,1
4665,4665,2369,1,1
4666,4666,2234,1,1
4667,4667,404,1,1
4668,4668,2070,1,1
4669,4669,200,1,1
4670,4670,1806,1,1
4671,4671,164,1,1
4672,4672,872,1,1
4673,4673,1344,1,1
4674,4674,253,1,1
4675,4675,836,1,1
4676,4676,2039,1,1
4677,4677,546,1,1
4678,4678,127,1,1
4679,4679,1143,1,1
4680,4680,1467,1,1
4681,4681,1213,1,1
4682,4682,2028,1,1
4683,4683,1906,1,1
4684,4684,2673,1,1
4685,4685,2441,1,1
4686,4686,1610,1,1
4687,4687,1068,1,1
4688,4688,3437,1,1
4689,4689,1899,1,1
4690,4690,1048,1,1
4691,4691,3267,1,1
4692,4692,287,1,1
4693,4693,2694,1,1
4694,4694,1796,1,1
4695,4695,1861,1,1
4696,4696,2491,1,1
4697,4697,3371,1,1
4698,4698,145,1,1
4699,4699,2903,1,1
4700,4700,2393,1,1
4701,4701,3434,1,1
4702,4702,2056,1,1
4703,4703,2216,1,1
4704,4704,3312,1,1
4705,4705,80,1,1
4706,4706,3317,1,1
4707,4707,95,1,1
4708,4708,822,1,1
4709,4709,33,1,1
4710,4710,3227,1,1
4711,4711,602,1,1
4712,4712,2085,1,1
4713,4713,1791,1,1
4714,4714,2640,1,1
4715,4715,223,1,1
4716,4716,1705,1,1
4717,4717,550,1,1
4718,4718,922,1,1
4719,4719,1453,1,1
4720,4720,1547,1,1
4721,4721,3200,1,1
4722,4722,2232,1,1
4723,4723,1756,1,1
4724,4724,298,1,1
4725,4725,357,1,1
4726,4726,1253,1,1
4727,4727,1586,1,1
4728,4728,604,1,1
4729,4729,2611,1,1
4730,4730,60,1,1
4731,4731,2450,1,1
4732,4732,459,1,1
4733,4733,2143,1,1
4734,4734,3195,1,1
4735,4735,847,1,1
4736,4736,1347,1,1
4737,4737,276,1,1
4738,4738,450,1,1
4739,4739,1527,1,1
4740,4740,3185,1,1
4741,4741,469,1,1
4742,4742,1953,1,1
4743,4743,3114,1,1
4744,4744,3406,1,1
4745,4745,1239,1,1
4746,4746,146,1,1
4747,4747,3354,1,1
4748,4748,2939,1,1
4749,4749,801,1,1
4750,4750,978,1,1
4751,4751,828,1,1
4752,4752,3028,1,1
4753,4753,3043,1,1
4754,4754,802,1,1
4755,4755,3224,1,1
4756,4756,2067,1,1
4757,4757,2139,1,1
4758,4758,26,1,1
4759,4759,2159,1,1
4760,4760,142,1,1
4761,4761,2606,1,1
4762,4762,1761,1,1
4763,4763,1938,1,1
4764,4764,1157,1,1
4765,4765,200,1,1
4766,4766,93,1,1
4767,4767,3064,1,1
4768,4768,447,1,1
4769,4769,1575,1,1
4770,4770,3034,1,1
4771,4771,404,1,1
4772,4772,805,1,1
4773,4773,1886,1,1
4774,4774,2450,1,1
4775,4775,2905,1,1
4776,4776,1634,1,1
4777,4777,1563,1,1
4778,4778,389,1,1
4779,4779,1374,1,1
4780,4780,3478,1,1
4781,4781,361,1,1
4782,4782,3106,1,1
4783,4783,2874,1,1
4784,4784,1813,1,1
4785,4785,680,1,1
4786,4786,1250,1,1
4787,4787,2791,1,1
4788,4788,2678,1,1
4789,4789,2739,1,1
4790,4790,991,1,1
4791,4791,3079,1,1
4792,4792,789,1,1
4793,4793,2856,1,1
4794,4794,586,1,1
4795,4795,857,1,1
4796,4796,2014,1,1
4797,4797,1676,1,1
4798,4798,79,1,1
4799,4799,660,1,1
4800,4800,718,1,1
4801,4801,2610,1,1
4802,4802,3403,1,1
4803,4803,1046,1,1
4804,4804,3125,1,1
4805,4805,3266,1,1
4806,4806,2477,1,1
4807,4807,604,1,1
4808,4808,2617,1,1
4809,4809,2452,1,1
4810,4810,780,1,1
4811,4811,689,1,1
4812,4812,2002,1,1
4813,4813,1010,1,1
4814,4814,2881,1,1
4815,4815,735,1,1
4816,4816,3258,1,1
4817,4817,1603,1,1
4818,4818,2056,1,1
4819,4819,2477,1,1
4820,4820,940,1,1
4821,4821,3325,1,1
4822,4822,1258,1,1
4823,4823,259,1,1
4824,4824,2385,1,1
4825,4825,3493,1,1
4826,4826,322,1,1
4827,4827,2504,1,1
4828,4828,163,1,1
4829,4829,2396,1,1
4830,4830,284,1,1
4831,4831,1218,1,1
4832,4832,2182,1,1
4833,4833,3061,1,1
4834,4834,1468,1,1
4835,4835,337,1,1
4836,4836,497,1,1
4837,4837,2059,1,1
4838,4838,27,1,1
4839,4839,2741,1,1
4840,4840,1239,1,1
4841,4841,2829,1,1
4842,4842,530,1,1
4843,4843,986,1,1
4844,4844,1576,1,1
4845,4845,25,1,1
4846,4846,156,1,1
4847,4847,3174,1,1
4848,4848,2978,1,1
4849,4849,867,1,1
4850,4850,2873,1,1
4851,4851,2134,1,1
4852,4852,1452,1,1
4853,4853,2253,1,1
4854,4854,3068,1,1
4855,4855,1115,1,1
4856,4856,878,1,1
4857,4857,1461,1,1
4858,4858,545,1,1
4859,4859,2812,1,1
4860,4860,199,1,1
4861,4861,2310,1,1
4862,4862,1430,1,1
4863,4863,3284,1,1
4864,4864,2596,1,1
4865,4865,1756,1,1
4866,4866,3369,1,1
4867,4867,2937,1,1
4868,4868,2958,1,1
4869,4869,2432,1,1
4870,4870,2760,1,1
4871,4871,336,1,1
4872,4872,192,1,1
4873,4873,1132,1,1
4874,4874,3052,1,1
4875,4875,2309,1,1
4876,4876,1579,1,1
4877,4877,3353,1,1
4878,4878,1614,1,1
4879,4879,520,1,1
4880,4880,1679,1,1
4881,4881,1021,1,1
4882,4882,2691,1,1
4883,4883,654,1,1
4884,4884,2039,1,1
4885,4885,1964,1,1
4886,4886,3164,1,1
4887,4887,1790,1,1
4888,4888,808,1,1
4889,4889,2955,1,1
4890,4890,220,1,1
4891,4891,447,1,1
4892,4892,38,1,1
4893,4893,672,1,1
4894,4894,2578,1,1
4895,4895,682,1,1
4896,4896,1,1,1
4897,4897,103,1,1
4898,4898,922,1,1
4899,4899,1310,1,1
4900,4900,1595,1,1
4901,4901,485,1,1
4902,4902,3363,1,1
4903,4903,116,1,1
4904,4904,1248,1,1
4905,4905,1315,1,1
4906,4906,3463,1,1
4907,4907,994,1,1
4908,4908,1823,1,1
4909,4909,1294,1,1
4910,4910,1752,1,1
4911,4911,2164,1,1
4912,4912,1596,1,1
4913,4913,1717,1,1
4914,4914,3076,1,1
4915,4915,1477,1,1
4916,4916,2296,1,1
4917,4917,1853,1,1
4918,4918,3068,1,1
4919,4919,2096,1,1
4920,4920,1091,1,1
4921,4921,120,1,1
4922,4922,901,1,1
4923,4923,1506,1,1
4924,4924,3297,1,1
4925,4925,3233,1,1
4926,4926,2144,1,1
4927,4927,1197,1,1
4928,4928,1795,1,1
4929,4929,433,1,1
4930,4930,84,1,1
4931,4931,1356,1,1
4932,4932,2445,1,1
4933,4933,335,1,1
4934,4934,1901,1,1
4935,4935,786,1,1
4936,4936,1763,1,1
4937,4937,2915,1,1
4938,4938,332,1,1
4939,4939,961,1,1
4940,4940,1181,1,1
4941,4941,2508,1,1
4942,4942,1702,1,1
4943,4943,1831,1,1
4944,4944,3356,1,1
4945,4945,2743,1,1
4946,4946,2563,1,1
4947,4947,191,1,1
4948,4948,983,1,1
4949,4949,2876,1,1
4950,4950,3221,1,1
4951,4951,3494,1,1
4952,4952,3114,1,1
4953,4953,616,1,1
4954,4954,278,1,1
4955,4955,158,1,1
4956,4956,1539,1,1
4957,4957,1926,1,1
4958,4958,1527,1,1
4959,4959,2401,1,1
4960,4960,2703,1,1
4961,4961,1343,1,1
4962,4962,1361,1,1
4963,4963,1507,1,1
4964,4964,87,1,1
4965,4965,1949,1,1
4966,4966,2214,1,1
4967,4967,1765,1,1
4968,4968,476,1,1
4969,4969,3079,1,1
4970,4970,1306,1,1
4971,4971,3186,1,1
4972,4972,1972,1,1
4973,4973,1400,1,1
4974,4974,3072,1,1
4975,4975,1160,1,1
4976,4976,1865,1,1
4977,4977,1443,1,1
4978,4978,200,1,1
4979,4979,840,1,1
4980,4980,441,1,1
4981,4981,686,1,1
4982,4982,1483,1,1
4983,4983,1268,1,1
4984,4984,931,1,1
4985,4985,3458,1,1
4986,4986,3390,1,1
4987,4987,45,1,1
4988,4988,3288,1,1
4989,4989,3090,1,1
4990,4990,928,1,1
4991,4991,1245,1,1
4992,4992,576,1,1
4993,4993,3465,1,1
4994,4994,299,1,1
4995,4995,19,1,1
4996,4996,790,1,1
4997,4997,2263,1,1
4998,4998,2714,1,1
4999,4999,778,1,1
5000,5000,877,1,1
5001,5001,1489,1,1
5002,5002,2480,1,1
5003,5003,121,1,1
5004,5004,2993,1,1
5005,5005,420,1,1
5006,5006,2925,1,1
5007,5007,2024,1,1
5008,5008,1805,1,1
5009,5009,2036,1,1
5010,5010,1032,1,1
5011,5011,2304,1,1
