map_key,person_id
1,bb_005a9af8
2,bb_0060d04b
3,bb_0070ac2a
4,bb_0072bcd1
5,bb_008101db
6,bb_009d5597
7,bb_00badeaf
8,bb_01187aa6
9,bb_01b58286
10,bb_0202a989
11,bb_027f69fb
12,bb_02f482bd
13,bb_030f7971
14,bb_03642221
15,bb_0367383f
16,bb_03bf42f6
17,bb_0426ead6
18,bb_044dcfcc
19,bb_04ae99e7
20,bb_04c431f6
21,bb_050fe872
22,bb_054ccb9f
23,bb_0576956b
24,bb_059bc73b
25,bb_05a43bb9
26,bb_05c5ec75
27,bb_05f768f1
28,bb_0606a6df
29,bb_06250b39
30,bb_066d8591
31,bb_066e9af4
32,bb_068b95e5
33,bb_068d4ca7
34,bb_06e043fe
35,bb_070fbb4b
36,bb_0777f420
37,bb_078503af
38,bb_078ba753
39,bb_07df261e
40,bb_083e3272
41,bb_08660363
42,bb_086b89af
43,bb_08ee2f98
44,bb_0953c65d
45,bb_09a70071
46,bb_09ba171c
47,bb_0a426fb8
48,bb_0a444db4
49,bb_0a7fe991
50,bb_0a9bb258
51,bb_0ac34fa6
52,bb_0acce3eb
53,bb_0b1ad13c
54,bb_0b3352c9
55,bb_0b3fae60
56,bb_0b9cd8eb
57,bb_0c137a2c
58,bb_0c81c6fe
59,bb_0ca68df1
60,bb_0d315a56
61,bb_0d5f75b6
62,bb_0d834995
63,bb_0dda7e28
64,bb_0e1dbd72
65,bb_0f35825b
66,bb_0f6c40e8
67,bb_0f717da1
68,bb_0f7dba70
69,bb_10310be6
70,bb_10388707
71,bb_11169740
72,bb_11490de8
73,bb_11820476
74,bb_11d05e3e
75,bb_12190bc2
76,bb_122e447e
77,bb_1275d9e4
78,bb_12bb1e08
79,bb_12ebb54c
80,bb_12f8e4f1
81,bb_1338fb95
82,bb_137ad73a
83,bb_1391899d
84,bb_13ac06a2
85,bb_13b03dc6
86,bb_1437f1ea
87,bb_146138c5
88,bb_149c91f1
89,bb_14a9496b
90,bb_1507980f
91,bb_15de196a
92,bb_15f4412b
93,bb_1644637a
94,bb_16526956
95,bb_1672da89
96,bb_167947c3
97,bb_16b192d5
98,bb_16c90094
99,bb_1729c35b
100,bb_176af548
101,bb_1783ca5f
102,bb_17fe5b0a
103,bb_18157451
104,bb_18798523
105,bb_18b0ef80
106,bb_18b68cbe
107,bb_190e3b64
108,bb_1933c8de
109,bb_194c4c92
110,bb_1962bb6c
111,bb_197ab9f7
112,bb_1995198a
113,bb_19cf694f
114,bb_1abdf126
115,bb_1b06d598
116,bb_1b2124a6
117,bb_1b401ff8
118,bb_1b4d06d5
119,bb_1b97024e
120,bb_1bb942f9
121,bb_1bf76638
122,bb_1c862730
123,bb_1c928cfe
124,bb_1cd24e41
125,bb_1ce4c3f3
126,bb_1cfbd7e9
127,bb_1d33e7cf
128,bb_1d621141
129,bb_1d626630
130,bb_1e1db389
131,bb_1e41fe9a
132,bb_1e8d4148
133,bb_1e8e6657
134,bb_1ec1a9c5
135,bb_1ed933a8
136,bb_1efc78f1
137,bb_1f38d27f
138,bb_1f7d0a10
139,bb_1fd7bfb0
140,bb_1feee9cb
141,bb_201b2eb0
142,bb_20a01194
143,bb_20fb61ef
144,bb_210667ef
145,bb_2125fa82
146,bb_213a97b5
147,bb_216849aa
148,bb_219edcb3
149,bb_21a216aa
150,bb_21cef25b
151,bb_21d84a7f
152,bb_227c999b
153,bb_228a3a7b
154,bb_22c09779
155,bb_22cc3aff
156,bb_22d54515
157,bb_2303f526
158,bb_230a9f27
159,bb_236a0ff6
160,bb_23b9ea3d
161,bb_23ce593a
162,bb_23d7c577
163,bb_23d99af8
164,bb_240f887a
165,bb_24274683
166,bb_2469c644
167,bb_24754818
168,bb_2478a846
169,bb_247f1625
170,bb_24a84b7d
171,bb_24c9828d
172,bb_25313eb7
173,bb_253608b3
174,bb_25afec77
175,bb_25c591b5
176,bb_25e28502
177,bb_25ea904a
178,bb_25ed316d
179,bb_25fb2632
180,bb_26022aa3
181,bb_26a37ae3
182,bb_26b74b82
183,bb_274a99e4
184,bb_27568a00
185,bb_276a0ed8
186,bb_278b1d03
187,bb_27b95325
188,bb_27bb5206
189,bb_28507b5d
190,bb_28551948
191,bb_287a7093
192,bb_2882a239
193,bb_288e1582
194,bb_28996e01
195,bb_295d9286
196,bb_296ade71
197,bb_2a6e4fc1
198,bb_2a72d186
199,bb_2a924c6c
200,bb_2a9b932f
201,bb_2aded42f
202,bb_2ae1f068
203,bb_2aed180b
204,bb_2b3af564
205,bb_2b6cd1e0
206,bb_2ba27cc5
207,bb_2c8102db
208,bb_2c93b43d
209,bb_2cb2d3c6
210,bb_2cc99f6c
211,bb_2d1d1183
212,bb_2d2e45e9
213,bb_2d3cb1bf
214,bb_2d907344
215,bb_2da674d6
216,bb_2daab192
217,bb_2ea98ae1
218,bb_2f268649
219,bb_2f2e900c
220,bb_2f36f2be
221,bb_2fa9b7c1
222,bb_2fcfdf1b
223,bb_2fdd6a34
224,bb_2ff94a3f
225,bb_303c6c64
226,bb_309f62b6
227,bb_30c9de1d
228,bb_30fe7d5d
229,bb_31373774
230,bb_31c6ee71
231,bb_3252cbde
232,bb_32565b2b
233,bb_3266da26
234,bb_3325d8d3
235,bb_332d562c
236,bb_334b46f4
237,bb_3467f0e3
238,bb_34961dde
239,bb_34c98e63
240,bb_351d86b7
241,bb_3522d222
242,bb_3531724a
243,bb_35481178
244,bb_3575d54c
245,bb_357c0024
246,bb_3595516f
247,bb_35c6b984
248,bb_35fedd40
249,bb_361c647c
250,bb_36247a10
251,bb_362cb52a
252,bb_3638e03d
253,bb_36636cb9
254,bb_366e6630
255,bb_367628a4
256,bb_36ab7909
257,bb_36e29b09
258,bb_36fceed0
259,bb_372ec784
260,bb_3788c9ee
261,bb_385dd995
262,bb_3893ba50
263,bb_38cf8824
264,bb_39613064
265,bb_39adf37c
266,bb_3a168dc7
267,bb_3a2eb214
268,bb_3a57f8a2
269,bb_3a90dc61
270,bb_3aab76b5
271,bb_3abc0ab5
272,bb_3b06effa
273,bb_3bbee297
274,bb_3bcbdb91
275,bb_3bd75cfa
276,bb_3c4bd644
277,bb_3c95e0fd
278,bb_3cb306a9
279,bb_3ce68d06
280,bb_3cebf1f6
281,bb_3d165697
282,bb_3d66bf44
283,bb_3d70ffdf
284,bb_3dc132fb
285,bb_3df908ab
286,bb_3e244d59
287,bb_3e31f046
288,bb_3e759d90
289,bb_3ebcaf23
290,bb_3ec4a57d
291,bb_3f155004
292,bb_3fc2114f
293,bb_3ffd9b7d
294,bb_3ffda6e5
295,bb_40bdd1c7
296,bb_40cf6d33
297,bb_412ffbda
298,bb_419d2821
299,bb_41d79319
300,bb_4296353a
301,bb_42a9dc0b
302,bb_42ca219c
303,bb_42f0f289
304,bb_430b4e6a
305,bb_432beda8
306,bb_43590697
307,bb_44ce80ae
308,bb_44da3747
309,bb_44de5028
310,bb_44f9b345
311,bb_450d6917
312,bb_459186b4
313,bb_4599c413
314,bb_45fa7a9f
315,bb_4622ea87
316,bb_463cf81e
317,bb_46b207a6
318,bb_46b60c4c
319,bb_46c7c521
320,bb_46ddde2d
321,bb_471c6861
322,bb_47c76096
323,bb_48575b09
324,bb_48a01235
325,bb_49527399
326,bb_49dea548
327,bb_4a5294b9
328,bb_4a88a7cd
329,bb_4adf6c1b
330,bb_4af65030
331,bb_4b210ef7
332,bb_4bf2e481
333,bb_4c037643
334,bb_4c0fafde
335,bb_4c2f559c
336,bb_4c39f144
337,bb_4c467714
338,bb_4cbd4981
339,bb_4ce7b8ed
340,bb_4cec1113
341,bb_4cfc28aa
342,bb_4cfde6dd
343,bb_4dad0e98
344,bb_4e007629
345,bb_4e1d1154
346,bb_4f0d121d
347,bb_4f1d374b
348,bb_4f42ece8
349,bb_5003dfcf
350,bb_502a324f
351,bb_50746ad8
352,bb_5090b266
353,bb_50c24877
354,bb_5109ca83
355,bb_5115b20a
356,bb_517499f6
357,bb_51c23168
358,bb_51c84b68
359,bb_51e3d7cc
360,bb_526fc34a
361,bb_52a5df93
362,bb_52c386ab
363,bb_52cd54de
364,bb_532b42cf
365,bb_53a20535
366,bb_53bd6ca7
367,bb_53cbeece
368,bb_5414a80c
369,bb_54cc4702
370,bb_54de3c26
371,bb_54f19ccb
372,bb_5506048a
373,bb_550a97f0
374,bb_5623c629
375,bb_564920b7
376,bb_564b0116
377,bb_566be5dd
378,bb_567d1171
379,bb_56b5d33b
380,bb_5737ad22
381,bb_57851985
382,bb_5825c5e8
383,bb_583e867b
384,bb_58b984e8
385,bb_5920604f
386,bb_59625bfb
387,bb_59800271
388,bb_5a0de3dc
389,bb_5a262523
390,bb_5a2b4b23
391,bb_5a93579f
392,bb_5ad66e5a
393,bb_5aedb309
394,bb_5b360002
395,bb_5b68d69b
396,bb_5b7371f4
397,bb_5ba09f84
398,bb_5bef31b4
399,bb_5c1dc408
400,bb_5c4d9c57
401,bb_5c67f72a
402,bb_5c6b3c83
403,bb_5c9dc29a
404,bb_5caa64b0
405,bb_5cd9f756
406,bb_5cfcddbf
407,bb_5d246192
408,bb_5d757647
409,bb_5d94daa7
410,bb_5e1f3fd9
411,bb_5e3f2475
412,bb_5e72ff0b
413,bb_5ebe3f30
414,bb_5ec7cde4
415,bb_5f10dfaa
416,bb_5f465445
417,bb_5f48840f
418,bb_5f8e0857
419,bb_5f97fe22
420,bb_5fa4ee47
421,bb_5fe1e8a1
422,bb_605dfca3
423,bb_60d8f88d
424,bb_60ea249c
425,bb_6116cc54
426,bb_61361bfd
427,bb_614ae35e
428,bb_617fe692
429,bb_61c72056
430,bb_6228db90
431,bb_623822d8
432,bb_626d5799
433,bb_6270b03d
434,bb_62bf1a41
435,bb_62cd28c9
436,bb_62ece345
437,bb_63085c30
438,bb_637f9f18
439,bb_638ac2e1
440,bb_63c4dd69
441,bb_63ca4049
442,bb_63e9b94a
443,bb_63efdb5a
444,bb_64f24648
445,bb_65071f54
446,bb_6515956e
447,bb_656eb1cf
448,bb_657f970c
449,bb_65956e95
450,bb_65db362c
451,bb_65fd4498
452,bb_6644dbaa
453,bb_66687889
454,bb_66c0ed5d
455,bb_676e3fb9
456,bb_67ae7009
457,bb_67af9024
458,bb_67f93d4e
459,bb_6816ee8a
460,bb_684a7646
461,bb_68638535
462,bb_693a0792
463,bb_69836e22
464,bb_69916640
465,bb_6a29ab21
466,bb_6a43522c
467,bb_6a5b5b56
468,bb_6a63dc4e
469,bb_6ae152e9
470,bb_6b099826
471,bb_6b0a60f9
472,bb_6b3d6a51
473,bb_6b68b886
474,bb_6b8cff3b
475,bb_6bff1434
476,bb_6c931919
477,bb_6c9468b9
478,bb_6cb23c19
479,bb_6ce64a03
480,bb_6cf7e33e
481,bb_6d350d44
482,bb_6dcf1d8e
483,bb_6def8f68
484,bb_6e0336a0
485,bb_6e7d5eed
486,bb_6eb9aa43
487,bb_6f520632
488,bb_6f576905
489,bb_6f9ef5f8
490,bb_700e08d2
491,bb_7020ff93
492,bb_70bd5d6a
493,bb_70bdcc34
494,bb_70e49cb9
495,bb_715990e1
496,bb_71835b72
497,bb_7183f001
498,bb_71c8a9a2
499,bb_71d10e40
500,bb_71e8ed6e
501,bb_720215f3
502,bb_7247043d
503,bb_72c3ad95
504,bb_732d4aac
505,bb_7385ab18
506,bb_738c868f
507,bb_73aec511
508,bb_747d0f48
509,bb_74cb1e6e
510,bb_74d09685
511,bb_74faf57b
512,bb_7503cfed
513,bb_7575d8df
514,bb_7587e58b
515,bb_75b1c776
516,bb_75ea2bc9
517,bb_76c1a1f2
518,bb_77060007
519,bb_7737114a
520,bb_77440e4b
521,bb_77fe5a1c
522,bb_77fedc00
523,bb_789002ca
524,bb_7960ae14
525,bb_79770b20
526,bb_79b8e8dc
527,bb_7a39ac18
528,bb_7a7d9684
529,bb_7a983d34
530,bb_7a9aa840
531,bb_7ad59e8c
532,bb_7b105f22
533,bb_7b132b6b
534,bb_7b2652da
535,bb_7b57404f
536,bb_7b6cf5da
537,bb_7b832539
538,bb_7b98ff73
539,bb_7b9a8efa
540,bb_7bc7ece4
541,bb_7bed69ab
542,bb_7ce25486
543,bb_7cec6e71
544,bb_7d789770
545,bb_7d9c118b
546,bb_7dcc5376
547,bb_7de19e75
548,bb_7e24eb77
549,bb_7e3e186d
550,bb_7e677346
551,bb_7e7e6956
552,bb_7ed32a8e
553,bb_7f59a612
554,bb_8034b615
555,bb_808ca1e0
556,bb_80a8e32b
557,bb_80aa18c1
558,bb_80b054bb
559,bb_8182f0ec
560,bb_81db5101
561,bb_82126d86
562,bb_8249106c
563,bb_828a0622
564,bb_8334251e
565,bb_83a54d72
566,bb_83db436a
567,bb_83f056bf
568,bb_83f759eb
569,bb_84b1fcca
570,bb_84b338c8
571,bb_84cbbc67
572,bb_84d984cf
573,bb_8511be2d
574,bb_85183842
575,bb_853a3f48
576,bb_85542275
577,bb_8556ecae
578,bb_85768990
579,bb_859b82bf
580,bb_859eaead
581,bb_85e5bc18
582,bb_860aab53
583,bb_862c370b
584,bb_8639dee5
585,bb_864047ba
586,bb_86613b17
587,bb_86679996
588,bb_870363fe
589,bb_8713cb60
590,bb_876087bc
591,bb_87950866
592,bb_87bd39dc
593,bb_87f6ba9e
594,bb_880ef290
595,bb_881b4832
596,bb_881c3ad6
597,bb_882c1ba4
598,bb_887c292f
599,bb_88ab9fe3
600,bb_88ddce4d
601,bb_88e33195
602,bb_88fa142b
603,bb_89249328
604,bb_89b1c02f
605,bb_89d502ed
606,bb_8a2b060c
607,bb_8ab6f40d
608,bb_8b3e804e
609,bb_8b5e74b2
610,bb_8b689341
611,bb_8bddd93c
612,bb_8be7a9de
613,bb_8c3c9345
614,bb_8c7aee9b
615,bb_8cb1fcf7
616,bb_8cba3831
617,bb_8d04f351
618,bb_8dd9d83c
619,bb_8e04ba46
620,bb_8e228e81
621,bb_8e477f3a
622,bb_8e6f995a
623,bb_8e814130
624,bb_8e91870f
625,bb_8eb3bfc9
626,bb_8eca2c6f
627,bb_8ecd1b71
628,bb_8f0fcb9e
629,bb_8f1f215e
630,bb_8f254cd7
631,bb_8f4479d2
632,bb_8f900c8f
633,bb_8ff93a3d
634,bb_905c66ef
635,bb_905e356d
636,bb_90667158
637,bb_909ffefe
638,bb_90c3f3bf
639,bb_917aaede
640,bb_918d14a2
641,bb_91d80bf0
642,bb_9237ce9d
643,bb_92977845
644,bb_92bc59b8
645,bb_931a7e12
646,bb_935d648e
647,bb_935fe953
648,bb_936e348f
649,bb_937e3546
650,bb_939cb9bc
651,bb_9445d782
652,bb_947a0e27
653,bb_94d4586c
654,bb_9577b994
655,bb_95bdeabd
656,bb_96277d92
657,bb_966157a0
658,bb_96dc4efa
659,bb_96f67fc6
660,bb_96f732ae
661,bb_972fc4a9
662,bb_973e1d2b
663,bb_97480770
664,bb_97544d05
665,bb_97e557e3
666,bb_98239165
667,bb_982a21b8
668,bb_98b40623
669,bb_98d3fc62
670,bb_9924d670
671,bb_9934772b
672,bb_994d469d
673,bb_99ac851f
674,bb_99e378e8
675,bb_9a3f7d96
676,bb_9ab338ab
677,bb_9acd1db0
678,bb_9b20710c
679,bb_9b99580b
680,bb_9b9d0e1e
681,bb_9c133459
682,bb_9c1b3a80
683,bb_9c6f02bc
684,bb_9caacc2a
685,bb_9cef4a41
686,bb_9d0f60e0
687,bb_9d163644
688,bb_9d1975c7
689,bb_9d3a7f42
690,bb_9d6369df
691,bb_9dbfd5e7
692,bb_9dcf82b6
693,bb_9efe114a
694,bb_9f3fbe9e
695,bb_9f6f41df
696,bb_9ff451cf
697,bb_9ff6903f
698,bb_a01a598e
699,bb_a01c8903
700,bb_a049ec0f
701,bb_a0a36a88
702,bb_a0d46b85
703,bb_a0f65c1e
704,bb_a0fa9ba7
705,bb_a136a88f
706,bb_a153c5e1
707,bb_a15dc552
708,bb_a165c55d
709,bb_a17184d3
710,bb_a1b7351d
711,bb_a2264ff3
712,bb_a248da29
713,bb_a2857b0e
714,bb_a2a7bef7
715,bb_a2c68161
716,bb_a2cf7d55
717,bb_a2d0a6b9
718,bb_a2e7b608
719,bb_a36fe79c
720,bb_a3bb5163
721,bb_a3e826c3
722,bb_a4a33ac1
723,bb_a4af2889
724,bb_a4cf565f
725,bb_a4f1e4f6
726,bb_a52ccd58
727,bb_a5682932
728,bb_a58344ee
729,bb_a5f9b77e
730,bb_a655be02
731,bb_a6611a94
732,bb_a6676df7
733,bb_a689a5cf
734,bb_a69d1b77
735,bb_a69ecbd1
736,bb_a75529a5
737,bb_a7749ee5
738,bb_a7a4b3ad
739,bb_a7cccde8
740,bb_a8691682
741,bb_a88a51f3
742,bb_a89faff3
743,bb_a8c9a7fa
744,bb_a8f40a51
745,bb_a9266081
746,bb_a998ced1
747,bb_a9a83502
748,bb_a9c9d566
749,bb_a9fed455
750,bb_aa91288f
751,bb_aaa2a5e6
752,bb_aaabed24
753,bb_aac32151
754,bb_aaf6070e
755,bb_ab05c4de
756,bb_ab65d9df
757,bb_aba000d6
758,bb_abbc88a1
759,bb_ac1566e2
760,bb_ac2ff293
761,bb_ac8a4199
762,bb_ac930ec9
763,bb_acc6092d
764,bb_ad9577db
765,bb_adb4f57f
766,bb_ae47fbc2
767,bb_ae7acbe1
768,bb_ae83209e
769,bb_ae8f0c09
770,bb_aec0c69d
771,bb_af085ef5
772,bb_af5c0010
773,bb_afd34793
774,bb_b0589526
775,bb_b12380aa
776,bb_b134725e
777,bb_b1384fd5
778,bb_b1a39a60
779,bb_b1ea170d
780,bb_b26a7dc2
781,bb_b2b3d99e
782,bb_b2da95f5
783,bb_b31ffc4d
784,bb_b32aa86a
785,bb_b330d2a1
786,bb_b3afc2dd
787,bb_b40459f4
788,bb_b418ce46
789,bb_b4494d66
790,bb_b4894121
791,bb_b4aa15e4
792,bb_b4ea4782
793,bb_b565c5f4
794,bb_b5c8ad4b
795,bb_b5d4e31b
796,bb_b5e1d330
797,bb_b63b8694
798,bb_b63c7f54
799,bb_b64f9dcb
800,bb_b6a2e76d
801,bb_b6a7a770
802,bb_b6c66a36
803,bb_b70b985c
804,bb_b74152b7
805,bb_b770b22f
806,bb_b8ca40b1
807,bb_b917292b
808,bb_b920e996
809,bb_b93fe30c
810,bb_b954cdac
811,bb_b968f3be
812,bb_b98c5e7a
813,bb_b9bbfd0b
814,bb_ba038f2c
815,bb_ba498860
816,bb_baac9531
817,bb_badc260e
818,bb_bae9df21
819,bb_baeef9b4
820,bb_bb2bc14d
821,bb_bb3d1032
822,bb_bb47dc1e
823,bb_bb55f43e
824,bb_bb8e4ea7
825,bb_bbec2af9
826,bb_bc1c4539
827,bb_bc3e0944
828,bb_bca10532
829,bb_bd50faa0
830,bb_bd555eea
831,bb_bd895eec
832,bb_bd906989
833,bb_bd9bd652
834,bb_be42f9dd
835,bb_be441b76
836,bb_be99c652
837,bb_bee149db
838,bb_bf32021c
839,bb_bf34a9a2
840,bb_bf8ce427
841,bb_bfa3b349
842,bb_c007163f
843,bb_c0787180
844,bb_c0be7241
845,bb_c0e899a7
846,bb_c1321027
847,bb_c13602c3
848,bb_c1a62f00
849,bb_c1b19e38
850,bb_c1f6751c
851,bb_c20791ef
852,bb_c2255afb
853,bb_c2dea88b
854,bb_c2f48767
855,bb_c3126d2b
856,bb_c348a3b1
857,bb_c34b5ed5
858,bb_c35687cc
859,bb_c37ff4a7
860,bb_c3c59d39
861,bb_c4231e59
862,bb_c424e43c
863,bb_c43b64a3
864,bb_c47621b5
865,bb_c512cdcf
866,bb_c534da40
867,bb_c55e85fe
868,bb_c587ac05
869,bb_c5a08778
870,bb_c5fa4ed2
871,bb_c63cbfa9
872,bb_c6412ea0
873,bb_c6498ba8
874,bb_c6653688
875,bb_c6692ecd
876,bb_c6698383
877,bb_c67d061e
878,bb_c6a0afd8
879,bb_c6a15fe3
880,bb_c7658c11
881,bb_c7705393
882,bb_c77b454a
883,bb_c7a73a17
884,bb_c80e7b1b
885,bb_c847e379
886,bb_c8482282
887,bb_c869e5d2
888,bb_c86ae047
889,bb_c900a8f5
890,bb_c936b919
891,bb_c93a103c
892,bb_c9422012
893,bb_c944214c
894,bb_c9b3d3b7
895,bb_c9ea29aa
896,bb_c9fd725e
897,bb_ca110019
898,bb_ca7972c6
899,bb_ca9c728b
900,bb_cab56423
901,bb_cae35a6a
902,bb_caec535e
903,bb_cb71fc97
904,bb_cb77bc29
905,bb_cb8401ce
906,bb_cbc1d7ca
907,bb_cbe5e669
908,bb_cc262f24
909,bb_cc2e9a41
910,bb_cc385204
911,bb_cc558ba1
912,bb_cccf7263
913,bb_cccfac2e
914,bb_cd50d1b9
915,bb_cd54b7b5
916,bb_cdb1b8cc
917,bb_cdbba28a
918,bb_ce5d8bac
919,bb_ce6a8989
920,bb_ce7e9320
921,bb_ceadb1d4
922,bb_cec68758
923,bb_ced537a2
924,bb_cee4cc72
925,bb_cef1587c
926,bb_cf228e23
927,bb_cf5139bc
928,bb_cf5ea095
929,bb_cfde57da
930,bb_cfe79530
931,bb_d05e0029
932,bb_d0e4e6e5
933,bb_d15fbe96
934,bb_d179d70a
935,bb_d1dd4a47
936,bb_d26b92ec
937,bb_d2780a04
938,bb_d27d3611
939,bb_d2a5dae0
940,bb_d2c8bec3
941,bb_d2dd063e
942,bb_d318f779
943,bb_d33e87a9
944,bb_d3a86546
945,bb_d412281c
946,bb_d4397afb
947,bb_d48e7b90
948,bb_d4a86f1f
949,bb_d4e4661f
950,bb_d4e61c92
951,bb_d52ec601
952,bb_d538f3f6
953,bb_d5603baa
954,bb_d5666b61
955,bb_d569c2aa
956,bb_d58ae145
957,bb_d644dc58
958,bb_d65cb9b3
959,bb_d6647009
960,bb_d6ccd691
961,bb_d6d1671d
962,bb_d6f402ce
963,bb_d747b4e8
964,bb_d7523551
965,bb_d75f9e1b
966,bb_d7af3d63
967,bb_d7fda942
968,bb_d8236de4
969,bb_d869c128
970,bb_d88931e7
971,bb_d8b69a90
972,bb_d8f9c2f9
973,bb_d955f2df
974,bb_d97c812f
975,bb_d9a978af
976,bb_d9f8d1f6
977,bb_d9faa349
978,bb_da0a7a9f
979,bb_da4d307a
980,bb_da6d20bf
981,bb_da801aa7
982,bb_daa57cc9
983,bb_daaec658
984,bb_db1b7c22
985,bb_db3c2b1f
986,bb_db3ddf5e
987,bb_db82da48
988,bb_db892378
989,bb_db8ef1e4
990,bb_dbdc6527
991,bb_dc066496
992,bb_dc523c8a
993,bb_dc724e0b
994,bb_dca964f4
995,bb_dcd03940
996,bb_dcd6c3ca
997,bb_dcdfa08b
998,bb_dce4881c
999,bb_dcf8f629
1000,bb_dcfd9135
1001,bb_dd2c58f1
1002,bb_ddcc27c9
1003,bb_de0f7f58
1004,bb_de715f16
1005,bb_de73596c
1006,bb_dea040a5
1007,bb_defe6aa6
1008,bb_df282d7a
1009,bb_df387ccd
1010,bb_df960f64
1011,bb_dfd21040
1012,bb_e01ffcd1
1013,bb_e02e027f
1014,bb_e0670211
1015,bb_e08fdf15
1016,bb_e1019bd3
1017,bb_e102a04d
1018,bb_e11e8298
1019,bb_e1551a7f
1020,bb_e1657dab
1021,bb_e1c4ec07
1022,bb_e1c916e6
1023,bb_e1e526d3
1024,bb_e1e8686b
1025,bb_e24af607
1026,bb_e2682cdd
1027,bb_e33bcba0
1028,bb_e365d847
1029,bb_e375bed2
1030,bb_e3a94dfc
1031,bb_e3c6cf15
1032,bb_e43b05ca
1033,bb_e43f13e6
1034,bb_e455e60d
1035,bb_e46c5c0e
1036,bb_e4759849
1037,bb_e479f946
1038,bb_e4928c9c
1039,bb_e4ee828a
1040,bb_e4f0adde
1041,bb_e5327053
1042,bb_e5397450
1043,bb_e53fee86
1044,bb_e5a3b717
1045,bb_e5b4b138
1046,bb_e6188007
1047,bb_e6258d55
1048,bb_e65bb300
1049,bb_e67688de
1050,bb_e6812ad1
1051,bb_e6b3b0a6
1052,bb_e6d50232
1053,bb_e6d8ae7d
1054,bb_e7526356
1055,bb_e764ee7a
1056,bb_e7accba0
1057,bb_e7f7c71e
1058,bb_e83c678c
1059,bb_e8a22174
1060,bb_e8e4cc54
1061,bb_e8e5b3d9
1062,bb_e8fbc645
1063,bb_e903cec3
1064,bb_e90cebb3
1065,bb_e910e22a
1066,bb_e929e26d
1067,bb_e961b174
1068,bb_e966048f
1069,bb_e9796fd2
1070,bb_e9879ab4
1071,bb_ea05af0c
1072,bb_ea1d7f8e
1073,bb_ea5b9a15
1074,bb_ea92ad7c
1075,bb_ea9312b6
1076,bb_eaa36592
1077,bb_eabc9b08
1078,bb_eace1902
1079,bb_eae6e147
1080,bb_ebca6ef9
1081,bb_ec2e021f
1082,bb_ec38f3b5
1083,bb_ec58dfb1
1084,bb_ec6770f8
1085,bb_ec741d19
1086,bb_ec97d708
1087,bb_ecb4cea8
1088,bb_ece24015
1089,bb_ed7f638a
1090,bb_edca9c6c
1091,bb_ee03ae79
1092,bb_ee86f2d8
1093,bb_eea9d25a
1094,bb_eeae33f7
1095,bb_eec88f3a
1096,bb_eedb5c22
1097,bb_eeeef996
1098,bb_eefb6c21
1099,bb_ef275771
1100,bb_ef8f9d74
1101,bb_f00a736c
1102,bb_f0886f6a
1103,bb_f0a3fe0e
1104,bb_f0c7076b
1105,bb_f0e29417
1106,bb_f12926cf
1107,bb_f139325b
1108,bb_f1441746
1109,bb_f167a5a0
1110,bb_f16a0b8d
1111,bb_f16a93f2
1112,bb_f2878e68
1113,bb_f2c32400
1114,bb_f2e59c84
1115,bb_f3293498
1116,bb_f3be536f
1117,bb_f3c5ac42
1118,bb_f3e7d22c
1119,bb_f3fccef8
1120,bb_f461584e
1121,bb_f4d13a64
1122,bb_f4fa518f
1123,bb_f50e7319
1124,bb_f513bc68
1125,bb_f5180a83
1126,bb_f52605ef
1127,bb_f53c06f0
1128,bb_f5458384
1129,bb_f57d6593
1130,bb_f5bbdb28
1131,bb_f5d277a9
1132,bb_f5f72d39
1133,bb_f63c2f50
1134,bb_f69d0929
1135,bb_f6d019b7
1136,bb_f6e68593
1137,bb_f73fbe14
1138,bb_f76c1e89
1139,bb_f795a214
1140,bb_f7ab811d
1141,bb_f7b2370f
1142,bb_f7b77f5c
1143,bb_f825454b
1144,bb_f83e05d4
1145,bb_f857c77b
1146,bb_f878fe2f
1147,bb_f8df1c57
1148,bb_f8e7ccd0
1149,bb_f8f2c838
1150,bb_f9aaef09
1151,bb_fa048cb6
1152,bb_fa8af7a6
1153,bb_fad9e9f3
1154,bb_faf08597
1155,bb_fb2339a0
1156,bb_fb431a2a
1157,bb_fb50b270
1158,bb_fb6b8c2e
1159,bb_fb77aea1
1160,bb_fb98585e
1161,bb_fba85bf5
1162,bb_fbbd1bb3
1163,bb_fc1ddd4d
1164,bb_fc6b0ae5
1165,bb_fc7a8aed
1166,bb_fcb0963d
1167,bb_fceb016e
1168,bb_fcfcda86
1169,bb_fcfef7e9
1170,bb_fd4cb294
1171,bb_fd90197f
1172,bb_fe53fd66
1173,bb_fe5d05d4
1174,bb_fe68850c
1175,bb_fedeacdf
1176,bb_fee5cb11
1177,bb_fef8ab06
1178,bb_fefafaf3
1179,bb_ff044ab9
1180,bb_ff23c6ab
1181,bb_ff93d08d
1182,bb_ffb0f75f
1183,bb_ffd8ff77
1184,bb_ffebe257
1185,berlin_000e7e2d
1186,berlin_0030df5c
1187,berlin_0039f82f
1188,berlin_003fd5b6
1189,berlin_004779f3
1190,berlin_007f73e6
1191,berlin_00ac4a73
1192,berlin_00ae9765
1193,berlin_00c86e59
1194,berlin_00cb2ae0
1195,berlin_00ece294
1196,berlin_00f2e47b
1197,berlin_00f89dde
1198,berlin_00ff5826
1199,berlin_010a223b
1200,berlin_0110cb6c
1201,berlin_01266331
1202,berlin_0132452f
1203,berlin_016b171d
1204,berlin_0176a544
1205,berlin_0192ed23
1206,berlin_01a04e1d
1207,berlin_01a97475
1208,berlin_01a9fe53
1209,berlin_01b2cb61
1210,berlin_01bf3758
1211,berlin_01c119fd
1212,berlin_01d7af44
1213,berlin_01df3803
1214,berlin_01ebe671
1215,berlin_01efd689
1216,berlin_01f033cd
1217,berlin_020eca5c
1218,berlin_0276529b
1219,berlin_027cc694
1220,berlin_02886776
1221,berlin_02ac7f1f
1222,berlin_02cea15a
1223,berlin_02de7c1d
1224,berlin_02e21a8f
1225,berlin_02f04479
1226,berlin_0335d37c
1227,berlin_0343727b
1228,berlin_038b2fcc
1229,berlin_03b6e2ea
1230,berlin_03bbf650
1231,berlin_03c9ee87
1232,berlin_03ce2e2a
1233,berlin_03e401b2
1234,berlin_03e469ed
1235,berlin_03ebf74d
1236,berlin_04105d88
1237,berlin_04117319
1238,berlin_041e5548
1239,berlin_041f322f
1240,berlin_0422c498
1241,berlin_0431ceb5
1242,berlin_045f1542
1243,berlin_0470596c
1244,berlin_048261d1
1245,berlin_049b9052
1246,berlin_04a3fdc9
1247,berlin_04b0a66f
1248,berlin_04b72f6f
1249,berlin_04bb9e7e
1250,berlin_04e82b25
1251,berlin_04e91ad0
1252,berlin_05007ab5
1253,berlin_05070a28
1254,berlin_051ffb7f
1255,berlin_0525ba45
1256,berlin_0535bc45
1257,berlin_054bc17c
1258,berlin_055a3f18
1259,berlin_0564c9c1
1260,berlin_05766c29
1261,berlin_0594132f
1262,berlin_05a9d2a2
1263,berlin_05ae5e21
1264,berlin_05b7a36a
1265,berlin_05b8b3eb
1266,berlin_05f38aaf
1267,berlin_0616e340
1268,berlin_063e077d
1269,berlin_064adbec
1270,berlin_06539031
1271,berlin_068d13a5
1272,berlin_068f0f07
1273,berlin_06987adf
1274,berlin_06b5b4cc
1275,berlin_06c3e1f2
1276,berlin_06cb08dd
1277,berlin_06e5bdb9
1278,berlin_06f2a358
1279,berlin_06f710f7
1280,berlin_07054532
1281,berlin_071f7d51
1282,berlin_0736e182
1283,berlin_0746061a
1284,berlin_074b9edc
1285,berlin_0752e32b
1286,berlin_075d7acc
1287,berlin_076dc7a2
1288,berlin_079930db
1289,berlin_079de810
1290,berlin_07a5d80e
1291,berlin_07b59679
1292,berlin_07bb0878
1293,berlin_07bc33b3
1294,berlin_07cfda56
1295,berlin_07d02257
1296,berlin_07d9c1a8
1297,berlin_07ec5c83
1298,berlin_07f2ce39
1299,berlin_08041c40
1300,berlin_081797bd
1301,berlin_082354ea
1302,berlin_082db8a4
1303,berlin_0833e222
1304,berlin_083585d1
1305,berlin_084076e5
1306,berlin_08462df8
1307,berlin_086a4ee2
1308,berlin_0885d79c
1309,berlin_0890f8f9
1310,berlin_0894a106
1311,berlin_089e773d
1312,berlin_08a6c38a
1313,berlin_08b961fc
1314,berlin_08ba893a
1315,berlin_08c48d93
1316,berlin_08d13a9d
1317,berlin_08da9857
1318,berlin_08f710af
1319,berlin_091241b0
1320,berlin_091882ff
1321,berlin_092b793e
1322,berlin_093800be
1323,berlin_093abb82
1324,berlin_096a334f
1325,berlin_09815849
1326,berlin_0992dc70
1327,berlin_0993b327
1328,berlin_099451dd
1329,berlin_09949717
1330,berlin_099590e3
1331,berlin_0998f9e7
1332,berlin_09aa7c2d
1333,berlin_0a021410
1334,berlin_0a2fc8c1
1335,berlin_0a312164
1336,berlin_0a734da4
1337,berlin_0a78f4e0
1338,berlin_0a81b897
1339,berlin_0a991018
1340,berlin_0a9c869b
1341,berlin_0a9f2c17
1342,berlin_0ab10677
1343,berlin_0aeb5d9e
1344,berlin_0aec966c
1345,berlin_0b049634
1346,berlin_0b1a553c
1347,berlin_0b1fa2dc
1348,berlin_0b2d9b67
1349,berlin_0b55073c
1350,berlin_0b85b49d
1351,berlin_0bc0fcf0
1352,berlin_0bc24abd
1353,berlin_0c091c83
1354,berlin_0c39e0bf
1355,berlin_0c55fb1b
1356,berlin_0c5b799d
1357,berlin_0c7305d1
1358,berlin_0c9f35a3
1359,berlin_0cb1b2d9
1360,berlin_0cda325f
1361,berlin_0ce68d7d
1362,berlin_0ceed90c
1363,berlin_0cef4f3c
1364,berlin_0cf4930e
1365,berlin_0cf4f60b
1366,berlin_0d095e2d
1367,berlin_0d09cadd
1368,berlin_0d14206e
1369,berlin_0d966454
1370,berlin_0d98cc98
1371,berlin_0d998712
1372,berlin_0db8ec49
1373,berlin_0dba2883
1374,berlin_0dbb1316
1375,berlin_0dbf48af
1376,berlin_0dea2543
1377,berlin_0e012b85
1378,berlin_0e059512
1379,berlin_0e21a63f
1380,berlin_0e25754b
1381,berlin_0e2901a5
1382,berlin_0e302b9a
1383,berlin_0e601024
1384,berlin_0e61425a
1385,berlin_0e6801e9
1386,berlin_0e9886a0
1387,berlin_0ea238e9
1388,berlin_0ec5d0b2
1389,berlin_0ed9bc83
1390,berlin_0ef5e199
1391,berlin_0f099d8b
1392,berlin_0f18e67c
1393,berlin_0f2dadc4
1394,berlin_0f7b99cf
1395,berlin_0f8695a1
1396,berlin_0fa04c1b
1397,berlin_0fa7a7da
1398,berlin_0fb57d74
1399,berlin_0fcb1d6a
1400,berlin_0fd08fec
1401,berlin_0fd153ad
1402,berlin_0fd571e6
1403,berlin_0fda4473
1404,berlin_0fdb8558
1405,berlin_0fe4185a
1406,berlin_0fe61249
1407,berlin_0ff200f8
1408,berlin_10074299
1409,berlin_1010ba08
1410,berlin_10117056
1411,berlin_102b08ac
1412,berlin_1034d3fc
1413,berlin_104630d1
1414,berlin_1047d83c
1415,berlin_105351c9
1416,berlin_1058a8dc
1417,berlin_106b5a1b
1418,berlin_107a53a2
1419,berlin_10846b23
1420,berlin_10c7963b
1421,berlin_10cea043
1422,berlin_10e323b7
1423,berlin_1118e772
1424,berlin_112be5db
1425,berlin_114fd1fe
1426,berlin_115ec09f
1427,berlin_1180fe60
1428,berlin_11e9513c
1429,berlin_121855a0
1430,berlin_121cf57f
1431,berlin_1228af66
1432,berlin_122ddbc9
1433,berlin_125e9e8c
1434,berlin_1260a990
1435,berlin_1264da41
1436,berlin_126b5c31
1437,berlin_126e76a9
1438,berlin_128d877b
1439,berlin_129b916c
1440,berlin_12b049e9
1441,berlin_12b2a5c3
1442,berlin_12b4fd22
1443,berlin_1301b68b
1444,berlin_13146f0d
1445,berlin_131a6054
1446,berlin_131cee93
1447,berlin_134b9642
1448,berlin_135ab8dc
1449,berlin_1365e101
1450,berlin_13761de7
1451,berlin_137db93a
1452,berlin_13805e49
1453,berlin_1381ddc4
1454,berlin_13971a85
1455,berlin_13ecb5a9
1456,berlin_13ed799a
1457,berlin_13f53fcb
1458,berlin_1420c16f
1459,berlin_142cefd8
1460,berlin_1433ea81
1461,berlin_1457110a
1462,berlin_146264da
1463,berlin_146d558d
1464,berlin_14ac2cfd
1465,berlin_14ae76a1
1466,berlin_14ba4a3e
1467,berlin_14c5dccd
1468,berlin_14d4c912
1469,berlin_14de3e83
1470,berlin_14ded3ea
1471,berlin_14f1fd6a
1472,berlin_14f42914
1473,berlin_14fbb4ce
1474,berlin_1503e8f5
1475,berlin_1506ed98
1476,berlin_1508c10f
1477,berlin_150cd420
1478,berlin_15117efc
1479,berlin_15160565
1480,berlin_1535db03
1481,berlin_15450d15
1482,berlin_15558dc7
1483,berlin_155bc8e0
1484,berlin_1560c345
1485,berlin_15679659
1486,berlin_156ffc7f
1487,berlin_158422c4
1488,berlin_15950c46
1489,berlin_15a6df23
1490,berlin_15b38a2f
1491,berlin_15b46c34
1492,berlin_15c0e85a
1493,berlin_15c8435d
1494,berlin_15e76f00
1495,berlin_16352f61
1496,berlin_16382aae
1497,berlin_16384914
1498,berlin_1649b0e9
1499,berlin_164fbff7
1500,berlin_165f7ed6
1501,berlin_1665f445
1502,berlin_1688a1cc
1503,berlin_168a4829
1504,berlin_168bafbb
1505,berlin_168fd9e7
1506,berlin_16a2b942
1507,berlin_16a7801d
1508,berlin_16a7af7f
1509,berlin_16b44258
1510,berlin_16d28f28
1511,berlin_16ec4ffd
1512,berlin_1700c588
1513,berlin_1705c1d4
1514,berlin_17115f07
1515,berlin_17123bf4
1516,berlin_1720da01
1517,berlin_1735dacc
1518,berlin_17385fb6
1519,berlin_17517169
1520,berlin_1767c3fd
1521,berlin_178a615b
1522,berlin_17a14895
1523,berlin_17a39f16
1524,berlin_17c2f90e
1525,berlin_17c4132c
1526,berlin_17dbba1d
1527,berlin_17f49af0
1528,berlin_17f4abaf
1529,berlin_180a716c
1530,berlin_1810ebfd
1531,berlin_1819f370
1532,berlin_183de968
1533,berlin_183eea64
1534,berlin_184b324b
1535,berlin_185a6336
1536,berlin_1867999e
1537,berlin_18735a63
1538,berlin_1888346d
1539,berlin_1893bcd8
1540,berlin_18963290
1541,berlin_18c4ef56
1542,berlin_18c8a7eb
1543,berlin_18de6ee2
1544,berlin_18fd8c13
1545,berlin_191901dc
1546,berlin_191fca35
1547,berlin_1922a17d
1548,berlin_1927322c
1549,berlin_192789b0
1550,berlin_192bd851
1551,berlin_1930cb2c
1552,berlin_19599823
1553,berlin_196ab3b0
1554,berlin_19807b9e
1555,berlin_1981ce8d
1556,berlin_1987c127
1557,berlin_19b51b33
1558,berlin_19ccf4d8
1559,berlin_19cfcd63
1560,berlin_19e81c54
1561,berlin_19ef5579
1562,berlin_1a044f26
1563,berlin_1a0bc4a5
1564,berlin_1a22545c
1565,berlin_1a27fdff
1566,berlin_1a2d7c91
1567,berlin_1a300cc8
1568,berlin_1a3fac08
1569,berlin_1a47e67b
1570,berlin_1a4be3c6
1571,berlin_1a613362
1572,berlin_1a633578
1573,berlin_1a656d17
1574,berlin_1a6d3e74
1575,berlin_1a84e406
1576,berlin_1a8690b0
1577,berlin_1a8edc90
1578,berlin_1aa9befe
1579,berlin_1ab8002b
1580,berlin_1ac66a88
1581,berlin_1adf8aca
1582,berlin_1ae3e3be
1583,berlin_1aefc1a6
1584,berlin_1afa877f
1585,berlin_1b0c98a9
1586,berlin_1b1b427e
1587,berlin_1b3c4ed4
1588,berlin_1b438b7c
1589,berlin_1b84a8bd
1590,berlin_1b906b3b
1591,berlin_1b9e15da
1592,berlin_1bac9616
1593,berlin_1bb4df1d
1594,berlin_1bb749dc
1595,berlin_1bc911c4
1596,berlin_1bc9adf0
1597,berlin_1bcbc8cb
1598,berlin_1bd38688
1599,berlin_1bf0abc1
1600,berlin_1c099dc8
1601,berlin_1c0fae99
1602,berlin_1c10b3a6
1603,berlin_1c1de40c
1604,berlin_1c327304
1605,berlin_1c39d2c6
1606,berlin_1c56ba81
1607,berlin_1c83bbe8
1608,berlin_1c900ddf
1609,berlin_1c9026ef
1610,berlin_1c904c8e
1611,berlin_1cb0d971
1612,berlin_1ce270c8
1613,berlin_1cfe1078
1614,berlin_1d18177f
1615,berlin_1d1ce332
1616,berlin_1d2f565a
1617,berlin_1d399251
1618,berlin_1d530f06
1619,berlin_1d65b593
1620,berlin_1d664b68
1621,berlin_1d6c6764
1622,berlin_1da10de0
1623,berlin_1dab657e
1624,berlin_1daffff9
1625,berlin_1db03742
1626,berlin_1df4b1b9
1627,berlin_1e1654ea
1628,berlin_1e212539
1629,berlin_1e384c7c
1630,berlin_1e461a83
1631,berlin_1e6334a7
1632,berlin_1e6e2a2e
1633,berlin_1e8d284f
1634,berlin_1e92e372
1635,berlin_1eb5ebdf
1636,berlin_1ebccf49
1637,berlin_1ebfe283
1638,berlin_1ec0205b
1639,berlin_1ed07341
1640,berlin_1eefe639
1641,berlin_1ef7e1e4
1642,berlin_1f01fb48
1643,berlin_1f17ccfa
1644,berlin_1f1a2af7
1645,berlin_1f285147
1646,berlin_1f370b18
1647,berlin_1f484dfa
1648,berlin_1f4de010
1649,berlin_1f540ef9
1650,berlin_1f595c3b
1651,berlin_1f5cd089
1652,berlin_1f5ff62e
1653,berlin_1f705c63
1654,berlin_1f8bf568
1655,berlin_1f9f66e2
1656,berlin_1faad30a
1657,berlin_1fb0ecda
1658,berlin_1fb51f5b
1659,berlin_1fba29a5
1660,berlin_1fcac3fb
1661,berlin_1fceee02
1662,berlin_1fd120b6
1663,berlin_1fe11912
1664,berlin_1ff5ae4e
1665,berlin_2009d6dd
1666,berlin_200ebbbc
1667,berlin_2029091b
1668,berlin_20298562
1669,berlin_203a46d9
1670,berlin_203d896b
1671,berlin_205419b5
1672,berlin_206612a9
1673,berlin_206ac7bb
1674,berlin_2072be78
1675,berlin_2076dcd3
1676,berlin_207de4c8
1677,berlin_208c546c
1678,berlin_2092cc0e
1679,berlin_20951251
1680,berlin_209ca886
1681,berlin_209e6f8e
1682,berlin_20a4eefe
1683,berlin_20b2331b
1684,berlin_20b3fb92
1685,berlin_20b49ed8
1686,berlin_20be7e5a
1687,berlin_20d04a90
1688,berlin_20e2de13
1689,berlin_20e8306f
1690,berlin_20f298f5
1691,berlin_20f494c0
1692,berlin_2103ee31
1693,berlin_21129b3f
1694,berlin_2119ccc7
1695,berlin_211e283c
1696,berlin_21463dbb
1697,berlin_214fc115
1698,berlin_2163278e
1699,berlin_217b1677
1700,berlin_217dadb9
1701,berlin_218d0c71
1702,berlin_21d661ac
1703,berlin_21dc7b5a
1704,berlin_21f11962
1705,berlin_21f230f5
1706,berlin_21f8a8c9
1707,berlin_220c62e3
1708,berlin_2210a775
1709,berlin_221baca8
1710,berlin_22596a02
1711,berlin_225aea79
1712,berlin_227a74fc
1713,berlin_2296e01c
1714,berlin_229af768
1715,berlin_229ea435
1716,berlin_22ad688d
1717,berlin_22b1c4b2
1718,berlin_22c4a785
1719,berlin_22d08373
1720,berlin_22d53e7d
1721,berlin_22db9f07
1722,berlin_22ee4414
1723,berlin_22f249a1
1724,berlin_2305a91e
1725,berlin_2307d6ed
1726,berlin_2318ba91
1727,berlin_2322aa12
1728,berlin_232fc242
1729,berlin_233155ed
1730,berlin_2347746e
1731,berlin_234a547c
1732,berlin_234ad0c7
1733,berlin_2368503f
1734,berlin_236c4e9c
1735,berlin_238f7ef8
1736,berlin_23ac144b
1737,berlin_23b11820
1738,berlin_23b388e6
1739,berlin_23ba9af0
1740,berlin_23c8480c
1741,berlin_23d0e169
1742,berlin_23eed298
1743,berlin_24169c18
1744,berlin_24181769
1745,berlin_2442856a
1746,berlin_2443fb2c
1747,berlin_244e456e
1748,berlin_2450276d
1749,berlin_2450e563
1750,berlin_2455af3e
1751,berlin_24665bc2
1752,berlin_247591f7
1753,berlin_24898ef8
1754,berlin_2494f650
1755,berlin_249de25d
1756,berlin_24a3a42e
1757,berlin_24c92d09
1758,berlin_24d001ba
1759,berlin_24d388ae
1760,berlin_24e300f8
1761,berlin_24eec522
1762,berlin_250559cc
1763,berlin_251fa8af
1764,berlin_25237be0
1765,berlin_252cf863
1766,berlin_25404eb9
1767,berlin_254b0e43
1768,berlin_254f9a11
1769,berlin_259098d7
1770,berlin_25b17288
1771,berlin_25c74e9f
1772,berlin_25d4a5b4
1773,berlin_25ef2433
1774,berlin_25fd973f
1775,berlin_2602d45c
1776,berlin_261a5d2e
1777,berlin_262aa60e
1778,berlin_264fad67
1779,berlin_26500f06
1780,berlin_265dd6a0
1781,berlin_26614fc6
1782,berlin_26632d1c
1783,berlin_2665ff99
1784,berlin_266a390b
1785,berlin_266db6d3
1786,berlin_26905560
1787,berlin_2697b3fd
1788,berlin_26d0eabe
1789,berlin_270f619c
1790,berlin_2730c798
1791,berlin_2732da39
1792,berlin_2740f31e
1793,berlin_27450d08
1794,berlin_27721c7f
1795,berlin_2794e9ad
1796,berlin_27a87810
1797,berlin_27ab1a25
1798,berlin_27aefdc6
1799,berlin_27bfd6b6
1800,berlin_27e3effd
1801,berlin_27f4ff22
1802,berlin_280a5afc
1803,berlin_280b4c3f
1804,berlin_283e2ba6
1805,berlin_2843ebbe
1806,berlin_284914ff
1807,berlin_2855c5df
1808,berlin_2864a06d
1809,berlin_286ad050
1810,berlin_286f6a09
1811,berlin_287d834b
1812,berlin_288923bc
1813,berlin_28918ca1
1814,berlin_28a7ccd4
1815,berlin_28ad6224
1816,berlin_28b43bd3
1817,berlin_28d7f18f
1818,berlin_28da0e46
1819,berlin_28fe44b1
1820,berlin_2910beb9
1821,berlin_29193269
1822,berlin_29522278
1823,berlin_2955f0d4
1824,berlin_2955ff56
1825,berlin_2958e888
1826,berlin_295e1065
1827,berlin_2993560d
1828,berlin_29a9f578
1829,berlin_29e4d6ff
1830,berlin_29f0bf54
1831,berlin_29fa10e1
1832,berlin_2a006f97
1833,berlin_2a20b38f
1834,berlin_2a2f3679
1835,berlin_2a328db3
1836,berlin_2a32db7d
1837,berlin_2a60bdf6
1838,berlin_2a8b17ab
1839,berlin_2a97108b
1840,berlin_2ac37f70
1841,berlin_2ac64434
1842,berlin_2ac77982
1843,berlin_2acbcf87
1844,berlin_2ad4322c
1845,berlin_2ae23654
1846,berlin_2ae39cd2
1847,berlin_2af92dcf
1848,berlin_2b016116
1849,berlin_2b1eab50
1850,berlin_2b895e87
1851,berlin_2bd3b0bf
1852,berlin_2bdb43e0
1853,berlin_2be47505
1854,berlin_2bf3c44e
1855,berlin_2bf86bc6
1856,berlin_2c01a362
1857,berlin_2c2de2ae
1858,berlin_2c40ab9e
1859,berlin_2c4142b1
1860,berlin_2c473ead
1861,berlin_2c4cfde5
1862,berlin_2c532e98
1863,berlin_2c58ad83
1864,berlin_2c5d8eaa
1865,berlin_2c5f3893
1866,berlin_2c847543
1867,berlin_2c8e3692
1868,berlin_2c91ce34
1869,berlin_2ca3e7a1
1870,berlin_2ca86bb0
1871,berlin_2cb775d6
1872,berlin_2cd16e58
1873,berlin_2cd3a97c
1874,berlin_2ce2151e
1875,berlin_2ce227e7
1876,berlin_2d26ae79
1877,berlin_2d424ed8
1878,berlin_2d448dbe
1879,berlin_2d463aee
1880,berlin_2d52882a
1881,berlin_2d62fb1c
1882,berlin_2d986d45
1883,berlin_2dafc9ca
1884,berlin_2db4d4be
1885,berlin_2db98107
1886,berlin_2dc53630
1887,berlin_2dc5fe20
1888,berlin_2dde0b0d
1889,berlin_2df240dc
1890,berlin_2df9b04b
1891,berlin_2e070cee
1892,berlin_2e324a5e
1893,berlin_2e3389d5
1894,berlin_2e4d1ee9
1895,berlin_2e4e567a
1896,berlin_2e6f177a
1897,berlin_2e7dcc43
1898,berlin_2e942bd9
1899,berlin_2eb51b48
1900,berlin_2eb68c25
1901,berlin_2ec4c8b4
1902,berlin_2ec4ddd8
1903,berlin_2ecf759e
1904,berlin_2ed7f97f
1905,berlin_2ef152ea
1906,berlin_2ef2a1b1
1907,berlin_2ef387b9
1908,berlin_2ef54a3f
1909,berlin_2ef60e61
1910,berlin_2f12e477
1911,berlin_2f289ad6
1912,berlin_2f29998e
1913,berlin_2f3af56a
1914,berlin_2f3cb101
1915,berlin_2f41d63f
1916,berlin_2f4aa809
1917,berlin_2f53e1ce
1918,berlin_2f8251ea
1919,berlin_2f9fa129
1920,berlin_2fac9d36
1921,berlin_2fc0420e
1922,berlin_2fc8f2c6
1923,berlin_2fcdb985
1924,berlin_2fd72a64
1925,berlin_2fea8dd5
1926,berlin_30061528
1927,berlin_30163adc
1928,berlin_3026e5ba
1929,berlin_3047d3b7
1930,berlin_304ea086
1931,berlin_3054bc59
1932,berlin_30574755
1933,berlin_30688c16
1934,berlin_307c7960
1935,berlin_3083e652
1936,berlin_308c865f
1937,berlin_3095d297
1938,berlin_30a1eb6d
1939,berlin_30a8e0c7
1940,berlin_30b640d3
1941,berlin_30bd0e0e
1942,berlin_30be1079
1943,berlin_30cb73dd
1944,berlin_31035059
1945,berlin_3105c58b
1946,berlin_31224f8e
1947,berlin_31286cc4
1948,berlin_31429a49
1949,berlin_31541b24
1950,berlin_31559bd2
1951,berlin_3174c3c5
1952,berlin_31822235
1953,berlin_31bb3013
1954,berlin_31f2d82b
1955,berlin_31f532b0
1956,berlin_31f92079
1957,berlin_31fad814
1958,berlin_3217a017
1959,berlin_32319c5d
1960,berlin_323a9084
1961,berlin_3240d31d
1962,berlin_3243c010
1963,berlin_32593692
1964,berlin_325a0201
1965,berlin_325fcc3b
1966,berlin_3275704b
1967,berlin_32a3a17a
1968,berlin_32d76c78
1969,berlin_3302c10b
1970,berlin_332a0398
1971,berlin_33330971
1972,berlin_333b4082
1973,berlin_33566696
1974,berlin_33568b6f
1975,berlin_336087d5
1976,berlin_33671d00
1977,berlin_337ae4a9
1978,berlin_33bc164c
1979,berlin_33d7a195
1980,berlin_33ebec51
1981,berlin_33f48671
1982,berlin_340a99a3
1983,berlin_341506f6
1984,berlin_341dab96
1985,berlin_3428b89a
1986,berlin_3429d4c2
1987,berlin_3433c883
1988,berlin_344a2a50
1989,berlin_347c7f6b
1990,berlin_347d9703
1991,berlin_348861ad
1992,berlin_349175af
1993,berlin_34991c40
1994,berlin_34a7e197
1995,berlin_34e2c85e
1996,berlin_351d68c5
1997,berlin_352fc236
1998,berlin_35357c80
1999,berlin_35387e40
2000,berlin_354a371c
2001,berlin_355c9421
2002,berlin_3573f0e9
2003,berlin_357980dc
2004,berlin_3590dbd1
2005,berlin_35998ea5
2006,berlin_35a02692
2007,berlin_35a37e29
2008,berlin_35cb199c
2009,berlin_35dce125
2010,berlin_35e1b6b0
2011,berlin_35e55cfe
2012,berlin_360f35ac
2013,berlin_36109226
2014,berlin_36231ac0
2015,berlin_362562eb
2016,berlin_362b7b47
2017,berlin_36316f19
2018,berlin_3637836a
2019,berlin_36415283
2020,berlin_365026c8
2021,berlin_3655b538
2022,berlin_3655db39
2023,berlin_365c260c
2024,berlin_36637827
2025,berlin_36658be7
2026,berlin_3667b978
2027,berlin_367b1aa3
2028,berlin_368257e9
2029,berlin_36b5c06b
2030,berlin_36be99a4
2031,berlin_36c83e17
2032,berlin_36cedf30
2033,berlin_36cfbff7
2034,berlin_36e72882
2035,berlin_36f31dbf
2036,berlin_36f83dde
2037,berlin_36fa4c54
2038,berlin_37251c7c
2039,berlin_375208da
2040,berlin_375769ab
2041,berlin_3758ca17
2042,berlin_376dff09
2043,berlin_37775524
2044,berlin_37866283
2045,berlin_37920ec1
2046,berlin_37a11089
2047,berlin_37a567b4
2048,berlin_37cce8f5
2049,berlin_37e45884
2050,berlin_37e59c88
2051,berlin_37eb4ec3
2052,berlin_38005073
2053,berlin_38233cd7
2054,berlin_3829af50
2055,berlin_384fcf78
2056,berlin_387aad02
2057,berlin_3889f1da
2058,berlin_38b3e31f
2059,berlin_38d00725
2060,berlin_38f81c8a
2061,berlin_3902f82f
2062,berlin_3934ba7d
2063,berlin_3947edce
2064,berlin_394ea34e
2065,berlin_395c242b
2066,berlin_397e9b8d
2067,berlin_399a4378
2068,berlin_39a19657
2069,berlin_39aa7982
2070,berlin_39aae0ff
2071,berlin_39ac3e32
2072,berlin_39af1260
2073,berlin_39c02759
2074,berlin_39c305a7
2075,berlin_39d4043b
2076,berlin_39db055c
2077,berlin_39dfce37
2078,berlin_39ea99dc
2079,berlin_39eca700
2080,berlin_3a05b750
2081,berlin_3a0673f9
2082,berlin_3a2019e9
2083,berlin_3a30c514
2084,berlin_3a3a2098
2085,berlin_3a56270a
2086,berlin_3a6b0f37
2087,berlin_3a728ee4
2088,berlin_3a8ad6be
2089,berlin_3a97ae26
2090,berlin_3abc965e
2091,berlin_3ad943c5
2092,berlin_3adb5bd7
2093,berlin_3ae77cb4
2094,berlin_3aeda878
2095,berlin_3af44f79
2096,berlin_3af5081d
2097,berlin_3b0d769c
2098,berlin_3b227fa9
2099,berlin_3b262920
2100,berlin_3b37d7c2
2101,berlin_3b3d8fba
2102,berlin_3b50b1a5
2103,berlin_3b86d741
2104,berlin_3b8d2e49
2105,berlin_3b9363e0
2106,berlin_3ba0d29a
2107,berlin_3baf2a7b
2108,berlin_3bb3f2dc
2109,berlin_3be085cb
2110,berlin_3bf1a269
2111,berlin_3bf3d94c
2112,berlin_3c1e8ac5
2113,berlin_3c2ba652
2114,berlin_3c3267ec
2115,berlin_3c374dd5
2116,berlin_3c414fc2
2117,berlin_3c473453
2118,berlin_3c64a17a
2119,berlin_3c68ea30
2120,berlin_3c79bfe3
2121,berlin_3c818229
2122,berlin_3c858595
2123,berlin_3c90b9fd
2124,berlin_3ca6e751
2125,berlin_3cb33917
2126,berlin_3cb3ae0c
2127,berlin_3cb8b7d7
2128,berlin_3ccdfac1
2129,berlin_3ce93e9d
2130,berlin_3ced4fb6
2131,berlin_3cf0d09e
2132,berlin_3cfe8ee6
2133,berlin_3d10a5d5
2134,berlin_3d30e3c7
2135,berlin_3d3108c1
2136,berlin_3d6b8931
2137,berlin_3d6cd68a
2138,berlin_3d883951
2139,berlin_3daf9b4c
2140,berlin_3dbbe218
2141,berlin_3dbc0467
2142,berlin_3dc3447e
2143,berlin_3dcb17fa
2144,berlin_3dcd292f
2145,berlin_3dfb5915
2146,berlin_3e25111f
2147,berlin_3e269105
2148,berlin_3e37a413
2149,berlin_3e55db94
2150,berlin_3e64815f
2151,berlin_3e71a507
2152,berlin_3e7ddf10
2153,berlin_3e7efb06
2154,berlin_3e8afcce
2155,berlin_3e919775
2156,berlin_3e96c496
2157,berlin_3ea0eb0d
2158,berlin_3ea72ea9
2159,berlin_3ed2ec33
2160,berlin_3efa455e
2161,berlin_3f04dd04
2162,berlin_3f1bc9e7
2163,berlin_3f481d2b
2164,berlin_3f49a697
2165,berlin_3f5332b3
2166,berlin_3f616364
2167,berlin_3f8d763f
2168,berlin_3f8e34b7
2169,berlin_3fa03c61
2170,berlin_3fa37a25
2171,berlin_3fac872d
2172,berlin_3fbc9136
2173,berlin_3fd97783
2174,berlin_3fdc63e8
2175,berlin_3fe735e8
2176,berlin_3febec71
2177,berlin_4008f64f
2178,berlin_40325ba9
2179,berlin_40455547
2180,berlin_40480e25
2181,berlin_404e304f
2182,berlin_404f9eac
2183,berlin_405162f8
2184,berlin_40610faa
2185,berlin_407a3328
2186,berlin_409ceff9
2187,berlin_40c13d76
2188,berlin_40cc29d8
2189,berlin_40d261a3
2190,berlin_40d28760
2191,berlin_40d8cf7f
2192,berlin_40e6a66a
2193,berlin_40f5a0d9
2194,berlin_40f9d538
2195,berlin_40fde960
2196,berlin_4126fd26
2197,berlin_4151905b
2198,berlin_415fe243
2199,berlin_419bb277
2200,berlin_41b683d4
2201,berlin_41b7d7ef
2202,berlin_41d6e616
2203,berlin_41dc6830
2204,berlin_41e9f88a
2205,berlin_41eda4a3
2206,berlin_41f37c54
2207,berlin_420a1d71
2208,berlin_420c6ac0
2209,berlin_421f92cb
2210,berlin_4224a4a9
2211,berlin_42294afe
2212,berlin_42694f11
2213,berlin_42723675
2214,berlin_4283411f
2215,berlin_42a270e2
2216,berlin_42a75887
2217,berlin_42aca114
2218,berlin_42b83608
2219,berlin_42bbbbbd
2220,berlin_42bdb3e1
2221,berlin_42c15350
2222,berlin_42ca7c65
2223,berlin_42cdd929
2224,berlin_42f7cf56
2225,berlin_42f87b1e
2226,berlin_434225e7
2227,berlin_434a5c03
2228,berlin_434dce7a
2229,berlin_435c0d25
2230,berlin_43928f69
2231,berlin_4393dacf
2232,berlin_43971a46
2233,berlin_43c2bd6f
2234,berlin_43c67257
2235,berlin_43cc9895
2236,berlin_43d2c08a
2237,berlin_43d8d501
2238,berlin_43e5e39a
2239,berlin_43f91378
2240,berlin_43ffd56d
2241,berlin_440a2fda
2242,berlin_4420ab34
2243,berlin_4431602a
2244,berlin_44337194
2245,berlin_44417d7d
2246,berlin_4441ead5
2247,berlin_44547f72
2248,berlin_445ed8c4
2249,berlin_445efb9f
2250,berlin_446c7e3e
2251,berlin_44717aed
2252,berlin_4475abf1
2253,berlin_44832f00
2254,berlin_44892a1f
2255,berlin_44b8e47f
2256,berlin_44c3bdb5
2257,berlin_44f440ac
2258,berlin_450c5cb9
2259,berlin_4514b17b
2260,berlin_4516b59e
2261,berlin_452169fe
2262,berlin_453fe056
2263,berlin_45438a3b
2264,berlin_455b0674
2265,berlin_4567360c
2266,berlin_456be600
2267,berlin_456e7793
2268,berlin_457ae548
2269,berlin_4588fa1f
2270,berlin_458ca5a5
2271,berlin_45a8f18a
2272,berlin_45ab1a17
2273,berlin_45ac57ce
2274,berlin_45b71d60
2275,berlin_45ba687c
2276,berlin_45c796bd
2277,berlin_46439435
2278,berlin_464826d2
2279,berlin_465636dc
2280,berlin_46620f17
2281,berlin_467251f9
2282,berlin_467d8b3b
2283,berlin_468c691c
2284,berlin_46ad2ec5
2285,berlin_46b7187b
2286,berlin_46b71d4e
2287,berlin_46d8f984
2288,berlin_46fda003
2289,berlin_4702cfa4
2290,berlin_470e81c5
2291,berlin_475a63dc
2292,berlin_475cb309
2293,berlin_475ebd5d
2294,berlin_4775368c
2295,berlin_47817e60
2296,berlin_4784d2da
2297,berlin_4795e972
2298,berlin_479a568c
2299,berlin_479b968c
2300,berlin_479cda83
2301,berlin_47a7f30d
2302,berlin_47aaa15b
2303,berlin_47aba053
2304,berlin_47ca8c64
2305,berlin_47cbb112
2306,berlin_47e1879f
2307,berlin_47ecbc0e
2308,berlin_47ecd6c3
2309,berlin_47f5ed1b
2310,berlin_47f8d085
2311,berlin_47fc3de7
2312,berlin_480f08e4
2313,berlin_481dbe92
2314,berlin_4834b74e
2315,berlin_484fe9fc
2316,berlin_485f29b9
2317,berlin_48610229
2318,berlin_486296ac
2319,berlin_4874598d
2320,berlin_4899a7e7
2321,berlin_48b94621
2322,berlin_48d1b150
2323,berlin_48d899bc
2324,berlin_48e91395
2325,berlin_48ec9b87
2326,berlin_490dcd62
2327,berlin_49167f6b
2328,berlin_492e265c
2329,berlin_49401aca
2330,berlin_494728f6
2331,berlin_495c7525
2332,berlin_496aba0a
2333,berlin_49734fb0
2334,berlin_49842be3
2335,berlin_49b0efb9
2336,berlin_49ba76f8
2337,berlin_49c6f9e1
2338,berlin_49c940e0
2339,berlin_49da0293
2340,berlin_49e054d2
2341,berlin_4a1be0e0
2342,berlin_4a4c37e0
2343,berlin_4a551fc5
2344,berlin_4a677ac9
2345,berlin_4a6c29a5
2346,berlin_4a74b909
2347,berlin_4a78cb89
2348,berlin_4a8e2e5b
2349,berlin_4a92364e
2350,berlin_4aa42cb5
2351,berlin_4aa5d5e8
2352,berlin_4ac346c3
2353,berlin_4adcc409
2354,berlin_4ae4f81e
2355,berlin_4af0a3a0
2356,berlin_4b1b5715
2357,berlin_4b1e6c2a
2358,berlin_4b3590f5
2359,berlin_4b35ecc5
2360,berlin_4b3e894f
2361,berlin_4b401d61
2362,berlin_4b4111f4
2363,berlin_4b428482
2364,berlin_4b6513d7
2365,berlin_4b7137ed
2366,berlin_4b86fe28
2367,berlin_4b91a6a9
2368,berlin_4bb1cfca
2369,berlin_4bbb1fc0
2370,berlin_4bbf3e02
2371,berlin_4c1454eb
2372,berlin_4c214949
2373,berlin_4c270166
2374,berlin_4c2d0fcb
2375,berlin_4c447f63
2376,berlin_4c4a49b3
2377,berlin_4c585e47
2378,berlin_4c5bb19f
2379,berlin_4c6312a8
2380,berlin_4c6e8d1d
2381,berlin_4c6ef4f5
2382,berlin_4c765f69
2383,berlin_4c7868dc
2384,berlin_4c7cd870
2385,berlin_4c9b7e6d
2386,berlin_4cb92f77
2387,berlin_4cbb8ad5
2388,berlin_4cca6a07
2389,berlin_4ce566d2
2390,berlin_4cf8d295
2391,berlin_4d06f574
2392,berlin_4d3c3d92
2393,berlin_4d413369
2394,berlin_4d5689ff
2395,berlin_4d7f2aff
2396,berlin_4d959f04
2397,berlin_4da46520
2398,berlin_4dae415a
2399,berlin_4daf433e
2400,berlin_4db1e0b6
2401,berlin_4db80af4
2402,berlin_4db8bca8
2403,berlin_4dbcf13e
2404,berlin_4dc43a5e
2405,berlin_4e097acf
2406,berlin_4e1ab496
2407,berlin_4e38e398
2408,berlin_4e3bdab0
2409,berlin_4e8995f6
2410,berlin_4e9308d3
2411,berlin_4e989949
2412,berlin_4e9d1aa8
2413,berlin_4ea54d3f
2414,berlin_4eac6b5e
2415,berlin_4eb2201d
2416,berlin_4eb5e65b
2417,berlin_4eebadec
2418,berlin_4eef5cd1
2419,berlin_4f099cd0
2420,berlin_4f186865
2421,berlin_4f3fd84e
2422,berlin_4f40f13f
2423,berlin_4f4334d8
2424,berlin_4f7187ce
2425,berlin_4f901299
2426,berlin_4f979a1f
2427,berlin_4fa5f91e
2428,berlin_4fa6ab31
2429,berlin_4fb644d2
2430,berlin_4fd35267
2431,berlin_4fe4c695
2432,berlin_4feefe55
2433,berlin_4feff5e6
2434,berlin_50043c31
2435,berlin_501470fc
2436,berlin_50536ba2
2437,berlin_505b1287
2438,berlin_508e9a0e
2439,berlin_50995c26
2440,berlin_50ad2695
2441,berlin_50c4e635
2442,berlin_50db683a
2443,berlin_50e14aef
2444,berlin_50eadae2
2445,berlin_510a4952
2446,berlin_5117e0f9
2447,berlin_5121ac2c
2448,berlin_514d1bce
2449,berlin_515133eb
2450,berlin_51565821
2451,berlin_51738d7b
2452,berlin_5191f421
2453,berlin_519fbfd6
2454,berlin_51a916aa
2455,berlin_51ab6948
2456,berlin_51c3a0d5
2457,berlin_51c74dd0
2458,berlin_51c99843
2459,berlin_51f7bc0c
2460,berlin_5205afc0
2461,berlin_520fae9b
2462,berlin_5248f746
2463,berlin_52609661
2464,berlin_5269dbf3
2465,berlin_526ac681
2466,berlin_526b2562
2467,berlin_52855660
2468,berlin_52878ed4
2469,berlin_52a3cc09
2470,berlin_52bc2c30
2471,berlin_52da9644
2472,berlin_52e762e8
2473,berlin_53325550
2474,berlin_5337be55
2475,berlin_533c3389
2476,berlin_53453203
2477,berlin_5349ef93
2478,berlin_534fca9a
2479,berlin_5350c49f
2480,berlin_538e3f92
2481,berlin_539790f5
2482,berlin_53a91a4d
2483,berlin_53bf7330
2484,berlin_53c5459f
2485,berlin_53e08699
2486,berlin_53ea5b8c
2487,berlin_53f60fd6
2488,berlin_53f6e549
2489,berlin_53f8a801
2490,berlin_53fe7eaa
2491,berlin_54097834
2492,berlin_541f6da0
2493,berlin_542c034a
2494,berlin_543caeea
2495,berlin_54b30051
2496,berlin_54c75c2c
2497,berlin_54d17330
2498,berlin_54de9838
2499,berlin_55015af2
2500,berlin_550485b6
2501,berlin_55110bc5
2502,berlin_55180a9a
2503,berlin_55216f8d
2504,berlin_552af138
2505,berlin_553e4584
2506,berlin_5544d308
2507,berlin_556267cb
2508,berlin_55673034
2509,berlin_556d4015
2510,berlin_55798728
2511,berlin_55ad8f40
2512,berlin_55cba09c
2513,berlin_55d10465
2514,berlin_55d99064
2515,berlin_5627d6ee
2516,berlin_5639edab
2517,berlin_56526f30
2518,berlin_56638347
2519,berlin_566e0a95
2520,berlin_567e89fc
2521,berlin_568caaae
2522,berlin_56bbe265
2523,berlin_56bbe75c
2524,berlin_56e82c02
2525,berlin_57034147
2526,berlin_571fc670
2527,berlin_573d1f28
2528,berlin_5781aadd
2529,berlin_57914ad0
2530,berlin_5795153c
2531,berlin_579716b8
2532,berlin_57a2f1c0
2533,berlin_57accde7
2534,berlin_57e2fbe2
2535,berlin_57e5f633
2536,berlin_57e9d9e1
2537,berlin_5804c1cd
2538,berlin_58200793
2539,berlin_5826f5b4
2540,berlin_5830532b
2541,berlin_584f0d98
2542,berlin_585283a5
2543,berlin_586c4ea0
2544,berlin_588800dd
2545,berlin_58919aea
2546,berlin_58b47c58
2547,berlin_58bad85e
2548,berlin_58c02382
2549,berlin_58d0e5a4
2550,berlin_58e44b18
2551,berlin_58e6e191
2552,berlin_5920a75d
2553,berlin_59456259
2554,berlin_596ceae2
2555,berlin_5988efa4
2556,berlin_59cbf131
2557,berlin_59e2172c
2558,berlin_59e6965f
2559,berlin_59ecaf0a
2560,berlin_59f3e3b2
2561,berlin_59f77dcf
2562,berlin_59f967f3
2563,berlin_59f98356
2564,berlin_59fbfaae
2565,berlin_5a0c5332
2566,berlin_5a15fcbf
2567,berlin_5a391cd0
2568,berlin_5a4c7c7c
2569,berlin_5a569d34
2570,berlin_5a6006f0
2571,berlin_5a60504f
2572,berlin_5a613557
2573,berlin_5a68a6a0
2574,berlin_5a7c9723
2575,berlin_5aa3d8b4
2576,berlin_5ab5da61
2577,berlin_5abc9306
2578,berlin_5ad59c01
2579,berlin_5af0c188
2580,berlin_5af1003c
2581,berlin_5af5e3c3
2582,berlin_5b390387
2583,berlin_5b3b9306
2584,berlin_5b3d116a
2585,berlin_5b462145
2586,berlin_5b60dc7f
2587,berlin_5b7e31f3
2588,berlin_5b80b5a7
2589,berlin_5b8ac66c
2590,berlin_5b9610e6
2591,berlin_5b9c4b28
2592,berlin_5ba89afa
2593,berlin_5bbaa407
2594,berlin_5bc4fe69
2595,berlin_5bd84b2c
2596,berlin_5bd89731
2597,berlin_5bd8e26e
2598,berlin_5c6ccb88
2599,berlin_5c7a006f
2600,berlin_5ca606ab
2601,berlin_5cb35aa2
2602,berlin_5cdd7cb4
2603,berlin_5cf3a1c0
2604,berlin_5d3c7919
2605,berlin_5d56994a
2606,berlin_5d6580a9
2607,berlin_5d6aa1b1
2608,berlin_5d7deec7
2609,berlin_5d9526af
2610,berlin_5d988f99
2611,berlin_5daf059f
2612,berlin_5dc3aa01
2613,berlin_5dfebeef
2614,berlin_5e032a60
2615,berlin_5e1468ba
2616,berlin_5e2f5b06
2617,berlin_5e35545e
2618,berlin_5e37da2e
2619,berlin_5e4d9049
2620,berlin_5e5fd8e4
2621,berlin_5e7fcef8
2622,berlin_5e81fa12
2623,berlin_5e991114
2624,berlin_5ea2020d
2625,berlin_5ebb46ec
2626,berlin_5ebf17f5
2627,berlin_5ec2e1a0
2628,berlin_5ec97a3c
2629,berlin_5eee6b0f
2630,berlin_5f004763
2631,berlin_5f08cead
2632,berlin_5f3b796b
2633,berlin_5f3c9563
2634,berlin_5f446b85
2635,berlin_5f53d210
2636,berlin_5f70a3cd
2637,berlin_5f82385e
2638,berlin_5f85c592
2639,berlin_5f8a16c9
2640,berlin_5f95fbeb
2641,berlin_5fb7b9bf
2642,berlin_5fd65bc1
2643,berlin_5fdad36a
2644,berlin_5fe27ca6
2645,berlin_5fea7dbb
2646,berlin_600bbf78
2647,berlin_60117ab8
2648,berlin_6012a8e6
2649,berlin_602383d2
2650,berlin_602aa581
2651,berlin_6043cbbe
2652,berlin_605107d8
2653,berlin_6053ea2a
2654,berlin_605d1f23
2655,berlin_606f493f
2656,berlin_60796ff9
2657,berlin_6081a71c
2658,berlin_608913cf
2659,berlin_608a699d
2660,berlin_60920834
2661,berlin_60b81643
2662,berlin_60d86d33
2663,berlin_60da8d48
2664,berlin_60e46032
2665,berlin_60e620db
2666,berlin_6129fac1
2667,berlin_6147d7fa
2668,berlin_615586f3
2669,berlin_615db36b
2670,berlin_615e5269
2671,berlin_6174ec6b
2672,berlin_61867dfc
2673,berlin_618b6dae
2674,berlin_619c52e7
2675,berlin_61af6abc
2676,berlin_61dd9082
2677,berlin_61f9a333
2678,berlin_62173087
2679,berlin_62182180
2680,berlin_6232100d
2681,berlin_6281a382
2682,berlin_628e2ecf
2683,berlin_62bf7737
2684,berlin_62cb953f
2685,berlin_62cdf696
2686,berlin_62e4d018
2687,berlin_62e56e2a
2688,berlin_62ebf8bf
2689,berlin_63020cf4
2690,berlin_6302bbb2
2691,berlin_6309469a
2692,berlin_6321050e
2693,berlin_632ce3e5
2694,berlin_633216bc
2695,berlin_635a1d1d
2696,berlin_63e5227c
2697,berlin_63eb2eca
2698,berlin_63f13da3
2699,berlin_63fa487d
2700,berlin_645065e9
2701,berlin_64520533
2702,berlin_645a6e93
2703,berlin_6477e80e
2704,berlin_6480085a
2705,berlin_64873cc3
2706,berlin_648dad4c
2707,berlin_648ffe0d
2708,berlin_64ae2196
2709,berlin_64f1f075
2710,berlin_650f05f8
2711,berlin_650f740f
2712,berlin_651473cb
2713,berlin_65168fbe
2714,berlin_65659939
2715,berlin_657ec3d8
2716,berlin_659cafb1
2717,berlin_65a012a7
2718,berlin_65a77c24
2719,berlin_65af0c18
2720,berlin_65b33166
2721,berlin_65c6a6b1
2722,berlin_65d0fc53
2723,berlin_65e86b8c
2724,berlin_65eef34a
2725,berlin_660a28ac
2726,berlin_6612b47b
2727,berlin_66291ad3
2728,berlin_66331ac7
2729,berlin_66541346
2730,berlin_66552af7
2731,berlin_666c3cf0
2732,berlin_667036ac
2733,berlin_667c65b6
2734,berlin_668966bf
2735,berlin_6697327b
2736,berlin_66a787ad
2737,berlin_66ce66e2
2738,berlin_66e63b0d
2739,berlin_67178352
2740,berlin_672fd855
2741,berlin_6732219a
2742,berlin_675e0fd4
2743,berlin_676dd147
2744,berlin_678f5e3a
2745,berlin_6793d94d
2746,berlin_67aaba00
2747,berlin_67b1ed53
2748,berlin_67c401eb
2749,berlin_67c60c4c
2750,berlin_67cee12b
2751,berlin_67d8a2e7
2752,berlin_67ecd51b
2753,berlin_67ed4a9e
2754,berlin_6800612f
2755,berlin_68046af0
2756,berlin_680fef75
2757,berlin_6828be63
2758,berlin_68529b93
2759,berlin_68579175
2760,berlin_68627f6b
2761,berlin_68928855
2762,berlin_68995fc5
2763,berlin_68a091eb
2764,berlin_68a0bf32
2765,berlin_68b0b5fc
2766,berlin_68db9ca9
2767,berlin_691cd35d
2768,berlin_69420559
2769,berlin_69505a1e
2770,berlin_695622c1
2771,berlin_6963c559
2772,berlin_696f338e
2773,berlin_69784724
2774,berlin_697d6ffc
2775,berlin_69964bed
2776,berlin_69ad13a5
2777,berlin_69be0f5a
2778,berlin_69d27963
2779,berlin_69d483f7
2780,berlin_69dcf7ad
2781,berlin_69e05091
2782,berlin_69e1f13a
2783,berlin_69f7bb38
2784,berlin_6a011a99
2785,berlin_6a183711
2786,berlin_6a193187
2787,berlin_6a25b8db
2788,berlin_6a28399d
2789,berlin_6a2ccd85
2790,berlin_6a48158b
2791,berlin_6a53938b
2792,berlin_6a551340
2793,berlin_6a5b3d46
2794,berlin_6a5f8b3d
2795,berlin_6a77a0d7
2796,berlin_6aa37603
2797,berlin_6aaa77a3
2798,berlin_6adce591
2799,berlin_6ae1525b
2800,berlin_6af89322
2801,berlin_6afe1de4
2802,berlin_6b10afd5
2803,berlin_6b1d41ee
2804,berlin_6b3e60b4
2805,berlin_6b458bd6
2806,berlin_6b4aeca6
2807,berlin_6b56f19c
2808,berlin_6b5ab28d
2809,berlin_6b7d10c3
2810,berlin_6b7d35a3
2811,berlin_6b99d660
2812,berlin_6ba49202
2813,berlin_6bac8fca
2814,berlin_6bb5a6ce
2815,berlin_6bc20116
2816,berlin_6bd1265a
2817,berlin_6bd64429
2818,berlin_6c2aa0c1
2819,berlin_6c2ac90a
2820,berlin_6c4d2f5f
2821,berlin_6c4d312b
2822,berlin_6c4efc3e
2823,berlin_6c5d1254
2824,berlin_6c7c583c
2825,berlin_6c81335b
2826,berlin_6c8c6532
2827,berlin_6c931bca
2828,berlin_6c9b046c
2829,berlin_6cab6897
2830,berlin_6cb3e308
2831,berlin_6cb53980
2832,berlin_6cc62475
2833,berlin_6ccf6e47
2834,berlin_6ceb999a
2835,berlin_6cf10030
2836,berlin_6d00c833
2837,berlin_6d0f63bd
2838,berlin_6d621dad
2839,berlin_6d6563d5
2840,berlin_6d665a35
2841,berlin_6d843113
2842,berlin_6d8b0887
2843,berlin_6dc19ee3
2844,berlin_6dc41abd
2845,berlin_6dc924cb
2846,berlin_6dd3409c
2847,berlin_6de8a689
2848,berlin_6df1fb17
2849,berlin_6df7f3ce
2850,berlin_6e0c99ba
2851,berlin_6e26a5b0
2852,berlin_6e2c5177
2853,berlin_6e2d5f90
2854,berlin_6e3f92ba
2855,berlin_6e4f30d6
2856,berlin_6e5f5232
2857,berlin_6e819f40
2858,berlin_6e8bdef5
2859,berlin_6e95c5ce
2860,berlin_6e9a8d36
2861,berlin_6ea275c1
2862,berlin_6ecfa64a
2863,berlin_6edcf9b1
2864,berlin_6f046b32
2865,berlin_6f37798c
2866,berlin_6f4a3cac
2867,berlin_6f6784b6
2868,berlin_6f6e1a5c
2869,berlin_6f7d9585
2870,berlin_6f7f136f
2871,berlin_6f8c0b23
2872,berlin_6f9fef79
2873,berlin_6fa471c9
2874,berlin_6fd97297
2875,berlin_6ffc35b8
2876,berlin_702740d3
2877,berlin_70358fe8
2878,berlin_703e3d9e
2879,berlin_705a3544
2880,berlin_7074c7d4
2881,berlin_708b6c2b
2882,berlin_70a060a9
2883,berlin_70a17891
2884,berlin_70ca33f1
2885,berlin_70cde2f2
2886,berlin_710a49aa
2887,berlin_711b340c
2888,berlin_71333604
2889,berlin_713e97b0
2890,berlin_7147576b
2891,berlin_714c7c37
2892,berlin_7192f1e9
2893,berlin_71a8046d
2894,berlin_71ab3421
2895,berlin_71c315d8
2896,berlin_720cd64c
2897,berlin_72187d9f
2898,berlin_722e61da
2899,berlin_724170d9
2900,berlin_724499b9
2901,berlin_724bc97e
2902,berlin_72516975
2903,berlin_725a4504
2904,berlin_7262839e
2905,berlin_728bc6a8
2906,berlin_72a5752e
2907,berlin_72af7f0d
2908,berlin_72bdaebf
2909,berlin_72e0362a
2910,berlin_72e674ee
2911,berlin_72fe905c
2912,berlin_7306df4e
2913,berlin_731b2553
2914,berlin_7320a65f
2915,berlin_734f922e
2916,berlin_7363db07
2917,berlin_738c0f19
2918,berlin_739acd0a
2919,berlin_73c52d1c
2920,berlin_73f2259b
2921,berlin_74087df3
2922,berlin_74162835
2923,berlin_741f6412
2924,berlin_743fdc79
2925,berlin_74470c96
2926,berlin_744a8d52
2927,berlin_7452399b
2928,berlin_745b22da
2929,berlin_748144ee
2930,berlin_748b4940
2931,berlin_7497bcfb
2932,berlin_74a4e16e
2933,berlin_74c93120
2934,berlin_74e681b7
2935,berlin_75006a1f
2936,berlin_750f34a1
2937,berlin_7526c222
2938,berlin_755a57a5
2939,berlin_755c495c
2940,berlin_75613f4b
2941,berlin_756e16ba
2942,berlin_757ffe4c
2943,berlin_7585ee49
2944,berlin_75910443
2945,berlin_75926ac3
2946,berlin_75a05c96
2947,berlin_75a3bb66
2948,berlin_75adf07c
2949,berlin_75b38815
2950,berlin_75bb326d
2951,berlin_75cdbbe5
2952,berlin_75d71696
2953,berlin_75db88f0
2954,berlin_75ecf53b
2955,berlin_75f86035
2956,berlin_760a2696
2957,berlin_760a6ee4
2958,berlin_7618eba2
2959,berlin_7625d319
2960,berlin_762a9d1d
2961,berlin_76380510
2962,berlin_7647592d
2963,berlin_764bc08e
2964,berlin_76605a79
2965,berlin_768e79ec
2966,berlin_76a085ae
2967,berlin_76b87a3a
2968,berlin_76c8e4ae
2969,berlin_76cc8dad
2970,berlin_76d9f20e
2971,berlin_76f16af7
2972,berlin_76f84785
2973,berlin_77025b60
2974,berlin_7719e460
2975,berlin_7721fca3
2976,berlin_77468d6d
2977,berlin_777f18f5
2978,berlin_778b8399
2979,berlin_77b472e3
2980,berlin_77bcd70c
2981,berlin_77c46f1f
2982,berlin_77de1e36
2983,berlin_77e9fa06
2984,berlin_77ff42b5
2985,berlin_7805160e
2986,berlin_781db0c9
2987,berlin_78384839
2988,berlin_783864d8
2989,berlin_783e88ff
2990,berlin_7843db40
2991,berlin_7849f649
2992,berlin_784b1353
2993,berlin_78535872
2994,berlin_787bc11a
2995,berlin_787bc9b1
2996,berlin_787d1184
2997,berlin_787eb24e
2998,berlin_78a1f614
2999,berlin_78a788ee
3000,berlin_78b4fac4
3001,berlin_78b962e4
3002,berlin_78c38860
3003,berlin_78c4fdca
3004,berlin_78c9df47
3005,berlin_78cd7992
3006,berlin_78dc7902
3007,berlin_78e728fc
3008,berlin_7907110c
3009,berlin_7926ab09
3010,berlin_7949dea4
3011,berlin_795a70ac
3012,berlin_7969a573
3013,berlin_79743e2b
3014,berlin_79802b21
3015,berlin_7986c447
3016,berlin_79882e46
3017,berlin_799a3c83
3018,berlin_79cb23d9
3019,berlin_79d4b3fa
3020,berlin_7a0b146e
3021,berlin_7a27facd
3022,berlin_7a2d11ce
3023,berlin_7a378990
3024,berlin_7a53ff50
3025,berlin_7a633217
3026,berlin_7a72047f
3027,berlin_7a737b53
3028,berlin_7a8c39a3
3029,berlin_7aaba286
3030,berlin_7ab1ccb1
3031,berlin_7ac0181a
3032,berlin_7ace58e6
3033,berlin_7af9b709
3034,berlin_7b3641d7
3035,berlin_7b3a0e1c
3036,berlin_7b47a868
3037,berlin_7b6478d5
3038,berlin_7b714d8d
3039,berlin_7bbfbccf
3040,berlin_7be21d7e
3041,berlin_7c01e001
3042,berlin_7c17d200
3043,berlin_7c3f5608
3044,berlin_7c449008
3045,berlin_7c520cac
3046,berlin_7c78446a
3047,berlin_7c7f511b
3048,berlin_7c8310f5
3049,berlin_7c834e72
3050,berlin_7ce02782
3051,berlin_7cfcf622
3052,berlin_7d03e224
3053,berlin_7d0d220f
3054,berlin_7d20a1c1
3055,berlin_7d29d871
3056,berlin_7d321188
3057,berlin_7d3a6eef
3058,berlin_7d3f90f6
3059,berlin_7d4f8a1b
3060,berlin_7d51c107
3061,berlin_7d574d84
3062,berlin_7d69ebdd
3063,berlin_7d6fbb70
3064,berlin_7d881caa
3065,berlin_7d899bb5
3066,berlin_7d96e0da
3067,berlin_7da8f2ba
3068,berlin_7df00b22
3069,berlin_7df15b1b
3070,berlin_7df6c3ea
3071,berlin_7df90f81
3072,berlin_7e029ef1
3073,berlin_7e3c9196
3074,berlin_7e513f63
3075,berlin_7e519e15
3076,berlin_7e54a62a
3077,berlin_7e63cdac
3078,berlin_7e6c08b6
3079,berlin_7e7caa25
3080,berlin_7eb46bd2
3081,berlin_7eba68c4
3082,berlin_7ebd1ec2
3083,berlin_7ed835e9
3084,berlin_7eed9c9c
3085,berlin_7eeea1bc
3086,berlin_7efaee80
3087,berlin_7efd31d2
3088,berlin_7f0cb764
3089,berlin_7f24e46c
3090,berlin_7f355d0a
3091,berlin_7f56c9b3
3092,berlin_7f5e58aa
3093,berlin_7f7211be
3094,berlin_7f793e6a
3095,berlin_7f82d6fe
3096,berlin_7f9583b0
3097,berlin_7fba9cd9
3098,berlin_7feab1b4
3099,berlin_7ffb66c7
3100,berlin_80091372
3101,berlin_800d79c6
3102,berlin_800f2d38
3103,berlin_80225be5
3104,berlin_803c69c4
3105,berlin_804edd85
3106,berlin_805bc65a
3107,berlin_8078d4cc
3108,berlin_8095c27f
3109,berlin_8096824c
3110,berlin_80a3a333
3111,berlin_80acddb5
3112,berlin_80d31fdf
3113,berlin_80fa03db
3114,berlin_80fbb925
3115,berlin_81031197
3116,berlin_812b75a1
3117,berlin_8137b48f
3118,berlin_816faaae
3119,berlin_81884c96
3120,berlin_8192de90
3121,berlin_819471a5
3122,berlin_81955f75
3123,berlin_8196bdbe
3124,berlin_81a0756d
3125,berlin_81b262d5
3126,berlin_81c1f42c
3127,berlin_81d997b7
3128,berlin_81e24b18
3129,berlin_81ef393b
3130,berlin_81fe94b8
3131,berlin_82049b46
3132,berlin_8207518b
3133,berlin_8214bdb6
3134,berlin_82300b5b
3135,berlin_8245c39b
3136,berlin_824aa1df
3137,berlin_825425e4
3138,berlin_8259d167
3139,berlin_8262305a
3140,berlin_826b542f
3141,berlin_8285a260
3142,berlin_8294b10d
3143,berlin_82a18d93
3144,berlin_82bcaf03
3145,berlin_82db2683
3146,berlin_8314aa49
3147,berlin_831558d2
3148,berlin_831b02b4
3149,berlin_8328fcd1
3150,berlin_832cbc9a
3151,berlin_8334ec40
3152,berlin_833fcb2a
3153,berlin_834c060d
3154,berlin_834dd396
3155,berlin_8351a0f8
3156,berlin_835245c2
3157,berlin_835bfba3
3158,berlin_8364017a
3159,berlin_83696e25
3160,berlin_8381a784
3161,berlin_83a2c923
3162,berlin_83b8e336
3163,berlin_83c2ffed
3164,berlin_83df84be
3165,berlin_840a52d5
3166,berlin_84114e9e
3167,berlin_8437323e
3168,berlin_843f54f9
3169,berlin_84582f99
3170,berlin_84833b51
3171,berlin_84c0496d
3172,berlin_84e1f5fe
3173,berlin_84ee5dd9
3174,berlin_851d4a02
3175,berlin_851ef587
3176,berlin_8540e3d7
3177,berlin_85463d47
3178,berlin_855fbb50
3179,berlin_8579a279
3180,berlin_858b2161
3181,berlin_85994abf
3182,berlin_85bee01c
3183,berlin_85dac9b1
3184,berlin_85dfc54e
3185,berlin_85dff6d6
3186,berlin_85ec3aa8
3187,berlin_8606bc79
3188,berlin_8624b7a3
3189,berlin_863ef51b
3190,berlin_864026df
3191,berlin_866cb36c
3192,berlin_8670bb82
3193,berlin_86775932
3194,berlin_86a0ff21
3195,berlin_86a49e33
3196,berlin_86a833c1
3197,berlin_86bc5c0a
3198,berlin_86c243a9
3199,berlin_86ced726
3200,berlin_86fb509e
3201,berlin_86fb9200
3202,berlin_87224c63
3203,berlin_872a1ed5
3204,berlin_874f76e0
3205,berlin_875145d9
3206,berlin_879028a3
3207,berlin_87b9c05f
3208,berlin_87bee802
3209,berlin_87d58285
3210,berlin_87d60a3b
3211,berlin_87fe0bf1
3212,berlin_8801d91f
3213,berlin_8802a0aa
3214,berlin_88063b2e
3215,berlin_880ea0b2
3216,berlin_882a5be2
3217,berlin_883d3c81
3218,berlin_88576285
3219,berlin_885a58ec
3220,berlin_88725f9d
3221,berlin_88836ba4
3222,berlin_88959e72
3223,berlin_88b3005d
3224,berlin_88b8d924
3225,berlin_88de17a5
3226,berlin_88ef8ebe
3227,berlin_88f72f4a
3228,berlin_88fc1141
3229,berlin_890b02cc
3230,berlin_890ccfdc
3231,berlin_895d00e1
3232,berlin_896ab9be
3233,berlin_898043f0
3234,berlin_8985a477
3235,berlin_898f426f
3236,berlin_899dc948
3237,berlin_899efa2c
3238,berlin_89c13c69
3239,berlin_89caa300
3240,berlin_89ce936d
3241,berlin_89e37810
3242,berlin_89ea0751
3243,berlin_8a0f8ca5
3244,berlin_8a2a7735
3245,berlin_8a31e897
3246,berlin_8a382ea0
3247,berlin_8a4eb5c6
3248,berlin_8a721456
3249,berlin_8a81e106
3250,berlin_8a88c0d9
3251,berlin_8a93d30e
3252,berlin_8a95d97f
3253,berlin_8ab6904c
3254,berlin_8ac29f2a
3255,berlin_8acc62d0
3256,berlin_8adf0487
3257,berlin_8aebc016
3258,berlin_8b01a738
3259,berlin_8b1403b1
3260,berlin_8b145817
3261,berlin_8b2bd3b6
3262,berlin_8b48d2c4
3263,berlin_8b56f2ad
3264,berlin_8b745d3a
3265,berlin_8b7886b6
3266,berlin_8b81ea7f
3267,berlin_8b85acd5
3268,berlin_8b9a996b
3269,berlin_8b9fa18e
3270,berlin_8bc00c9f
3271,berlin_8bd745cd
3272,berlin_8bea5e93
3273,berlin_8bf4571a
3274,berlin_8c2591b9
3275,berlin_8c2739d2
3276,berlin_8c2acd1c
3277,berlin_8c3063c7
3278,berlin_8c36095e
3279,berlin_8c439ced
3280,berlin_8c4c18ec
3281,berlin_8c602304
3282,berlin_8c8527e1
3283,berlin_8c92051b
3284,berlin_8ca3aa9c
3285,berlin_8ca69aea
3286,berlin_8cb08a8d
3287,berlin_8cb1113d
3288,berlin_8cbee81e
3289,berlin_8cbf2f9e
3290,berlin_8cc6de8b
3291,berlin_8ccf4caa
3292,berlin_8cd65867
3293,berlin_8ce2e9ad
3294,berlin_8cf64c79
3295,berlin_8cfe81a4
3296,berlin_8d162b4e
3297,berlin_8d167be1
3298,berlin_8d2b5e12
3299,berlin_8d2ccc41
3300,berlin_8d46fa85
3301,berlin_8d572c91
3302,berlin_8d5bc1e3
3303,berlin_8d744c6d
3304,berlin_8d7a1ee0
3305,berlin_8d8126a9
3306,berlin_8d982e07
3307,berlin_8d9880db
3308,berlin_8da6bcc8
3309,berlin_8da94d3a
3310,berlin_8db7167e
3311,berlin_8ddf995e
3312,berlin_8de29e47
3313,berlin_8de60db8
3314,berlin_8df38dd0
3315,berlin_8df3ff1d
3316,berlin_8e1597f8
3317,berlin_8e3a4f52
3318,berlin_8e567711
3319,berlin_8e5a32a9
3320,berlin_8e5d4564
3321,berlin_8e70f4e9
3322,berlin_8e8b2ed1
3323,berlin_8e9ccada
3324,berlin_8ea27754
3325,berlin_8eb5980c
3326,berlin_8ebf3f95
3327,berlin_8ecf0878
3328,berlin_8ee23b23
3329,berlin_8eeb9f0b
3330,berlin_8f0256e3
3331,berlin_8f12e67c
3332,berlin_8f3144fa
3333,berlin_8f34cd32
3334,berlin_8f8e2ae0
3335,berlin_8fa583eb
3336,berlin_8fb05925
3337,berlin_8fb9a751
3338,berlin_8fcc28d7
3339,berlin_8fccd3a2
3340,berlin_8fcda35d
3341,berlin_8fcf0cf8
3342,berlin_8fdd43f5
3343,berlin_8ffb7b7c
3344,berlin_8ffcba62
3345,berlin_8ffea730
3346,berlin_900c1b8e
3347,berlin_900d992d
3348,berlin_90180572
3349,berlin_901a3096
3350,berlin_902ff8b7
3351,berlin_90623c4d
3352,berlin_906a4009
3353,berlin_90d629b2
3354,berlin_90da6622
3355,berlin_90dbef6b
3356,berlin_90de12a5
3357,berlin_90e10d1b
3358,berlin_90f8c6ca
3359,berlin_90fbab23
3360,berlin_90fcf815
3361,berlin_9119df06
3362,berlin_91348e3c
3363,berlin_9156e8a7
3364,berlin_915f4cc4
3365,berlin_91619b72
3366,berlin_91653222
3367,berlin_917677d4
3368,berlin_9177baa2
3369,berlin_917d1c2b
3370,berlin_91af0d4c
3371,berlin_91bce193
3372,berlin_91d2bd07
3373,berlin_91f9c512
3374,berlin_920e991d
3375,berlin_9219de89
3376,berlin_922585ec
3377,berlin_92357fe0
3378,berlin_925cb193
3379,berlin_925dd731
3380,berlin_9265b1ad
3381,berlin_926e5158
3382,berlin_92935f19
3383,berlin_92a1ca0b
3384,berlin_92abb263
3385,berlin_92ae8123
3386,berlin_92af40cd
3387,berlin_92b21e96
3388,berlin_92ea8eb0
3389,berlin_92f2aca6
3390,berlin_92f64a11
3391,berlin_92f77d4e
3392,berlin_92f85c31
3393,berlin_931958b8
3394,berlin_9334deea
3395,berlin_933d45ce
3396,berlin_934a72d9
3397,berlin_934cc8c5
3398,berlin_9359554d
3399,berlin_9391b182
3400,berlin_939852f7
3401,berlin_939c0218
3402,berlin_93a0c6f5
3403,berlin_93b4d78e
3404,berlin_93d0aae1
3405,berlin_93dbdfad
3406,berlin_93f2d642
3407,berlin_93f57360
3408,berlin_940c7f66
3409,berlin_94279404
3410,berlin_942d1c2f
3411,berlin_94610582
3412,berlin_9463803a
3413,berlin_9474e6fd
3414,berlin_949ca2fd
3415,berlin_94a26386
3416,berlin_94aaa891
3417,berlin_94af58b1
3418,berlin_94d0d990
3419,berlin_94d48d0a
3420,berlin_94eaac49
3421,berlin_94f6c92b
3422,berlin_94fdfc86
3423,berlin_9505f87c
3424,berlin_9512733c
3425,berlin_95195b59
3426,berlin_9529a955
3427,berlin_952f491a
3428,berlin_953b46ab
3429,berlin_954d2217
3430,berlin_9556725f
3431,berlin_9556ce32
3432,berlin_9557d5ae
3433,berlin_9575d381
3434,berlin_958ead60
3435,berlin_95bf14da
3436,berlin_95e24926
3437,berlin_95fb080d
3438,berlin_960b85fd
3439,berlin_960e90e1
3440,berlin_961e5265
3441,berlin_9682790c
3442,berlin_9683d323
3443,berlin_96ce60b9
3444,berlin_96d402bf
3445,berlin_9708b039
3446,berlin_970a0ec3
3447,berlin_970fa97d
3448,berlin_971d48cf
3449,berlin_972e7118
3450,berlin_9732e266
3451,berlin_976311e4
3452,berlin_9768c7ed
3453,berlin_976e8c48
3454,berlin_9777b6e8
3455,berlin_978822df
3456,berlin_978c724f
3457,berlin_97916d9f
3458,berlin_979a4d52
3459,berlin_97bf3d1c
3460,berlin_97cb99d4
3461,berlin_97e8ed2f
3462,berlin_980f0630
3463,berlin_9810a654
3464,berlin_9816332c
3465,berlin_982ab793
3466,berlin_982c2759
3467,berlin_9851ff9e
3468,berlin_9852ee91
3469,berlin_9858c066
3470,berlin_98a62ef0
3471,berlin_98b947ef
3472,berlin_98c60b09
3473,berlin_98e43c78
3474,berlin_98edd51e
3475,berlin_98f14efc
3476,berlin_98f537ff
3477,berlin_990c2480
3478,berlin_9917c287
3479,berlin_99356821
3480,berlin_9937aa37
3481,berlin_99555335
3482,berlin_998c9371
3483,berlin_99cafa5c
3484,berlin_99ccf2ca
3485,berlin_9a23e2cd
3486,berlin_9a3b8bf8
3487,berlin_9a4cd2ca
3488,berlin_9a64764a
3489,berlin_9a767501
3490,berlin_9a7e1575
3491,berlin_9a7e1fea
3492,berlin_9a80b5df
3493,berlin_9a8498ea
3494,berlin_9a965885
3495,berlin_9ac6938f
3496,berlin_9ad074a6
3497,berlin_9b32bf3d
3498,berlin_9b486746
3499,berlin_9b5061af
3500,berlin_9b51ba43
3501,berlin_9b5cb4fc
3502,berlin_9b61d9ce
3503,berlin_9b642b80
3504,berlin_9b8b328e
3505,berlin_9b8e146a
3506,berlin_9b9277ab
3507,berlin_9bbfdf6f
3508,berlin_9bc1905d
3509,berlin_9bdf65b6
3510,berlin_9bf8e8de
3511,berlin_9bfa0a35
3512,berlin_9c11c4a7
3513,berlin_9c12c2a2
3514,berlin_9c194add
3515,berlin_9c20020b
3516,berlin_9c21e789
3517,berlin_9c2c231d
3518,berlin_9c73bdf3
3519,berlin_9c89cb71
3520,berlin_9c9b2973
3521,berlin_9cb0593a
3522,berlin_9cb4067f
3523,berlin_9cbc2549
3524,berlin_9cce8aa0
3525,berlin_9ce04ad3
3526,berlin_9ce10b47
3527,berlin_9ce87183
3528,berlin_9cebacfe
3529,berlin_9cf369a6
3530,berlin_9d048ec6
3531,berlin_9d15c915
3532,berlin_9d206ba9
3533,berlin_9db8a984
3534,berlin_9dc4a255
3535,berlin_9dcb8ab9
3536,berlin_9dcdb802
3537,berlin_9df271a8
3538,berlin_9e23de5f
3539,berlin_9e296aa3
3540,berlin_9e3738f2
3541,berlin_9e548e91
3542,berlin_9e56bbe6
3543,berlin_9e5708b1
3544,berlin_9e64bff4
3545,berlin_9e988395
3546,berlin_9e9978dd
3547,berlin_9ea6726f
3548,berlin_9eadaf8d
3549,berlin_9ebe4b57
3550,berlin_9ebf1cf3
3551,berlin_9eca26d4
3552,berlin_9eca5bff
3553,berlin_9ee5ec24
3554,berlin_9efd8c7c
3555,berlin_9f159b07
3556,berlin_9f2b6d94
3557,berlin_9f2df596
3558,berlin_9f3b59fe
3559,berlin_9f456984
3560,berlin_9f46e17d
3561,berlin_9f6338c9
3562,berlin_9f635021
3563,berlin_9f664174
3564,berlin_9f7d4ebb
3565,berlin_9f841ae5
3566,berlin_9f89d219
3567,berlin_9f905b40
3568,berlin_9fa69da4
3569,berlin_9fbaf762
3570,berlin_9fd7c8da
3571,berlin_9fda26ee
3572,berlin_9feb982b
3573,berlin_a058b30f
3574,berlin_a05a7508
3575,berlin_a05c732d
3576,berlin_a06ea2f0
3577,berlin_a07e477f
3578,berlin_a0ac1f2a
3579,berlin_a0c2c741
3580,berlin_a0e1054c
3581,berlin_a0e85d00
3582,berlin_a0f7958a
3583,berlin_a1140b45
3584,berlin_a1359bce
3585,berlin_a13d438d
3586,berlin_a1504167
3587,berlin_a1679813
3588,berlin_a16e2721
3589,berlin_a176a7ba
3590,berlin_a192237f
3591,berlin_a1b00948
3592,berlin_a1f00a36
3593,berlin_a1f06409
3594,berlin_a241c4e1
3595,berlin_a2474668
3596,berlin_a261e1e7
3597,berlin_a26bf322
3598,berlin_a26d0070
3599,berlin_a26df899
3600,berlin_a288b69d
3601,berlin_a297e1e9
3602,berlin_a299ee6c
3603,berlin_a2a3b159
3604,berlin_a2ac2a7b
3605,berlin_a2c14f5f
3606,berlin_a2d5b4a6
3607,berlin_a2d6d94d
3608,berlin_a2eab56f
3609,berlin_a2ebc1d3
3610,berlin_a2f12239
3611,berlin_a30f25af
3612,berlin_a31657e0
3613,berlin_a31b9427
3614,berlin_a344fae9
3615,berlin_a35ad183
3616,berlin_a36d4539
3617,berlin_a36f87e4
3618,berlin_a38b130b
3619,berlin_a3ae036e
3620,berlin_a3c71f26
3621,berlin_a3dbe38b
3622,berlin_a3e62487
3623,berlin_a3ed67be
3624,berlin_a3f5a9fd
3625,berlin_a3fbf831
3626,berlin_a42e5ce3
3627,berlin_a450cdf3
3628,berlin_a46e1e41
3629,berlin_a482d087
3630,berlin_a4949e69
3631,berlin_a4ac851b
3632,berlin_a4df179c
3633,berlin_a4ea091b
3634,berlin_a4ed6fdb
3635,berlin_a50414ad
3636,berlin_a513326d
3637,berlin_a524d519
3638,berlin_a5318f73
3639,berlin_a54143ca
3640,berlin_a5671ba9
3641,berlin_a5892cc6
3642,berlin_a58e1a24
3643,berlin_a5a536cd
3644,berlin_a5a9b47f
3645,berlin_a5bbdb02
3646,berlin_a5bd49f9
3647,berlin_a5cc46ea
3648,berlin_a5d80989
3649,berlin_a5e82000
3650,berlin_a6130822
3651,berlin_a62881a2
3652,berlin_a6314683
3653,berlin_a632af91
3654,berlin_a63ad9fa
3655,berlin_a63fc9ba
3656,berlin_a6502cac
3657,berlin_a650bc6f
3658,berlin_a65447b7
3659,berlin_a66a445b
3660,berlin_a66f180c
3661,berlin_a684e4cd
3662,berlin_a684e5b9
3663,berlin_a68720e7
3664,berlin_a6936832
3665,berlin_a69d1769
3666,berlin_a6ccba2f
3667,berlin_a6cddef2
3668,berlin_a6e65ad0
3669,berlin_a6f56a18
3670,berlin_a6fd5647
3671,berlin_a70eee9a
3672,berlin_a70eff17
3673,berlin_a71bb61b
3674,berlin_a71ecf46
3675,berlin_a7267bbd
3676,berlin_a737ee1c
3677,berlin_a73a2f0e
3678,berlin_a73ab55f
3679,berlin_a73df3ea
3680,berlin_a75c7b06
3681,berlin_a75d8612
3682,berlin_a7607305
3683,berlin_a76a7d80
3684,berlin_a77e3121
3685,berlin_a792ed3e
3686,berlin_a7af5d33
3687,berlin_a7bcc919
3688,berlin_a7c97b6d
3689,berlin_a7d294a0
3690,berlin_a7d62fb2
3691,berlin_a7d9f7d5
3692,berlin_a7df4f02
3693,berlin_a7f98b2a
3694,berlin_a7fe58f3
3695,berlin_a8082011
3696,berlin_a81d5018
3697,berlin_a8592327
3698,berlin_a85cfff2
3699,berlin_a87f4c2c
3700,berlin_a8834d18
3701,berlin_a884285e
3702,berlin_a88aa9fe
3703,berlin_a8a5d01a
3704,berlin_a8ae0c78
3705,berlin_a8bd934a
3706,berlin_a8bef050
3707,berlin_a8d0ac67
3708,berlin_a8d46371
3709,berlin_a8d8b92c
3710,berlin_a914524e
3711,berlin_a9204a62
3712,berlin_a94b0c40
3713,berlin_a94e8666
3714,berlin_a959cfe7
3715,berlin_a95c17a2
3716,berlin_a964be31
3717,berlin_a98425b5
3718,berlin_a99d4f8f
3719,berlin_a9ad834b
3720,berlin_a9d1703a
3721,berlin_a9fd22d1
3722,berlin_aa11ec28
3723,berlin_aa16f1cd
3724,berlin_aa2c86f6
3725,berlin_aa3348d8
3726,berlin_aa37a9be
3727,berlin_aa5aa796
3728,berlin_aa66d09a
3729,berlin_aa6798e6
3730,berlin_aa74806d
3731,berlin_aa8d5ed7
3732,berlin_aa9133d8
3733,berlin_aa9de115
3734,berlin_aaa2e32b
3735,berlin_aaa43696
3736,berlin_aaa80a7f
3737,berlin_aaa913eb
3738,berlin_aab1cbbe
3739,berlin_aab49eac
3740,berlin_aab5988b
3741,berlin_aad40b1f
3742,berlin_aadfde65
3743,berlin_aaf5b3f2
3744,berlin_aaf7f3d6
3745,berlin_ab06e5e4
3746,berlin_ab17ca6c
3747,berlin_ab214e39
3748,berlin_ab2843c8
3749,berlin_ab4fbda6
3750,berlin_ab594249
3751,berlin_ab605443
3752,berlin_ab66861d
3753,berlin_ab697d73
3754,berlin_ab70a236
3755,berlin_ab752d0e
3756,berlin_ab77030c
3757,berlin_ab78e499
3758,berlin_ab7af1d4
3759,berlin_aba6b2f1
3760,berlin_abafad59
3761,berlin_ac0892fb
3762,berlin_ac096b6a
3763,berlin_ac0e49fe
3764,berlin_ac213dbc
3765,berlin_ac384a4b
3766,berlin_ac574a22
3767,berlin_ac5e6e75
3768,berlin_ac676fb1
3769,berlin_ac6a7056
3770,berlin_ac745ecb
3771,berlin_ac7dea54
3772,berlin_ac87bca8
3773,berlin_ac94252b
3774,berlin_ac942de8
3775,berlin_aca51431
3776,berlin_aca6bc0e
3777,berlin_aca8f57f
3778,berlin_aca99b38
3779,berlin_acc6846b
3780,berlin_ace0d805
3781,berlin_acfebb1a
3782,berlin_ad1090a0
3783,berlin_ad12bfd3
3784,berlin_ad1779b6
3785,berlin_ad1d8c23
3786,berlin_ad3621b3
3787,berlin_ad3a31d4
3788,berlin_ad3fee8b
3789,berlin_ad40293b
3790,berlin_ad454409
3791,berlin_ad655b15
3792,berlin_ad6b2aa8
3793,berlin_ad739002
3794,berlin_ada20556
3795,berlin_adab8ee9
3796,berlin_adac0576
3797,berlin_adac7484
3798,berlin_adb3f943
3799,berlin_adb4b45b
3800,berlin_adb6988d
3801,berlin_adcf8f19
3802,berlin_adf57995
3803,berlin_ae041edc
3804,berlin_ae056018
3805,berlin_ae08b0e9
3806,berlin_ae0b4046
3807,berlin_ae0fd463
3808,berlin_ae21b631
3809,berlin_ae28f7f1
3810,berlin_ae29f286
3811,berlin_ae457b70
3812,berlin_ae5816c1
3813,berlin_ae5dd75b
3814,berlin_ae66a2f8
3815,berlin_ae798a09
3816,berlin_ae881777
3817,berlin_ae8efad9
3818,berlin_ae957b3d
3819,berlin_aea69513
3820,berlin_aeadcc3f
3821,berlin_af01e294
3822,berlin_af040204
3823,berlin_af14bcb2
3824,berlin_af2bc667
3825,berlin_af35af2c
3826,berlin_af3b6f14
3827,berlin_af49c89a
3828,berlin_af4a1b5a
3829,berlin_af4be4e7
3830,berlin_af52491d
3831,berlin_af52fd4b
3832,berlin_af81859c
3833,berlin_af85d677
3834,berlin_af8e01e1
3835,berlin_af969c03
3836,berlin_af987984
3837,berlin_af9c2398
3838,berlin_afa1ad40
3839,berlin_afb58f81
3840,berlin_afc49b84
3841,berlin_afc99315
3842,berlin_afd384a1
3843,berlin_afd854f6
3844,berlin_afda970a
3845,berlin_aff2bfb7
3846,berlin_aff4c180
3847,berlin_b01c35db
3848,berlin_b020808a
3849,berlin_b028f626
3850,berlin_b0470cfa
3851,berlin_b0486407
3852,berlin_b07ba291
3853,berlin_b0ba1ed8
3854,berlin_b0ca4c66
3855,berlin_b108b464
3856,berlin_b11962af
3857,berlin_b11f5382
3858,berlin_b13350fd
3859,berlin_b1460101
3860,berlin_b15348a3
3861,berlin_b17ba469
3862,berlin_b1c28595
3863,berlin_b1dd9884
3864,berlin_b1e04368
3865,berlin_b20023ce
3866,berlin_b21105f0
3867,berlin_b21bcfee
3868,berlin_b21e5cbb
3869,berlin_b221df73
3870,berlin_b23c5df9
3871,berlin_b24aa88b
3872,berlin_b25dd027
3873,berlin_b2866b8d
3874,berlin_b2b3cc7a
3875,berlin_b2b7b90d
3876,berlin_b2b8546d
3877,berlin_b2f48c5e
3878,berlin_b3081408
3879,berlin_b31b6539
3880,berlin_b31e1042
3881,berlin_b3204353
3882,berlin_b32bc3e7
3883,berlin_b342c329
3884,berlin_b34ca4a5
3885,berlin_b3527426
3886,berlin_b36a6717
3887,berlin_b376d03e
3888,berlin_b38bbe52
3889,berlin_b39303bd
3890,berlin_b3bd12b1
3891,berlin_b3bf7cfe
3892,berlin_b3dc35e3
3893,berlin_b41222b2
3894,berlin_b413f458
3895,berlin_b41a57a6
3896,berlin_b41a57da
3897,berlin_b42489f9
3898,berlin_b4574a3b
3899,berlin_b459d527
3900,berlin_b46f9afb
3901,berlin_b474b3fa
3902,berlin_b4762341
3903,berlin_b47f5370
3904,berlin_b47f8fce
3905,berlin_b4985dd6
3906,berlin_b4ba98ab
3907,berlin_b4c11c28
3908,berlin_b4c73782
3909,berlin_b4c9999b
3910,berlin_b4d5e5d9
3911,berlin_b4ef0279
3912,berlin_b506cc3c
3913,berlin_b5163149
3914,berlin_b516c35f
3915,berlin_b52bdf8c
3916,berlin_b54070ac
3917,berlin_b55595c1
3918,berlin_b5db3d28
3919,berlin_b5ded771
3920,berlin_b5fc88bb
3921,berlin_b639f499
3922,berlin_b63ddc49
3923,berlin_b64b94c6
3924,berlin_b65365cd
3925,berlin_b6774725
3926,berlin_b6a81d83
3927,berlin_b6c04471
3928,berlin_b6cb9826
3929,berlin_b6e3720c
3930,berlin_b6f4b0c5
3931,berlin_b70e1f6e
3932,berlin_b7119749
3933,berlin_b71cc563
3934,berlin_b7297e95
3935,berlin_b75285e2
3936,berlin_b75e5c94
3937,berlin_b771313c
3938,berlin_b7794f74
3939,berlin_b79925c2
3940,berlin_b7c1ffbc
3941,berlin_b7c80e86
3942,berlin_b7c8fa3d
3943,berlin_b7d419ba
3944,berlin_b7deea03
3945,berlin_b7e79835
3946,berlin_b7e8b3e8
3947,berlin_b7ea3488
3948,berlin_b7f2d739
3949,berlin_b7f32e07
3950,berlin_b7fd1699
3951,berlin_b806b64f
3952,berlin_b80a3fe2
3953,berlin_b80ec6d9
3954,berlin_b82ebb3f
3955,berlin_b83fafc4
3956,berlin_b872d197
3957,berlin_b87defd7
3958,berlin_b87ed588
3959,berlin_b8870343
3960,berlin_b8a4d55d
3961,berlin_b8c020d4
3962,berlin_b8cee55f
3963,berlin_b90b7aac
3964,berlin_b96440e4
3965,berlin_b9671f0b
3966,berlin_b97c03e5
3967,berlin_b995e599
3968,berlin_b9a7918e
3969,berlin_b9d9ce00
3970,berlin_b9dd460c
3971,berlin_b9fef326
3972,berlin_ba1065b9
3973,berlin_ba1af4ad
3974,berlin_ba2641e6
3975,berlin_ba43adab
3976,berlin_ba767163
3977,berlin_ba7b4b38
3978,berlin_ba805936
3979,berlin_ba85efee
3980,berlin_ba8d770e
3981,berlin_ba905ac2
3982,berlin_baa01005
3983,berlin_baa91718
3984,berlin_baa94757
3985,berlin_bae36ba4
3986,berlin_baf661d1
3987,berlin_bb0317e9
3988,berlin_bb3b0a36
3989,berlin_bb451382
3990,berlin_bb477fe6
3991,berlin_bb55ce4c
3992,berlin_bb5e079c
3993,berlin_bb753076
3994,berlin_bb7c63a6
3995,berlin_bb9366a8
3996,berlin_bbbf93f7
3997,berlin_bbca1b7d
3998,berlin_bc1b59f0
3999,berlin_bc262f22
4000,berlin_bc292147
4001,berlin_bc516e6d
4002,berlin_bc53cb77
4003,berlin_bc545e55
4004,berlin_bc646bef
4005,berlin_bc697ede
4006,berlin_bc6a8df3
4007,berlin_bc712d7c
4008,berlin_bc776dd9
4009,berlin_bc9310ec
4010,berlin_bcad852c
4011,berlin_bcb584e1
4012,berlin_bd08a6c3
4013,berlin_bd1e3d7d
4014,berlin_bd34dc29
4015,berlin_bd423d11
4016,berlin_bd4e4f6f
4017,berlin_bd67e2c1
4018,berlin_bd749144
4019,berlin_bd81a236
4020,berlin_bd833ee1
4021,berlin_bd8d46f2
4022,berlin_bdc08620
4023,berlin_be1bd58b
4024,berlin_be1e61c8
4025,berlin_be44a367
4026,berlin_be45c6b6
4027,berlin_be56127d
4028,berlin_be580b4c
4029,berlin_be64afd5
4030,berlin_be739e81
4031,berlin_be79f257
4032,berlin_be7ce69b
4033,berlin_be884ee2
4034,berlin_bec6023f
4035,berlin_bece5a30
4036,berlin_bf03bc4e
4037,berlin_bf208afb
4038,berlin_bf318dc6
4039,berlin_bf48b12b
4040,berlin_bf4db3d0
4041,berlin_bf50b74d
4042,berlin_bf90bf57
4043,berlin_bfa246ae
4044,berlin_bfb93c35
4045,berlin_bfc59dd2
4046,berlin_bfc5ff0c
4047,berlin_bfc6a89d
4048,berlin_bfc7fdf5
4049,berlin_bfced602
4050,berlin_bfefd528
4051,berlin_bff1256b
4052,berlin_c0161b9a
4053,berlin_c02971ca
4054,berlin_c031a0cf
4055,berlin_c039620f
4056,berlin_c04214d0
4057,berlin_c0451683
4058,berlin_c04aaa70
4059,berlin_c0ba8b32
4060,berlin_c0d83b5f
4061,berlin_c0fb524b
4062,berlin_c1060d76
4063,berlin_c10632b4
4064,berlin_c1154dfe
4065,berlin_c11be9fa
4066,berlin_c1250a81
4067,berlin_c1304230
4068,berlin_c130591b
4069,berlin_c135cd24
4070,berlin_c143042d
4071,berlin_c148560f
4072,berlin_c14a491b
4073,berlin_c1630370
4074,berlin_c1761ad6
4075,berlin_c17de6bf
4076,berlin_c19d1c7c
4077,berlin_c1a57130
4078,berlin_c1a9282f
4079,berlin_c1a955b7
4080,berlin_c1c86aa0
4081,berlin_c1d08a3e
4082,berlin_c1d26737
4083,berlin_c20a5ab8
4084,berlin_c220a375
4085,berlin_c2227f31
4086,berlin_c223d189
4087,berlin_c23d84a2
4088,berlin_c2445069
4089,berlin_c24e7934
4090,berlin_c2530b27
4091,berlin_c2761c1c
4092,berlin_c2bd2f8f
4093,berlin_c2bea124
4094,berlin_c2c659c5
4095,berlin_c2c8f305
4096,berlin_c2cec6ce
4097,berlin_c2de3fb9
4098,berlin_c2efa848
4099,berlin_c352985e
4100,berlin_c3646b0b
4101,berlin_c37ed7aa
4102,berlin_c38ed090
4103,berlin_c399b2d8
4104,berlin_c3bf47bb
4105,berlin_c3bfb095
4106,berlin_c3d4cff2
4107,berlin_c3d4f2b9
4108,berlin_c3eb2e94
4109,berlin_c3edee36
4110,berlin_c3feb5cf
4111,berlin_c45121a0
4112,berlin_c4615e9e
4113,berlin_c46c6a66
4114,berlin_c46cf3fc
4115,berlin_c473d8d4
4116,berlin_c47baf99
4117,berlin_c4800854
4118,berlin_c487822a
4119,berlin_c488210d
4120,berlin_c48f6ffe
4121,berlin_c49aace5
4122,berlin_c4bd94dd
4123,berlin_c4c03881
4124,berlin_c4c22521
4125,berlin_c4ca3923
4126,berlin_c4d980cc
4127,berlin_c4f96bb6
4128,berlin_c50abab9
4129,berlin_c528eb7e
4130,berlin_c53aa51f
4131,berlin_c5744179
4132,berlin_c584ce85
4133,berlin_c592909a
4134,berlin_c597e485
4135,berlin_c5a77855
4136,berlin_c5a8dd76
4137,berlin_c5aa5d3a
4138,berlin_c5b4d86e
4139,berlin_c5c2f91a
4140,berlin_c5c40a16
4141,berlin_c5e1f86d
4142,berlin_c5e580dd
4143,berlin_c5e7644f
4144,berlin_c60b3a3a
4145,berlin_c611f711
4146,berlin_c613d81c
4147,berlin_c61e8f95
4148,berlin_c62f869d
4149,berlin_c6465fbb
4150,berlin_c64f69ab
4151,berlin_c6655508
4152,berlin_c6708f10
4153,berlin_c6806b53
4154,berlin_c6895e24
4155,berlin_c6baf47f
4156,berlin_c6c591f1
4157,berlin_c6dc2e2c
4158,berlin_c6f30a56
4159,berlin_c7730895
4160,berlin_c7c55a18
4161,berlin_c7edc005
4162,berlin_c7f80ed1
4163,berlin_c7ff0fd3
4164,berlin_c851f34a
4165,berlin_c86146cb
4166,berlin_c871664c
4167,berlin_c87d1e9c
4168,berlin_c87fb948
4169,berlin_c88e5653
4170,berlin_c89808c1
4171,berlin_c8a14527
4172,berlin_c8a3281e
4173,berlin_c8a72824
4174,berlin_c8b18b29
4175,berlin_c8cce07b
4176,berlin_c8da80a4
4177,berlin_c8dbcc9d
4178,berlin_c8e6e797
4179,berlin_c8ea26f1
4180,berlin_c8f3ce3d
4181,berlin_c8f87e27
4182,berlin_c911173f
4183,berlin_c91e91e4
4184,berlin_c9206179
4185,berlin_c92c55f5
4186,berlin_c92d3b1a
4187,berlin_c9394414
4188,berlin_c93f0334
4189,berlin_c9409b7d
4190,berlin_c94ea8b2
4191,berlin_c950a2bf
4192,berlin_c9617e8f
4193,berlin_c96287ff
4194,berlin_c96d111c
4195,berlin_c994644d
4196,berlin_c9ad7b0f
4197,berlin_c9c6b208
4198,berlin_c9da55fd
4199,berlin_c9e1f61f
4200,berlin_c9e6da22
4201,berlin_ca16fbff
4202,berlin_ca1e4def
4203,berlin_ca2e4144
4204,berlin_ca81e90b
4205,berlin_ca8d6317
4206,berlin_ca91f6c2
4207,berlin_ca9b9345
4208,berlin_cab3e7ab
4209,berlin_cab84fd9
4210,berlin_cae56ed6
4211,berlin_caf9c5e0
4212,berlin_cb05fc76
4213,berlin_cb1b3f4e
4214,berlin_cb2da742
4215,berlin_cb36895e
4216,berlin_cb3a6624
4217,berlin_cb5a11cf
4218,berlin_cb62c5c6
4219,berlin_cb72542a
4220,berlin_cb749c90
4221,berlin_cbbe3461
4222,berlin_cbc3048f
4223,berlin_cbc99f23
4224,berlin_cbcfd70e
4225,berlin_cbd02f6e
4226,berlin_cbe7b0dc
4227,berlin_cbf4000a
4228,berlin_cbf680ac
4229,berlin_cc0a04b8
4230,berlin_cc0fdbee
4231,berlin_cc335063
4232,berlin_cc340a76
4233,berlin_cc348dde
4234,berlin_cc3b141e
4235,berlin_cc4f8b82
4236,berlin_cc6d1528
4237,berlin_cc6d1645
4238,berlin_ccb9a234
4239,berlin_ccbe0eac
4240,berlin_cce490d5
4241,berlin_cd06277c
4242,berlin_cd152ed4
4243,berlin_cd190c5a
4244,berlin_cd397486
4245,berlin_cd39d705
4246,berlin_cd4391ff
4247,berlin_cd4ceb2c
4248,berlin_cd6ee7bf
4249,berlin_cd774278
4250,berlin_cd8998e1
4251,berlin_cdbe206e
4252,berlin_cde4277c
4253,berlin_cde46da8
4254,berlin_cde98e6b
4255,berlin_cdf5896e
4256,berlin_cdfda526
4257,berlin_ce229318
4258,berlin_ce280fd0
4259,berlin_ce3e15bb
4260,berlin_ce47ac91
4261,berlin_ce5746cd
4262,berlin_ce609e1c
4263,berlin_ce764c46
4264,berlin_ce918dff
4265,berlin_ce930d0d
4266,berlin_ce9b03df
4267,berlin_cebde7bd
4268,berlin_ced1d183
4269,berlin_cede2f02
4270,berlin_cee7e377
4271,berlin_cef791fe
4272,berlin_cf1a1772
4273,berlin_cf2e4ea3
4274,berlin_cf4a3bdf
4275,berlin_cf583d98
4276,berlin_cf6d6076
4277,berlin_cf7238fa
4278,berlin_cf7545a5
4279,berlin_cf88c748
4280,berlin_cf8bbac1
4281,berlin_cf8ca6cb
4282,berlin_cf969dc3
4283,berlin_cfa67b70
4284,berlin_cfbacace
4285,berlin_cfbe47e4
4286,berlin_cfd037c6
4287,berlin_d000d4b7
4288,berlin_d009d1dd
4289,berlin_d0231c9d
4290,berlin_d0423401
4291,berlin_d0687d99
4292,berlin_d08c8f00
4293,berlin_d08fec73
4294,berlin_d0b1d361
4295,berlin_d0b815e1
4296,berlin_d0bec187
4297,berlin_d0c5dc39
4298,berlin_d0cbbd90
4299,berlin_d0d9930d
4300,berlin_d0e80b5e
4301,berlin_d0ecf768
4302,berlin_d10bb7ac
4303,berlin_d122c263
4304,berlin_d131dd56
4305,berlin_d13d3d8e
4306,berlin_d13f11b2
4307,berlin_d143c034
4308,berlin_d146707b
4309,berlin_d1612ab5
4310,berlin_d171c401
4311,berlin_d176cec1
4312,berlin_d1a6d7cb
4313,berlin_d1df3328
4314,berlin_d1ee17ef
4315,berlin_d2011914
4316,berlin_d206aa54
4317,berlin_d235431d
4318,berlin_d240b880
4319,berlin_d25081aa
4320,berlin_d25ad82c
4321,berlin_d25f9ef0
4322,berlin_d2753966
4323,berlin_d276f867
4324,berlin_d287f41c
4325,berlin_d2a3b8db
4326,berlin_d2adf27a
4327,berlin_d2b0e85d
4328,berlin_d2b4bf06
4329,berlin_d2bbe8d9
4330,berlin_d2c85ca3
4331,berlin_d2f40769
4332,berlin_d30196ea
4333,berlin_d325e2ea
4334,berlin_d34254ef
4335,berlin_d343d0c7
4336,berlin_d36ac15d
4337,berlin_d36bc524
4338,berlin_d36f526f
4339,berlin_d3a543ed
4340,berlin_d3a569e5
4341,berlin_d3c86cf4
4342,berlin_d3d8453a
4343,berlin_d3e8209f
4344,berlin_d3e88603
4345,berlin_d3e91111
4346,berlin_d41c1255
4347,berlin_d435e3e2
4348,berlin_d46539ac
4349,berlin_d49f8c8d
4350,berlin_d4a90746
4351,berlin_d4c9302e
4352,berlin_d4f62570
4353,berlin_d4fb4280
4354,berlin_d5093c40
4355,berlin_d50d74f5
4356,berlin_d51d072f
4357,berlin_d52922d4
4358,berlin_d530fd16
4359,berlin_d53e0e11
4360,berlin_d5858ef2
4361,berlin_d589379f
4362,berlin_d5b2dc27
4363,berlin_d5c21691
4364,berlin_d5c328ec
4365,berlin_d5d3f97f
4366,berlin_d5de3ccb
4367,berlin_d5fd604f
4368,berlin_d63697e0
4369,berlin_d6383572
4370,berlin_d662be18
4371,berlin_d66340ad
4372,berlin_d66b2cfe
4373,berlin_d670c675
4374,berlin_d6774122
4375,berlin_d67be776
4376,berlin_d67e9548
4377,berlin_d68a702b
4378,berlin_d68e4766
4379,berlin_d693e0e1
4380,berlin_d693eb6f
4381,berlin_d69b04a8
4382,berlin_d6b17b5a
4383,berlin_d6b6893e
4384,berlin_d6cc0df8
4385,berlin_d6e1d9be
4386,berlin_d7000b82
4387,berlin_d704b2b0
4388,berlin_d7360b9e
4389,berlin_d74deaaf
4390,berlin_d757e1fc
4391,berlin_d75db1ca
4392,berlin_d76c18a2
4393,berlin_d7764f8c
4394,berlin_d77db00c
4395,berlin_d77f5955
4396,berlin_d79aeb76
4397,berlin_d79b9952
4398,berlin_d7c60bbe
4399,berlin_d7e70983
4400,berlin_d7ec61b6
4401,berlin_d7f51cf6
4402,berlin_d81f64b4
4403,berlin_d82af39a
4404,berlin_d82fac1b
4405,berlin_d853cb95
4406,berlin_d86219fc
4407,berlin_d883dd5b
4408,berlin_d888293a
4409,berlin_d89c7f58
4410,berlin_d8a82537
4411,berlin_d8b2b0db
4412,berlin_d8c332d6
4413,berlin_d8c93662
4414,berlin_d8d39fee
4415,berlin_d8ee2a00
4416,berlin_d8f7f519
4417,berlin_d90bb47d
4418,berlin_d9111095
4419,berlin_d9184aa8
4420,berlin_d92e689d
4421,berlin_d92ff9f0
4422,berlin_d93d525f
4423,berlin_d93d9bce
4424,berlin_d97fa95a
4425,berlin_d98a6b79
4426,berlin_da28a3c7
4427,berlin_da486ef7
4428,berlin_da4cede2
4429,berlin_da4f0052
4430,berlin_da58f513
4431,berlin_da70c562
4432,berlin_da797aca
4433,berlin_da7f5faf
4434,berlin_da8c0c4f
4435,berlin_da9feac1
4436,berlin_daa4311f
4437,berlin_daa6f881
4438,berlin_daaf4d80
4439,berlin_dab31f46
4440,berlin_dabc3038
4441,berlin_dae1e103
4442,berlin_dae33729
4443,berlin_dae8bcd9
4444,berlin_dafe5bb1
4445,berlin_dafe9f5f
4446,berlin_db001d84
4447,berlin_db07788d
4448,berlin_db097511
4449,berlin_db2926cd
4450,berlin_db3c0392
4451,berlin_db50ec67
4452,berlin_db84b6b0
4453,berlin_db9e12a5
4454,berlin_db9efd2c
4455,berlin_dba109cc
4456,berlin_dba7a94a
4457,berlin_dbaf7765
4458,berlin_dbaff0a2
4459,berlin_dbb27cc2
4460,berlin_dbbb7d31
4461,berlin_dbbc2791
4462,berlin_dbef29bd
4463,berlin_dc041694
4464,berlin_dc0e0442
4465,berlin_dc174426
4466,berlin_dc1d40d8
4467,berlin_dc246a38
4468,berlin_dc318489
4469,berlin_dc3b044b
4470,berlin_dc508d7a
4471,berlin_dc5237f5
4472,berlin_dc5624cf
4473,berlin_dc5b5a8a
4474,berlin_dc74e018
4475,berlin_dc751401
4476,berlin_dcc5d07b
4477,berlin_dcfdb708
4478,berlin_dd0cc57e
4479,berlin_dd139cca
4480,berlin_dd18daf0
4481,berlin_dd1d99c5
4482,berlin_dd3ab948
4483,berlin_dd488555
4484,berlin_dd4cd658
4485,berlin_dd6b0aed
4486,berlin_dd73677f
4487,berlin_dd7d7bee
4488,berlin_dd830d75
4489,berlin_dd9b799d
4490,berlin_ddad4254
4491,berlin_ddadb371
4492,berlin_ddba6802
4493,berlin_ddc2f931
4494,berlin_ddd23c49
4495,berlin_de00b5cd
4496,berlin_de021fb0
4497,berlin_de22a9c5
4498,berlin_de243858
4499,berlin_de307b2a
4500,berlin_de404e5a
4501,berlin_de522e1b
4502,berlin_de801a73
4503,berlin_de9191b9
4504,berlin_dea5f82d
4505,berlin_deb241aa
4506,berlin_deb5a5bf
4507,berlin_debe6bf8
4508,berlin_dec222a6
4509,berlin_deca238b
4510,berlin_dece5218
4511,berlin_ded1242a
4512,berlin_deec59ba
4513,berlin_deee5555
4514,berlin_df215760
4515,berlin_df26fca3
4516,berlin_df447cbe
4517,berlin_df47d5f3
4518,berlin_df5561b5
4519,berlin_df980642
4520,berlin_dfbf71d8
4521,berlin_dfccbf52
4522,berlin_dfdd6cba
4523,berlin_dfe8d58b
4524,berlin_dff1becc
4525,berlin_e0124ac5
4526,berlin_e01f5188
4527,berlin_e0205f41
4528,berlin_e03a53d6
4529,berlin_e040aed3
4530,berlin_e057f16f
4531,berlin_e077bad5
4532,berlin_e0a1183e
4533,berlin_e0c4580c
4534,berlin_e0e609e1
4535,berlin_e0ece153
4536,berlin_e0f4a736
4537,berlin_e10ee7a2
4538,berlin_e1294f46
4539,berlin_e14e7a5f
4540,berlin_e15f7229
4541,berlin_e174c0aa
4542,berlin_e179dec1
4543,berlin_e186a06b
4544,berlin_e1899998
4545,berlin_e1d70d8c
4546,berlin_e1f72dcd
4547,berlin_e1fa5bf2
4548,berlin_e1fbb1af
4549,berlin_e1fe77df
4550,berlin_e22cdba6
4551,berlin_e22d1a7a
4552,berlin_e22ea851
4553,berlin_e249c2be
4554,berlin_e25a8d9a
4555,berlin_e282d32f
4556,berlin_e286e0ce
4557,berlin_e2d8473a
4558,berlin_e2e58290
4559,berlin_e2e74cc9
4560,berlin_e307de2e
4561,berlin_e3084174
4562,berlin_e31afa33
4563,berlin_e31f2e8c
4564,berlin_e32b84f8
4565,berlin_e3378363
4566,berlin_e36f3fae
4567,berlin_e374672b
4568,berlin_e389f61f
4569,berlin_e3b68e94
4570,berlin_e3c6b1c0
4571,berlin_e3c92007
4572,berlin_e3cb7647
4573,berlin_e3f933b5
4574,berlin_e40c3645
4575,berlin_e40fdf22
4576,berlin_e41beed2
4577,berlin_e424742b
4578,berlin_e42f96a3
4579,berlin_e4340254
4580,berlin_e43bf954
4581,berlin_e43dc4b6
4582,berlin_e45f0218
4583,berlin_e474054b
4584,berlin_e4745083
4585,berlin_e47bb26d
4586,berlin_e48297e5
4587,berlin_e4930ad3
4588,berlin_e4954424
4589,berlin_e4a18825
4590,berlin_e4b6ae95
4591,berlin_e4bd0e25
4592,berlin_e4c8ac43
4593,berlin_e4d5a9f3
4594,berlin_e4dc7ec8
4595,berlin_e4e74d06
4596,berlin_e4ec1e63
4597,berlin_e51acc5c
4598,berlin_e524500f
4599,berlin_e5406739
4600,berlin_e551541a
4601,berlin_e55caf82
4602,berlin_e5656a84
4603,berlin_e5669ca3
4604,berlin_e5a16081
4605,berlin_e5d54352
4606,berlin_e5d80ba0
4607,berlin_e5ead9be
4608,berlin_e5ec86ef
4609,berlin_e61670a7
4610,berlin_e644a112
4611,berlin_e6489a62
4612,berlin_e64999e4
4613,berlin_e649f373
4614,berlin_e64b107d
4615,berlin_e64bebf0
4616,berlin_e657ba2d
4617,berlin_e66f2367
4618,berlin_e6759e52
4619,berlin_e67b6655
4620,berlin_e68a5fcc
4621,berlin_e69f5c14
4622,berlin_e6b02b51
4623,berlin_e6b527c3
4624,berlin_e6b6d14f
4625,berlin_e6b85bbe
4626,berlin_e6ccbb72
4627,berlin_e6de5463
4628,berlin_e6e057da
4629,berlin_e6e11a75
4630,berlin_e6e650dd
4631,berlin_e70f069d
4632,berlin_e712bf69
4633,berlin_e7179f33
4634,berlin_e718dced
4635,berlin_e72a10cf
4636,berlin_e7358a88
4637,berlin_e7362b71
4638,berlin_e75e0fb7
4639,berlin_e7641bb2
4640,berlin_e7659c18
4641,berlin_e765c8a3
4642,berlin_e76f7108
4643,berlin_e773f4d4
4644,berlin_e77d4909
4645,berlin_e7a33e9b
4646,berlin_e7db84d1
4647,berlin_e7f8d3c3
4648,berlin_e80d63a3
4649,berlin_e82af823
4650,berlin_e82f3209
4651,berlin_e83d76d7
4652,berlin_e83e1e96
4653,berlin_e847cfac
4654,berlin_e84f5036
4655,berlin_e8530303
4656,berlin_e8627120
4657,berlin_e86a4bbf
4658,berlin_e86d3d31
4659,berlin_e89ef3a6
4660,berlin_e8ad2d90
4661,berlin_e8c50250
4662,berlin_e8c569be
4663,berlin_e8d656fb
4664,berlin_e8d81d0f
4665,berlin_e8d98eb3
4666,berlin_e8f1fc11
4667,berlin_e932da38
4668,berlin_e941fc4e
4669,berlin_e9636774
4670,berlin_e971b504
4671,berlin_e97b0504
4672,berlin_e99df125
4673,berlin_e9a7747d
4674,berlin_e9b6cfa8
4675,berlin_e9ce642d
4676,berlin_e9db078d
4677,berlin_e9dec751
4678,berlin_e9e3bb4d
4679,berlin_ea1dd11b
4680,berlin_ea5fccfd
4681,berlin_ea8aac0c
4682,berlin_eaa5cc03
4683,berlin_eab150e6
4684,berlin_ead88be7
4685,berlin_eaf3eb09
4686,berlin_eafde6f4
4687,berlin_eb02590d
4688,berlin_eb1e91b5
4689,berlin_eb26b3fb
4690,berlin_eb34f0a1
4691,berlin_eb5cd7b8
4692,berlin_eb890bae
4693,berlin_eb94aa76
4694,berlin_eb9dd460
4695,berlin_eba343e2
4696,berlin_ebb8313d
4697,berlin_ebc86ce1
4698,berlin_ebf10ec9
4699,berlin_ebf403f5
4700,berlin_ebfe4fa9
4701,berlin_ec0256c0
4702,berlin_ec05e2c9
4703,berlin_ec48ab67
4704,berlin_ec89d796
4705,berlin_ec9cd3d0
4706,berlin_ecb97d82
4707,berlin_ecc0251c
4708,berlin_ecc6fa20
4709,berlin_ed076b28
4710,berlin_ed114e0b
4711,berlin_ed1e7079
4712,berlin_ed3460c1
4713,berlin_ed54c728
4714,berlin_ed6ba80c
4715,berlin_ed779b07
4716,berlin_edab4863
4717,berlin_edba5909
4718,berlin_edf0d387
4719,berlin_edfcea45
4720,berlin_ee033132
4721,berlin_ee1cb7e3
4722,berlin_ee1df0b7
4723,berlin_ee249393
4724,berlin_ee2a4bd5
4725,berlin_ee3a8028
4726,berlin_ee427198
4727,berlin_ee4f9370
4728,berlin_ee59f0be
4729,berlin_ee613634
4730,berlin_ee761fe7
4731,berlin_ee942c41
4732,berlin_ee953623
4733,berlin_ee9b7375
4734,berlin_eea02d50
4735,berlin_eeb50a9c
4736,berlin_eef77959
4737,berlin_eefcde7e
4738,berlin_ef0a04f9
4739,berlin_ef140e17
4740,berlin_ef1abf7e
4741,berlin_ef2bd2bf
4742,berlin_ef2bdcb0
4743,berlin_ef2bde72
4744,berlin_ef2fa474
4745,berlin_ef399fe6
4746,berlin_ef403f85
4747,berlin_ef5c09e5
4748,berlin_ef5e4d67
4749,berlin_ef629ad5
4750,berlin_ef6bcac6
4751,berlin_ef8e9d26
4752,berlin_ef9f6eab
4753,berlin_ef9fd7e0
4754,berlin_efb44c4e
4755,berlin_efcc8933
4756,berlin_efe6f931
4757,berlin_eff8aaa3
4758,berlin_f02345a9
4759,berlin_f04ba41e
4760,berlin_f067bb58
4761,berlin_f0835270
4762,berlin_f08abdfe
4763,berlin_f0924974
4764,berlin_f097d217
4765,berlin_f0af526e
4766,berlin_f0def737
4767,berlin_f0e22079
4768,berlin_f10b2ee4
4769,berlin_f10fa878
4770,berlin_f110cb85
4771,berlin_f1266be9
4772,berlin_f1390247
4773,berlin_f15b4c67
4774,berlin_f1786afd
4775,berlin_f1891d42
4776,berlin_f19fde20
4777,berlin_f1b31528
4778,berlin_f1b75efd
4779,berlin_f1c43d03
4780,berlin_f1ccabc1
4781,berlin_f1d5111f
4782,berlin_f1e5b360
4783,berlin_f1f14fea
4784,berlin_f1fa1431
4785,berlin_f1fd1b15
4786,berlin_f201776d
4787,berlin_f20b3cb5
4788,berlin_f220675e
4789,berlin_f22b312c
4790,berlin_f22c0836
4791,berlin_f237c622
4792,berlin_f2555b22
4793,berlin_f255a3d5
4794,berlin_f274b42d
4795,berlin_f29a5b42
4796,berlin_f2a05df9
4797,berlin_f2a2efda
4798,berlin_f2c89a87
4799,berlin_f2d460ec
4800,berlin_f2dc9c2b
4801,berlin_f2df28c5
4802,berlin_f2e086e8
4803,berlin_f2e9a4cf
4804,berlin_f2f62b83
4805,berlin_f30d5f5f
4806,berlin_f31699b4
4807,berlin_f32e4f7c
4808,berlin_f34cf9cb
4809,berlin_f35177b3
4810,berlin_f3581110
4811,berlin_f36182f3
4812,berlin_f364f29a
4813,berlin_f36f0863
4814,berlin_f3bb3105
4815,berlin_f3c1c277
4816,berlin_f3d6c144
4817,berlin_f3f12d25
4818,berlin_f3fd1ac3
4819,berlin_f4303c46
4820,berlin_f4540faf
4821,berlin_f48cc229
4822,berlin_f4a31c07
4823,berlin_f4a39979
4824,berlin_f4b7bf57
4825,berlin_f4baccc6
4826,berlin_f4bca075
4827,berlin_f4c92663
4828,berlin_f4d5d804
4829,berlin_f4e83d3b
4830,berlin_f4ee4921
4831,berlin_f519f9da
4832,berlin_f51fdedc
4833,berlin_f528b7ab
4834,berlin_f55c81e4
4835,berlin_f565b5f7
4836,berlin_f56ea192
4837,berlin_f581bf50
4838,berlin_f585a018
4839,berlin_f5a977cc
4840,berlin_f5bec7aa
4841,berlin_f5d188af
4842,berlin_f5d548dc
4843,berlin_f5dc19b7
4844,berlin_f5e3f7b4
4845,berlin_f5e79f81
4846,berlin_f5e9ce5e
4847,berlin_f5fdcc83
4848,berlin_f6521be3
4849,berlin_f652acc1
4850,berlin_f66995de
4851,berlin_f6714b8c
4852,berlin_f6891a4e
4853,berlin_f6998334
4854,berlin_f6cbc588
4855,berlin_f6ea798d
4856,berlin_f6f82e9a
4857,berlin_f6fd6486
4858,berlin_f707e7bc
4859,berlin_f715c23e
4860,berlin_f7306b52
4861,berlin_f7446c7d
4862,berlin_f753f5d6
4863,berlin_f7599edd
4864,berlin_f7638d46
4865,berlin_f76422eb
4866,berlin_f770adbf
4867,berlin_f7719c12
4868,berlin_f7732142
4869,berlin_f77b43cf
4870,berlin_f7800e49
4871,berlin_f785bab1
4872,berlin_f796850c
4873,berlin_f7a9fcf1
4874,berlin_f7bac53a
4875,berlin_f7bc641f
4876,berlin_f7bd8edc
4877,berlin_f7c9b82c
4878,berlin_f7e0b445
4879,berlin_f7e5ead3
4880,berlin_f7f64e43
4881,berlin_f7f7362b
4882,berlin_f7fc3688
4883,berlin_f7fea5a8
4884,berlin_f8006b0b
4885,berlin_f8208a6d
4886,berlin_f82585e5
4887,berlin_f82b33e0
4888,berlin_f84e6093
4889,berlin_f85646ac
4890,berlin_f85fcb2d
4891,berlin_f8727d1a
4892,berlin_f890c79b
4893,berlin_f89f93b1
4894,berlin_f8a054b3
4895,berlin_f8ae4807
4896,berlin_f8ae8cf7
4897,berlin_f8b03f80
4898,berlin_f8dd4e56
4899,berlin_f8df3583
4900,berlin_f8f9abea
4901,berlin_f920ad73
4902,berlin_f925d316
4903,berlin_f9452508
4904,berlin_f9896498
4905,berlin_f9952798
4906,berlin_f9ae4d22
4907,berlin_f9b710ab
4908,berlin_f9c23fc6
4909,berlin_f9cf337a
4910,berlin_f9e91642
4911,berlin_fa012659
4912,berlin_fa3496f1
4913,berlin_fa427302
4914,berlin_fa4cef3d
4915,berlin_fa6775c9
4916,berlin_fa6a4f1d
4917,berlin_fa725788
4918,berlin_fa7d2593
4919,berlin_fa7fc907
4920,berlin_fa858837
4921,berlin_fa9803c7
4922,berlin_fa99c7e2
4923,berlin_fa9ea26a
4924,berlin_fac0ba50
4925,berlin_fac986a7
4926,berlin_faf7ba72
4927,berlin_faf9ea23
4928,berlin_fb06bb57
4929,berlin_fb13f5dc
4930,berlin_fb2a83ea
4931,berlin_fb31f22c
4932,berlin_fb42fb4f
4933,berlin_fb440833
4934,berlin_fb4d2d45
4935,berlin_fb60ed47
4936,berlin_fb6c084f
4937,berlin_fb795be9
4938,berlin_fba4c905
4939,berlin_fbb4071f
4940,berlin_fbb43b68
4941,berlin_fbc2fd9e
4942,berlin_fbd3affe
4943,berlin_fc18efa0
4944,berlin_fc239313
4945,berlin_fc24c74a
4946,berlin_fc269efa
4947,berlin_fc322cf6
4948,berlin_fc6852e4
4949,berlin_fc839cd9
4950,berlin_fcb3d6cb
4951,berlin_fcc19d65
4952,berlin_fce579ec
4953,berlin_fcfbbea0
4954,berlin_fd038a3a
4955,berlin_fd0655d3
4956,berlin_fd0a4876
4957,berlin_fd0aecf7
4958,berlin_fd1362a2
4959,berlin_fd1a96b6
4960,berlin_fd414451
4961,berlin_fd454106
4962,berlin_fd497481
4963,berlin_fd55ba63
4964,berlin_fd5dc2d9
4965,berlin_fd69a4ef
4966,berlin_fd6e1c11
4967,berlin_fd73d1de
4968,berlin_fd7bcfae
4969,berlin_fd85bc5a
4970,berlin_fd91b672
4971,berlin_fd930e55
4972,berlin_fd97d666
4973,berlin_fda3ec09
4974,berlin_fda5f045
4975,berlin_fda6c0b3
4976,berlin_fdc4011c
4977,berlin_fdd0cd31
4978,berlin_fde3aa4b
4979,berlin_fdeae044
4980,berlin_fdf7ab17
4981,berlin_fdff0902
4982,berlin_fe0414bd
4983,berlin_fe11ee5f
4984,berlin_fe1fe1ea
4985,berlin_fe2c6db1
4986,berlin_fe367d94
4987,berlin_fe4aeaed
4988,berlin_fe5a81db
4989,berlin_fe6fbe28
4990,berlin_fe704c21
4991,berlin_fe7dba3f
4992,berlin_fe827628
4993,berlin_fe9238ea
4994,berlin_fe953542
4995,berlin_feb46c40
4996,berlin_feba05f2
4997,berlin_fedd930c
4998,berlin_feebebb1
4999,berlin_fefbecb5
5000,berlin_ff0952ce
5001,berlin_ff1a9155
5002,berlin_ff426bb8
5003,berlin_ff601b00
5004,berlin_ff604e7f
5005,berlin_ff91e133
5006,berlin_ff9724e2
5007,berlin_ff97bc7a
5008,berlin_ffaff12d
5009,berlin_ffb4d1c4
5010,berlin_ffcc1164
5011,berlin_fff153af
